# OBJ file generated by Context Generator
# City/Profile: New York City (Midtown Manhattan)
# Radius: 160.0m

g SiteParcel
v 39.7400 44.0500 0.0000
v 13.9100 -4.1300 0.0000
v 63.7200 -30.9100 0.0000
v 67.4600 -23.5700 0.0000
v 67.9500 -22.6400 0.0000
v 70.3400 -18.2600 0.0000
v 77.7600 -4.6100 0.0000
v 87.4200 -9.8200 0.0000
v 98.7600 11.2400 0.0000
v 101.9400 17.3200 0.0000
v 98.1300 19.3700 0.0000
v 70.3800 34.3300 0.0000
v 67.5600 29.0800 0.0000
v 39.7400 44.0500 0.0000
f 1 2 3
f 1 3 4
f 1 4 5
f 1 5 6
f 1 6 7
f 1 7 8
f 1 8 9
f 1 9 10
f 1 10 11
f 1 11 12
f 1 12 13
f 1 13 14

g ContextBuildings
v 67.5600 29.0800 0.0000
v 39.7400 44.0500 0.0000
v 43.3000 50.6400 0.0000
v 71.1100 35.6700 0.0000
v 70.3800 34.3300 0.0000
v 67.5600 29.0800 0.0000
v 67.5600 29.0800 15.8000
v 39.7400 44.0500 15.8000
v 43.3000 50.6400 15.8000
v 71.1100 35.6700 15.8000
v 70.3800 34.3300 15.8000
v 67.5600 29.0800 15.8000
f 15 16 22
f 15 22 21
f 16 17 23
f 16 23 22
f 17 18 24
f 17 24 23
f 18 19 25
f 18 25 24
f 19 20 26
f 19 26 25
f 20 15 21
f 20 21 26
f 21 22 23
f 21 23 24
f 21 24 25
f 21 25 26
v -19.1800 17.1100 0.0000
v -15.5200 29.6800 0.0000
v -13.1500 37.7800 0.0000
v -10.9500 38.8400 0.0000
v -8.7400 40.4800 0.0000
v -7.3700 42.0000 0.0000
v -6.3400 43.6100 0.0000
v -5.4100 45.9500 0.0000
v -5.0100 48.1200 0.0000
v -5.0300 50.5400 0.0000
v -5.5000 52.7400 0.0000
v -6.4400 54.8200 0.0000
v -7.5700 56.6400 0.0000
v -6.3200 61.2300 0.0000
v -2.4400 74.5300 0.0000
v -4.9200 76.2500 0.0000
v -69.7200 111.9200 0.0000
v -77.8100 116.3200 0.0000
v -84.5400 103.9400 0.0000
v -89.4700 106.6000 0.0000
v -96.7700 93.3500 0.0000
v -117.5900 104.9100 0.0000
v -119.2600 101.8800 0.0000
v -125.7000 90.1900 0.0000
v -114.7900 84.1100 0.0000
v -121.6500 71.7000 0.0000
v -99.1900 59.3000 0.0000
v -56.9800 36.0700 0.0000
v -27.6300 19.8900 0.0000
v -26.7700 21.4100 0.0000
v -19.1800 17.1100 0.0000
v -19.1800 17.1100 168.0000
v -15.5200 29.6800 168.0000
v -13.1500 37.7800 168.0000
v -10.9500 38.8400 168.0000
v -8.7400 40.4800 168.0000
v -7.3700 42.0000 168.0000
v -6.3400 43.6100 168.0000
v -5.4100 45.9500 168.0000
v -5.0100 48.1200 168.0000
v -5.0300 50.5400 168.0000
v -5.5000 52.7400 168.0000
v -6.4400 54.8200 168.0000
v -7.5700 56.6400 168.0000
v -6.3200 61.2300 168.0000
v -2.4400 74.5300 168.0000
v -4.9200 76.2500 168.0000
v -69.7200 111.9200 168.0000
v -77.8100 116.3200 168.0000
v -84.5400 103.9400 168.0000
v -89.4700 106.6000 168.0000
v -96.7700 93.3500 168.0000
v -117.5900 104.9100 168.0000
v -119.2600 101.8800 168.0000
v -125.7000 90.1900 168.0000
v -114.7900 84.1100 168.0000
v -121.6500 71.7000 168.0000
v -99.1900 59.3000 168.0000
v -56.9800 36.0700 168.0000
v -27.6300 19.8900 168.0000
v -26.7700 21.4100 168.0000
v -19.1800 17.1100 168.0000
f 27 28 59
f 27 59 58
f 28 29 60
f 28 60 59
f 29 30 61
f 29 61 60
f 30 31 62
f 30 62 61
f 31 32 63
f 31 63 62
f 32 33 64
f 32 64 63
f 33 34 65
f 33 65 64
f 34 35 66
f 34 66 65
f 35 36 67
f 35 67 66
f 36 37 68
f 36 68 67
f 37 38 69
f 37 69 68
f 38 39 70
f 38 70 69
f 39 40 71
f 39 71 70
f 40 41 72
f 40 72 71
f 41 42 73
f 41 73 72
f 42 43 74
f 42 74 73
f 43 44 75
f 43 75 74
f 44 45 76
f 44 76 75
f 45 46 77
f 45 77 76
f 46 47 78
f 46 78 77
f 47 48 79
f 47 79 78
f 48 49 80
f 48 80 79
f 49 50 81
f 49 81 80
f 50 51 82
f 50 82 81
f 51 52 83
f 51 83 82
f 52 53 84
f 52 84 83
f 53 54 85
f 53 85 84
f 54 55 86
f 54 86 85
f 55 56 87
f 55 87 86
f 56 57 88
f 56 88 87
f 57 27 58
f 57 58 88
f 58 59 60
f 58 60 61
f 58 61 62
f 58 62 63
f 58 63 64
f 58 64 65
f 58 65 66
f 58 66 67
f 58 67 68
f 58 68 69
f 58 69 70
f 58 70 71
f 58 71 72
f 58 72 73
f 58 73 74
f 58 74 75
f 58 75 76
f 58 76 77
f 58 77 78
f 58 78 79
f 58 79 80
f 58 80 81
f 58 81 82
f 58 82 83
f 58 83 84
f 58 84 85
f 58 85 86
f 58 86 87
f 58 87 88
v 60.5500 -85.9100 0.0000
v 59.5700 -85.3600 0.0000
v 51.2500 -80.7400 0.0000
v 45.1500 -91.8500 0.0000
v 43.0400 -95.6500 0.0000
v 39.0800 -102.7800 0.0000
v 37.6700 -105.2000 0.0000
v 36.5900 -107.1500 0.0000
v -8.0900 -82.0400 0.0000
v -9.2900 -70.3300 0.0000
v -8.3600 -67.6400 0.0000
v -3.2300 -52.9100 0.0000
v 4.6000 -30.4200 0.0000
v 8.1400 -20.2600 0.0000
v 24.6200 -29.7600 0.0000
v 75.4300 -59.0000 0.0000
v 60.5500 -85.9100 0.0000
v 60.5500 -85.9100 18.7000
v 59.5700 -85.3600 18.7000
v 51.2500 -80.7400 18.7000
v 45.1500 -91.8500 18.7000
v 43.0400 -95.6500 18.7000
v 39.0800 -102.7800 18.7000
v 37.6700 -105.2000 18.7000
v 36.5900 -107.1500 18.7000
v -8.0900 -82.0400 18.7000
v -9.2900 -70.3300 18.7000
v -8.3600 -67.6400 18.7000
v -3.2300 -52.9100 18.7000
v 4.6000 -30.4200 18.7000
v 8.1400 -20.2600 18.7000
v 24.6200 -29.7600 18.7000
v 75.4300 -59.0000 18.7000
v 60.5500 -85.9100 18.7000
f 89 90 107
f 89 107 106
f 90 91 108
f 90 108 107
f 91 92 109
f 91 109 108
f 92 93 110
f 92 110 109
f 93 94 111
f 93 111 110
f 94 95 112
f 94 112 111
f 95 96 113
f 95 113 112
f 96 97 114
f 96 114 113
f 97 98 115
f 97 115 114
f 98 99 116
f 98 116 115
f 99 100 117
f 99 117 116
f 100 101 118
f 100 118 117
f 101 102 119
f 101 119 118
f 102 103 120
f 102 120 119
f 103 104 121
f 103 121 120
f 104 105 122
f 104 122 121
f 105 89 106
f 105 106 122
f 106 107 108
f 106 108 109
f 106 109 110
f 106 110 111
f 106 111 112
f 106 112 113
f 106 113 114
f 106 114 115
f 106 115 116
f 106 116 117
f 106 117 118
f 106 118 119
f 106 119 120
f 106 120 121
f 106 121 122
v 91.4300 -11.9800 0.0000
v 100.9200 -17.1000 0.0000
v 99.4200 -19.8800 0.0000
v 86.8500 -43.3900 0.0000
v 75.4600 -37.1700 0.0000
v 63.7200 -30.9100 0.0000
v 67.4600 -23.5700 0.0000
v 67.9500 -22.6400 0.0000
v 70.2200 -23.8700 0.0000
v 72.5800 -19.4700 0.0000
v 70.3400 -18.2600 0.0000
v 77.7600 -4.6100 0.0000
v 87.4200 -9.8200 0.0000
v 98.7600 11.2400 0.0000
v 101.9400 17.3200 0.0000
v 105.9400 15.1600 0.0000
v 105.5600 14.4500 0.0000
v 92.1500 -10.6300 0.0000
v 91.4300 -11.9800 0.0000
v 91.4300 -11.9800 30.3000
v 100.9200 -17.1000 30.3000
v 99.4200 -19.8800 30.3000
v 86.8500 -43.3900 30.3000
v 75.4600 -37.1700 30.3000
v 63.7200 -30.9100 30.3000
v 67.4600 -23.5700 30.3000
v 67.9500 -22.6400 30.3000
v 70.2200 -23.8700 30.3000
v 72.5800 -19.4700 30.3000
v 70.3400 -18.2600 30.3000
v 77.7600 -4.6100 30.3000
v 87.4200 -9.8200 30.3000
v 98.7600 11.2400 30.3000
v 101.9400 17.3200 30.3000
v 105.9400 15.1600 30.3000
v 105.5600 14.4500 30.3000
v 92.1500 -10.6300 30.3000
v 91.4300 -11.9800 30.3000
f 123 124 143
f 123 143 142
f 124 125 144
f 124 144 143
f 125 126 145
f 125 145 144
f 126 127 146
f 126 146 145
f 127 128 147
f 127 147 146
f 128 129 148
f 128 148 147
f 129 130 149
f 129 149 148
f 130 131 150
f 130 150 149
f 131 132 151
f 131 151 150
f 132 133 152
f 132 152 151
f 133 134 153
f 133 153 152
f 134 135 154
f 134 154 153
f 135 136 155
f 135 155 154
f 136 137 156
f 136 156 155
f 137 138 157
f 137 157 156
f 138 139 158
f 138 158 157
f 139 140 159
f 139 159 158
f 140 141 160
f 140 160 159
f 141 123 142
f 141 142 160
f 142 143 144
f 142 144 145
f 142 145 146
f 142 146 147
f 142 147 148
f 142 148 149
f 142 149 150
f 142 150 151
f 142 151 152
f 142 152 153
f 142 153 154
f 142 154 155
f 142 155 156
f 142 156 157
f 142 157 158
f 142 158 159
f 142 159 160
v 52.1400 66.3100 0.0000
v 57.9400 76.9100 0.0000
v 79.7300 64.9900 0.0000
v 73.9400 54.3900 0.0000
v 52.1400 66.3100 0.0000
v 52.1400 66.3100 16.9000
v 57.9400 76.9100 16.9000
v 79.7300 64.9900 16.9000
v 73.9400 54.3900 16.9000
v 52.1400 66.3100 16.9000
f 161 162 167
f 161 167 166
f 162 163 168
f 162 168 167
f 163 164 169
f 163 169 168
f 164 165 170
f 164 170 169
f 165 161 166
f 165 166 170
f 166 167 168
f 166 168 169
f 166 169 170
v -133.1400 -13.1000 0.0000
v -130.7300 -8.7900 0.0000
v -127.9100 -10.3900 0.0000
v -123.9000 -3.2300 0.0000
v -126.6900 -1.6600 0.0000
v -128.4200 -0.6900 0.0000
v -125.7300 0.0400 0.0000
v -121.4000 1.2400 0.0000
v -109.1800 23.0400 0.0000
v -111.0600 26.0600 0.0000
v -113.0100 29.1700 0.0000
v -110.2200 27.5100 0.0000
v -104.6200 37.4800 0.0000
v -100.3000 35.0700 0.0000
v -101.5700 32.7900 0.0000
v -96.0800 29.7100 0.0000
v -94.2000 33.1600 0.0000
v -92.5200 27.7200 0.0000
v -69.2800 14.6900 0.0000
v -64.1600 18.1200 0.0000
v -62.1100 17.7200 0.0000
v -59.0400 16.0300 0.0000
v -29.9400 -0.0300 0.0000
v -32.3900 -11.3100 0.0000
v -26.7000 -12.9100 0.0000
v -49.4600 -54.6800 0.0000
v -56.5800 -48.7100 0.0000
v -59.0800 -53.3800 0.0000
v -55.8300 -55.3600 0.0000
v -56.3400 -56.5600 0.0000
v -59.8300 -54.7400 0.0000
v -87.5600 -40.0100 0.0000
v -93.9700 -36.6000 0.0000
v -98.2000 -34.2000 0.0000
v -95.9800 -29.3300 0.0000
v -117.8900 -17.0500 0.0000
v -123.4000 -20.6200 0.0000
v -122.5800 -19.0200 0.0000
v -133.1400 -13.1000 0.0000
v -133.1400 -13.1000 168.0000
v -130.7300 -8.7900 168.0000
v -127.9100 -10.3900 168.0000
v -123.9000 -3.2300 168.0000
v -126.6900 -1.6600 168.0000
v -128.4200 -0.6900 168.0000
v -125.7300 0.0400 168.0000
v -121.4000 1.2400 168.0000
v -109.1800 23.0400 168.0000
v -111.0600 26.0600 168.0000
v -113.0100 29.1700 168.0000
v -110.2200 27.5100 168.0000
v -104.6200 37.4800 168.0000
v -100.3000 35.0700 168.0000
v -101.5700 32.7900 168.0000
v -96.0800 29.7100 168.0000
v -94.2000 33.1600 168.0000
v -92.5200 27.7200 168.0000
v -69.2800 14.6900 168.0000
v -64.1600 18.1200 168.0000
v -62.1100 17.7200 168.0000
v -59.0400 16.0300 168.0000
v -29.9400 -0.0300 168.0000
v -32.3900 -11.3100 168.0000
v -26.7000 -12.9100 168.0000
v -49.4600 -54.6800 168.0000
v -56.5800 -48.7100 168.0000
v -59.0800 -53.3800 168.0000
v -55.8300 -55.3600 168.0000
v -56.3400 -56.5600 168.0000
v -59.8300 -54.7400 168.0000
v -87.5600 -40.0100 168.0000
v -93.9700 -36.6000 168.0000
v -98.2000 -34.2000 168.0000
v -95.9800 -29.3300 168.0000
v -117.8900 -17.0500 168.0000
v -123.4000 -20.6200 168.0000
v -122.5800 -19.0200 168.0000
v -133.1400 -13.1000 168.0000
f 171 172 211
f 171 211 210
f 172 173 212
f 172 212 211
f 173 174 213
f 173 213 212
f 174 175 214
f 174 214 213
f 175 176 215
f 175 215 214
f 176 177 216
f 176 216 215
f 177 178 217
f 177 217 216
f 178 179 218
f 178 218 217
f 179 180 219
f 179 219 218
f 180 181 220
f 180 220 219
f 181 182 221
f 181 221 220
f 182 183 222
f 182 222 221
f 183 184 223
f 183 223 222
f 184 185 224
f 184 224 223
f 185 186 225
f 185 225 224
f 186 187 226
f 186 226 225
f 187 188 227
f 187 227 226
f 188 189 228
f 188 228 227
f 189 190 229
f 189 229 228
f 190 191 230
f 190 230 229
f 191 192 231
f 191 231 230
f 192 193 232
f 192 232 231
f 193 194 233
f 193 233 232
f 194 195 234
f 194 234 233
f 195 196 235
f 195 235 234
f 196 197 236
f 196 236 235
f 197 198 237
f 197 237 236
f 198 199 238
f 198 238 237
f 199 200 239
f 199 239 238
f 200 201 240
f 200 240 239
f 201 202 241
f 201 241 240
f 202 203 242
f 202 242 241
f 203 204 243
f 203 243 242
f 204 205 244
f 204 244 243
f 205 206 245
f 205 245 244
f 206 207 246
f 206 246 245
f 207 208 247
f 207 247 246
f 208 209 248
f 208 248 247
f 209 171 210
f 209 210 248
f 210 211 212
f 210 212 213
f 210 213 214
f 210 214 215
f 210 215 216
f 210 216 217
f 210 217 218
f 210 218 219
f 210 219 220
f 210 220 221
f 210 221 222
f 210 222 223
f 210 223 224
f 210 224 225
f 210 225 226
f 210 226 227
f 210 227 228
f 210 228 229
f 210 229 230
f 210 230 231
f 210 231 232
f 210 232 233
f 210 233 234
f 210 234 235
f 210 235 236
f 210 236 237
f 210 237 238
f 210 238 239
f 210 239 240
f 210 240 241
f 210 241 242
f 210 242 243
f 210 243 244
f 210 244 245
f 210 245 246
f 210 246 247
f 210 247 248
v 103.2300 -9.1300 0.0000
v 101.1900 -8.0400 0.0000
v 98.0900 -13.8400 0.0000
v 92.1500 -10.6300 0.0000
v 105.5600 14.4500 0.0000
v 113.5500 10.1500 0.0000
v 103.2300 -9.1300 0.0000
v 103.2300 -9.1300 23.1000
v 101.1900 -8.0400 23.1000
v 98.0900 -13.8400 23.1000
v 92.1500 -10.6300 23.1000
v 105.5600 14.4500 23.1000
v 113.5500 10.1500 23.1000
v 103.2300 -9.1300 23.1000
f 249 250 257
f 249 257 256
f 250 251 258
f 250 258 257
f 251 252 259
f 251 259 258
f 252 253 260
f 252 260 259
f 253 254 261
f 253 261 260
f 254 255 262
f 254 262 261
f 255 249 256
f 255 256 262
f 256 257 258
f 256 258 259
f 256 259 260
f 256 260 261
f 256 261 262
v -58.2500 -84.5900 0.0000
v -60.1500 -88.0600 0.0000
v -58.2600 -89.1000 0.0000
v -56.3500 -85.6300 0.0000
v -58.2500 -84.5900 0.0000
v -58.2500 -84.5900 78.0000
v -60.1500 -88.0600 78.0000
v -58.2600 -89.1000 78.0000
v -56.3500 -85.6300 78.0000
v -58.2500 -84.5900 78.0000
f 263 264 269
f 263 269 268
f 264 265 270
f 264 270 269
f 265 266 271
f 265 271 270
f 266 267 272
f 266 272 271
f 267 263 268
f 267 268 272
f 268 269 270
f 268 270 271
f 268 271 272
v 3.0200 92.6600 0.0000
v -23.2400 108.2700 0.0000
v -16.4800 120.4400 0.0000
v 6.9600 107.3100 0.0000
v 3.0200 92.6600 0.0000
v 3.0200 92.6600 19.5000
v -23.2400 108.2700 19.5000
v -16.4800 120.4400 19.5000
v 6.9600 107.3100 19.5000
v 3.0200 92.6600 19.5000
f 273 274 279
f 273 279 278
f 274 275 280
f 274 280 279
f 275 276 281
f 275 281 280
f 276 277 282
f 276 282 281
f 277 273 278
f 277 278 282
f 278 279 280
f 278 280 281
f 278 281 282
v 8.9600 107.6700 0.0000
v 8.0600 104.1600 0.0000
v 10.3600 103.5600 0.0000
v 11.2700 107.0700 0.0000
v 8.9600 107.6700 0.0000
v 8.9600 107.6700 78.0000
v 8.0600 104.1600 78.0000
v 10.3600 103.5600 78.0000
v 11.2700 107.0700 78.0000
v 8.9600 107.6700 78.0000
f 283 284 289
f 283 289 288
f 284 285 290
f 284 290 289
f 285 286 291
f 285 291 290
f 286 287 292
f 286 292 291
f 287 283 288
f 287 288 292
f 288 289 290
f 288 290 291
f 288 291 292
v 104.8200 -15.5800 0.0000
v 100.9100 -13.4700 0.0000
v 103.2300 -9.1300 0.0000
v 113.5500 10.1500 0.0000
v 117.4600 8.0400 0.0000
v 106.2100 -12.9800 0.0000
v 104.8200 -15.5800 0.0000
v 104.8200 -15.5800 15.7000
v 100.9100 -13.4700 15.7000
v 103.2300 -9.1300 15.7000
v 113.5500 10.1500 15.7000
v 117.4600 8.0400 15.7000
v 106.2100 -12.9800 15.7000
v 104.8200 -15.5800 15.7000
f 293 294 301
f 293 301 300
f 294 295 302
f 294 302 301
f 295 296 303
f 295 303 302
f 296 297 304
f 296 304 303
f 297 298 305
f 297 305 304
f 298 299 306
f 298 306 305
f 299 293 300
f 299 300 306
f 300 301 302
f 300 302 303
f 300 303 304
f 300 304 305
f 300 305 306
v 74.5400 -93.6800 0.0000
v 73.2200 -92.9400 0.0000
v 60.5500 -85.9100 0.0000
v 75.4300 -59.0000 0.0000
v 85.6000 -64.6700 0.0000
v 89.4100 -66.7800 0.0000
v 74.5400 -93.6800 0.0000
v 74.5400 -93.6800 12.4000
v 73.2200 -92.9400 12.4000
v 60.5500 -85.9100 12.4000
v 75.4300 -59.0000 12.4000
v 85.6000 -64.6700 12.4000
v 89.4100 -66.7800 12.4000
v 74.5400 -93.6800 12.4000
f 307 308 315
f 307 315 314
f 308 309 316
f 308 316 315
f 309 310 317
f 309 317 316
f 310 311 318
f 310 318 317
f 311 312 319
f 311 319 318
f 312 313 320
f 312 320 319
f 313 307 314
f 313 314 320
f 314 315 316
f 314 316 317
f 314 317 318
f 314 318 319
f 314 319 320
v 99.4200 -19.8800 0.0000
v 118.0800 -29.9200 0.0000
v 116.2300 -33.3200 0.0000
v 108.0200 -48.3700 0.0000
v 107.5000 -49.3300 0.0000
v 106.9800 -50.2800 0.0000
v 106.4400 -51.2600 0.0000
v 104.9000 -54.1000 0.0000
v 86.5000 -44.0500 0.0000
v 86.8500 -43.3900 0.0000
v 99.4200 -19.8800 0.0000
v 99.4200 -19.8800 51.0000
v 118.0800 -29.9200 51.0000
v 116.2300 -33.3200 51.0000
v 108.0200 -48.3700 51.0000
v 107.5000 -49.3300 51.0000
v 106.9800 -50.2800 51.0000
v 106.4400 -51.2600 51.0000
v 104.9000 -54.1000 51.0000
v 86.5000 -44.0500 51.0000
v 86.8500 -43.3900 51.0000
v 99.4200 -19.8800 51.0000
f 321 322 333
f 321 333 332
f 322 323 334
f 322 334 333
f 323 324 335
f 323 335 334
f 324 325 336
f 324 336 335
f 325 326 337
f 325 337 336
f 326 327 338
f 326 338 337
f 327 328 339
f 327 339 338
f 328 329 340
f 328 340 339
f 329 330 341
f 329 341 340
f 330 331 342
f 330 342 341
f 331 321 332
f 331 332 342
f 332 333 334
f 332 334 335
f 332 335 336
f 332 336 337
f 332 337 338
f 332 338 339
f 332 339 340
f 332 340 341
f 332 341 342
v 115.0100 66.7000 0.0000
v 100.1800 39.8400 0.0000
v 73.9400 54.3900 0.0000
v 79.7300 64.9900 0.0000
v 57.9400 76.9100 0.0000
v 66.8800 93.4900 0.0000
v 67.3700 93.2100 0.0000
v 69.8200 91.7900 0.0000
v 71.5200 90.8100 0.0000
v 88.0700 81.6800 0.0000
v 100.2800 74.9000 0.0000
v 115.0100 66.7000 0.0000
v 115.0100 66.7000 57.3000
v 100.1800 39.8400 57.3000
v 73.9400 54.3900 57.3000
v 79.7300 64.9900 57.3000
v 57.9400 76.9100 57.3000
v 66.8800 93.4900 57.3000
v 67.3700 93.2100 57.3000
v 69.8200 91.7900 57.3000
v 71.5200 90.8100 57.3000
v 88.0700 81.6800 57.3000
v 100.2800 74.9000 57.3000
v 115.0100 66.7000 57.3000
f 343 344 356
f 343 356 355
f 344 345 357
f 344 357 356
f 345 346 358
f 345 358 357
f 346 347 359
f 346 359 358
f 347 348 360
f 347 360 359
f 348 349 361
f 348 361 360
f 349 350 362
f 349 362 361
f 350 351 363
f 350 363 362
f 351 352 364
f 351 364 363
f 352 353 365
f 352 365 364
f 353 354 366
f 353 366 365
f 354 343 355
f 354 355 366
f 355 356 357
f 355 357 358
f 355 358 359
f 355 359 360
f 355 360 361
f 355 361 362
f 355 362 363
f 355 363 364
f 355 364 365
f 355 365 366
v 110.3700 -15.2200 0.0000
v 106.2100 -12.9800 0.0000
v 117.4600 8.0400 0.0000
v 121.6100 5.8000 0.0000
v 110.3700 -15.2200 0.0000
v 110.3700 -15.2200 16.0000
v 106.2100 -12.9800 16.0000
v 117.4600 8.0400 16.0000
v 121.6100 5.8000 16.0000
v 110.3700 -15.2200 16.0000
f 367 368 373
f 367 373 372
f 368 369 374
f 368 374 373
f 369 370 375
f 369 375 374
f 370 371 376
f 370 376 375
f 371 367 372
f 371 372 376
f 372 373 374
f 372 374 375
f 372 375 376
v 6.9600 107.3100 0.0000
v -16.4800 120.4400 0.0000
v -12.9200 126.8500 0.0000
v 8.9200 114.6300 0.0000
v 6.9600 107.3100 0.0000
v 6.9600 107.3100 18.6000
v -16.4800 120.4400 18.6000
v -12.9200 126.8500 18.6000
v 8.9200 114.6300 18.6000
v 6.9600 107.3100 18.6000
f 377 378 383
f 377 383 382
f 378 379 384
f 378 384 383
f 379 380 385
f 379 385 384
f 380 381 386
f 380 386 385
f 381 377 382
f 381 382 386
f 382 383 384
f 382 384 385
f 382 385 386
v 112.7500 -19.8600 0.0000
v 108.9800 -17.8200 0.0000
v 110.3700 -15.2200 0.0000
v 121.6100 5.8000 0.0000
v 125.3900 3.7600 0.0000
v 112.7500 -19.8600 0.0000
v 112.7500 -19.8600 15.7000
v 108.9800 -17.8200 15.7000
v 110.3700 -15.2200 15.7000
v 121.6100 5.8000 15.7000
v 125.3900 3.7600 15.7000
v 112.7500 -19.8600 15.7000
f 387 388 394
f 387 394 393
f 388 389 395
f 388 395 394
f 389 390 396
f 389 396 395
f 390 391 397
f 390 397 396
f 391 392 398
f 391 398 397
f 392 387 393
f 392 393 398
f 393 394 395
f 393 395 396
f 393 396 397
f 393 397 398
v 82.1600 -97.9100 0.0000
v 80.2600 -101.3300 0.0000
v 69.9300 -119.9400 0.0000
v 68.5500 -122.4100 0.0000
v 67.5000 -124.3100 0.0000
v 57.1000 -118.4700 0.0000
v 45.7700 -112.2400 0.0000
v 36.5900 -107.1500 0.0000
v 37.6700 -105.2000 0.0000
v 39.0800 -102.7800 0.0000
v 43.0400 -95.6500 0.0000
v 45.1500 -91.8500 0.0000
v 51.2500 -80.7400 0.0000
v 59.5700 -85.3600 0.0000
v 60.5500 -85.9100 0.0000
v 73.2200 -92.9400 0.0000
v 74.5400 -93.6800 0.0000
v 82.1600 -97.9100 0.0000
v 82.1600 -97.9100 120.0000
v 80.2600 -101.3300 120.0000
v 69.9300 -119.9400 120.0000
v 68.5500 -122.4100 120.0000
v 67.5000 -124.3100 120.0000
v 57.1000 -118.4700 120.0000
v 45.7700 -112.2400 120.0000
v 36.5900 -107.1500 120.0000
v 37.6700 -105.2000 120.0000
v 39.0800 -102.7800 120.0000
v 43.0400 -95.6500 120.0000
v 45.1500 -91.8500 120.0000
v 51.2500 -80.7400 120.0000
v 59.5700 -85.3600 120.0000
v 60.5500 -85.9100 120.0000
v 73.2200 -92.9400 120.0000
v 74.5400 -93.6800 120.0000
v 82.1600 -97.9100 120.0000
f 399 400 418
f 399 418 417
f 400 401 419
f 400 419 418
f 401 402 420
f 401 420 419
f 402 403 421
f 402 421 420
f 403 404 422
f 403 422 421
f 404 405 423
f 404 423 422
f 405 406 424
f 405 424 423
f 406 407 425
f 406 425 424
f 407 408 426
f 407 426 425
f 408 409 427
f 408 427 426
f 409 410 428
f 409 428 427
f 410 411 429
f 410 429 428
f 411 412 430
f 411 430 429
f 412 413 431
f 412 431 430
f 413 414 432
f 413 432 431
f 414 415 433
f 414 433 432
f 415 416 434
f 415 434 433
f 416 399 417
f 416 417 434
f 417 418 419
f 417 419 420
f 417 420 421
f 417 421 422
f 417 422 423
f 417 423 424
f 417 424 425
f 417 425 426
f 417 426 427
f 417 427 428
f 417 428 429
f 417 429 430
f 417 430 431
f 417 431 432
f 417 432 433
f 417 433 434
v 105.8200 36.7000 0.0000
v 100.1800 39.8400 0.0000
v 115.0100 66.7000 0.0000
v 120.6500 63.5600 0.0000
v 105.8200 36.7000 0.0000
v 105.8200 36.7000 23.4000
v 100.1800 39.8400 23.4000
v 115.0100 66.7000 23.4000
v 120.6500 63.5600 23.4000
v 105.8200 36.7000 23.4000
f 435 436 441
f 435 441 440
f 436 437 442
f 436 442 441
f 437 438 443
f 437 443 442
f 438 439 444
f 438 444 443
f 439 435 440
f 439 440 444
f 440 441 442
f 440 442 443
f 440 443 444
v 117.0000 -22.1400 0.0000
v 112.7500 -19.8600 0.0000
v 125.3900 3.7600 0.0000
v 129.6400 1.4700 0.0000
v 129.1200 0.5200 0.0000
v 117.0000 -22.1400 0.0000
v 117.0000 -22.1400 15.1000
v 112.7500 -19.8600 15.1000
v 125.3900 3.7600 15.1000
v 129.6400 1.4700 15.1000
v 129.1200 0.5200 15.1000
v 117.0000 -22.1400 15.1000
f 445 446 452
f 445 452 451
f 446 447 453
f 446 453 452
f 447 448 454
f 447 454 453
f 448 449 455
f 448 455 454
f 449 450 456
f 449 456 455
f 450 445 451
f 450 451 456
f 451 452 453
f 451 453 454
f 451 454 455
f 451 455 456
v 120.8700 -24.2300 0.0000
v 117.0000 -22.1400 0.0000
v 129.1200 0.5200 0.0000
v 132.9900 -1.5600 0.0000
v 120.8700 -24.2300 0.0000
v 120.8700 -24.2300 15.6000
v 117.0000 -22.1400 15.6000
v 129.1200 0.5200 15.6000
v 132.9900 -1.5600 15.6000
v 120.8700 -24.2300 15.6000
f 457 458 463
f 457 463 462
f 458 459 464
f 458 464 463
f 459 460 465
f 459 465 464
f 460 461 466
f 460 466 465
f 461 457 462
f 461 462 466
f 462 463 464
f 462 464 465
f 462 465 466
v 8.9200 114.6300 0.0000
v -12.9200 126.8500 0.0000
v -8.5000 134.8100 0.0000
v -3.3700 144.0400 0.0000
v 14.1700 134.2200 0.0000
v 11.6000 124.6400 0.0000
v 8.9200 114.6300 0.0000
v 8.9200 114.6300 13.9000
v -12.9200 126.8500 13.9000
v -8.5000 134.8100 13.9000
v -3.3700 144.0400 13.9000
v 14.1700 134.2200 13.9000
v 11.6000 124.6400 13.9000
v 8.9200 114.6300 13.9000
f 467 468 475
f 467 475 474
f 468 469 476
f 468 476 475
f 469 470 477
f 469 477 476
f 470 471 478
f 470 478 477
f 471 472 479
f 471 479 478
f 472 473 480
f 472 480 479
f 473 467 474
f 473 474 480
f 474 475 476
f 474 476 477
f 474 477 478
f 474 478 479
f 474 479 480
v 123.5500 -29.5200 0.0000
v 119.2700 -27.2200 0.0000
v 120.8700 -24.2300 0.0000
v 132.9900 -1.5600 0.0000
v 133.5000 -0.6100 0.0000
v 137.7800 -2.9200 0.0000
v 123.5500 -29.5200 0.0000
v 123.5500 -29.5200 15.9000
v 119.2700 -27.2200 15.9000
v 120.8700 -24.2300 15.9000
v 132.9900 -1.5600 15.9000
v 133.5000 -0.6100 15.9000
v 137.7800 -2.9200 15.9000
v 123.5500 -29.5200 15.9000
f 481 482 489
f 481 489 488
f 482 483 490
f 482 490 489
f 483 484 491
f 483 491 490
f 484 485 492
f 484 492 491
f 485 486 493
f 485 493 492
f 486 487 494
f 486 494 493
f 487 481 488
f 487 488 494
f 488 489 490
f 488 490 491
f 488 491 492
f 488 492 493
f 488 493 494
v 118.9900 -28.2300 0.0000
v 143.9600 -41.8300 0.0000
v 141.1900 -46.9200 0.0000
v 133.0100 -61.9600 0.0000
v 132.4600 -62.9500 0.0000
v 131.9400 -63.9000 0.0000
v 131.4000 -64.8700 0.0000
v 129.8700 -67.7000 0.0000
v 104.9000 -54.1000 0.0000
v 106.4400 -51.2600 0.0000
v 106.9800 -50.2800 0.0000
v 107.5000 -49.3300 0.0000
v 108.0200 -48.3700 0.0000
v 116.2300 -33.3200 0.0000
v 118.0800 -29.9200 0.0000
v 118.9900 -28.2300 0.0000
v 118.9900 -28.2300 120.0000
v 143.9600 -41.8300 120.0000
v 141.1900 -46.9200 120.0000
v 133.0100 -61.9600 120.0000
v 132.4600 -62.9500 120.0000
v 131.9400 -63.9000 120.0000
v 131.4000 -64.8700 120.0000
v 129.8700 -67.7000 120.0000
v 104.9000 -54.1000 120.0000
v 106.4400 -51.2600 120.0000
v 106.9800 -50.2800 120.0000
v 107.5000 -49.3300 120.0000
v 108.0200 -48.3700 120.0000
v 116.2300 -33.3200 120.0000
v 118.0800 -29.9200 120.0000
v 118.9900 -28.2300 120.0000
f 495 496 512
f 495 512 511
f 496 497 513
f 496 513 512
f 497 498 514
f 497 514 513
f 498 499 515
f 498 515 514
f 499 500 516
f 499 516 515
f 500 501 517
f 500 517 516
f 501 502 518
f 501 518 517
f 502 503 519
f 502 519 518
f 503 504 520
f 503 520 519
f 504 505 521
f 504 521 520
f 505 506 522
f 505 522 521
f 506 507 523
f 506 523 522
f 507 508 524
f 507 524 523
f 508 509 525
f 508 525 524
f 509 510 526
f 509 526 525
f 510 495 511
f 510 511 526
f 511 512 513
f 511 513 514
f 511 514 515
f 511 515 516
f 511 516 517
f 511 517 518
f 511 518 519
f 511 519 520
f 511 520 521
f 511 521 522
f 511 522 523
f 511 523 524
f 511 524 525
f 511 525 526
v 14.5500 -115.9500 0.0000
v -19.4400 -97.2900 0.0000
v -22.5800 -97.1800 0.0000
v -40.0000 -156.3400 0.0000
v -7.5300 -174.5900 0.0000
v 3.4000 -155.2400 0.0000
v -4.7800 -150.6800 0.0000
v 14.5500 -115.9500 0.0000
v 14.5500 -115.9500 25.0000
v -19.4400 -97.2900 25.0000
v -22.5800 -97.1800 25.0000
v -40.0000 -156.3400 25.0000
v -7.5300 -174.5900 25.0000
v 3.4000 -155.2400 25.0000
v -4.7800 -150.6800 25.0000
v 14.5500 -115.9500 25.0000
f 527 528 536
f 527 536 535
f 528 529 537
f 528 537 536
f 529 530 538
f 529 538 537
f 530 531 539
f 530 539 538
f 531 532 540
f 531 540 539
f 532 533 541
f 532 541 540
f 533 534 542
f 533 542 541
f 534 527 535
f 534 535 542
f 535 536 537
f 535 537 538
f 535 538 539
f 535 539 540
f 535 540 541
f 535 541 542
v 133.5100 56.4100 0.0000
v 118.6700 29.5600 0.0000
v 105.8200 36.7000 0.0000
v 120.6500 63.5600 0.0000
v 129.9100 58.4100 0.0000
v 133.5100 56.4100 0.0000
v 133.5100 56.4100 54.7000
v 118.6700 29.5600 54.7000
v 105.8200 36.7000 54.7000
v 120.6500 63.5600 54.7000
v 129.9100 58.4100 54.7000
v 133.5100 56.4100 54.7000
f 543 544 550
f 543 550 549
f 544 545 551
f 544 551 550
f 545 546 552
f 545 552 551
f 546 547 553
f 546 553 552
f 547 548 554
f 547 554 553
f 548 543 549
f 548 549 554
f 549 550 551
f 549 551 552
f 549 552 553
f 549 553 554
v 124.3500 26.3900 0.0000
v 118.6700 29.5600 0.0000
v 133.5100 56.4100 0.0000
v 139.1800 53.2400 0.0000
v 124.3500 26.3900 0.0000
v 124.3500 26.3900 13.1000
v 118.6700 29.5600 13.1000
v 133.5100 56.4100 13.1000
v 139.1800 53.2400 13.1000
v 124.3500 26.3900 13.1000
f 555 556 561
f 555 561 560
f 556 557 562
f 556 562 561
f 557 558 563
f 557 563 562
f 558 559 564
f 558 564 563
f 559 555 560
f 559 560 564
f 560 561 562
f 560 562 563
f 560 563 564
v 127.7000 -31.7600 0.0000
v 123.5500 -29.5200 0.0000
v 137.7800 -2.9200 0.0000
v 140.0200 -4.0700 0.0000
v 141.9300 -5.1500 0.0000
v 127.7000 -31.7600 0.0000
v 127.7000 -31.7600 16.0000
v 123.5500 -29.5200 16.0000
v 137.7800 -2.9200 16.0000
v 140.0200 -4.0700 16.0000
v 141.9300 -5.1500 16.0000
v 127.7000 -31.7600 16.0000
f 565 566 572
f 565 572 571
f 566 567 573
f 566 573 572
f 567 568 574
f 567 574 573
f 568 569 575
f 568 575 574
f 569 570 576
f 569 576 575
f 570 565 571
f 570 571 576
f 571 572 573
f 571 573 574
f 571 574 575
f 571 575 576
v -8.5000 134.8100 0.0000
v -12.9200 126.8500 0.0000
v -16.4800 120.4400 0.0000
v -23.2400 108.2700 0.0000
v -23.4200 107.9400 0.0000
v -35.0800 114.3400 0.0000
v -57.8900 127.2300 0.0000
v -55.0000 132.4100 0.0000
v -57.5100 133.8100 0.0000
v -45.4700 155.4900 0.0000
v -41.7000 153.3900 0.0000
v -32.5000 148.2300 0.0000
v -8.5000 134.8100 0.0000
v -8.5000 134.8100 26.2000
v -12.9200 126.8500 26.2000
v -16.4800 120.4400 26.2000
v -23.2400 108.2700 26.2000
v -23.4200 107.9400 26.2000
v -35.0800 114.3400 26.2000
v -57.8900 127.2300 26.2000
v -55.0000 132.4100 26.2000
v -57.5100 133.8100 26.2000
v -45.4700 155.4900 26.2000
v -41.7000 153.3900 26.2000
v -32.5000 148.2300 26.2000
v -8.5000 134.8100 26.2000
f 577 578 591
f 577 591 590
f 578 579 592
f 578 592 591
f 579 580 593
f 579 593 592
f 580 581 594
f 580 594 593
f 581 582 595
f 581 595 594
f 582 583 596
f 582 596 595
f 583 584 597
f 583 597 596
f 584 585 598
f 584 598 597
f 585 586 599
f 585 599 598
f 586 587 600
f 586 600 599
f 587 588 601
f 587 601 600
f 588 589 602
f 588 602 601
f 589 577 590
f 589 590 602
f 590 591 592
f 590 592 593
f 590 593 594
f 590 594 595
f 590 595 596
f 590 596 597
f 590 597 598
f 590 598 599
f 590 599 600
f 590 600 601
f 590 601 602
v 97.1000 -106.2400 0.0000
v 94.0900 -104.5600 0.0000
v 79.4600 -131.0100 0.0000
v 73.2200 -127.5200 0.0000
v 67.5000 -124.3100 0.0000
v 68.5500 -122.4100 0.0000
v 69.9300 -119.9400 0.0000
v 80.2600 -101.3300 0.0000
v 82.1600 -97.9100 0.0000
v 74.5400 -93.6800 0.0000
v 89.4100 -66.7800 0.0000
v 111.2800 -78.9700 0.0000
v 99.2400 -100.7600 0.0000
v 99.9300 -101.1300 0.0000
v 98.6100 -103.5000 0.0000
v 97.1000 -106.2400 0.0000
v 97.1000 -106.2400 23.2000
v 94.0900 -104.5600 23.2000
v 79.4600 -131.0100 23.2000
v 73.2200 -127.5200 23.2000
v 67.5000 -124.3100 23.2000
v 68.5500 -122.4100 23.2000
v 69.9300 -119.9400 23.2000
v 80.2600 -101.3300 23.2000
v 82.1600 -97.9100 23.2000
v 74.5400 -93.6800 23.2000
v 89.4100 -66.7800 23.2000
v 111.2800 -78.9700 23.2000
v 99.2400 -100.7600 23.2000
v 99.9300 -101.1300 23.2000
v 98.6100 -103.5000 23.2000
v 97.1000 -106.2400 23.2000
f 603 604 620
f 603 620 619
f 604 605 621
f 604 621 620
f 605 606 622
f 605 622 621
f 606 607 623
f 606 623 622
f 607 608 624
f 607 624 623
f 608 609 625
f 608 625 624
f 609 610 626
f 609 626 625
f 610 611 627
f 610 627 626
f 611 612 628
f 611 628 627
f 612 613 629
f 612 629 628
f 613 614 630
f 613 630 629
f 614 615 631
f 614 631 630
f 615 616 632
f 615 632 631
f 616 617 633
f 616 633 632
f 617 618 634
f 617 634 633
f 618 603 619
f 618 619 634
f 619 620 621
f 619 621 622
f 619 622 623
f 619 623 624
f 619 624 625
f 619 625 626
f 619 626 627
f 619 627 628
f 619 628 629
f 619 629 630
f 619 630 631
f 619 631 632
f 619 632 633
f 619 633 634
v 93.5600 113.6200 0.0000
v 99.8700 110.1200 0.0000
v 124.4900 96.4100 0.0000
v 136.9400 89.4900 0.0000
v 136.0700 87.9100 0.0000
v 123.8100 65.7200 0.0000
v 101.9300 77.9000 0.0000
v 100.2800 74.9000 0.0000
v 88.0700 81.6800 0.0000
v 71.5200 90.8100 0.0000
v 69.8200 91.7900 0.0000
v 67.3700 93.2100 0.0000
v 76.8800 110.4400 0.0000
v 80.6200 120.0900 0.0000
v 93.6800 115.2000 0.0000
v 93.5600 113.6200 0.0000
v 93.5600 113.6200 168.0000
v 99.8700 110.1200 168.0000
v 124.4900 96.4100 168.0000
v 136.9400 89.4900 168.0000
v 136.0700 87.9100 168.0000
v 123.8100 65.7200 168.0000
v 101.9300 77.9000 168.0000
v 100.2800 74.9000 168.0000
v 88.0700 81.6800 168.0000
v 71.5200 90.8100 168.0000
v 69.8200 91.7900 168.0000
v 67.3700 93.2100 168.0000
v 76.8800 110.4400 168.0000
v 80.6200 120.0900 168.0000
v 93.6800 115.2000 168.0000
v 93.5600 113.6200 168.0000
f 635 636 652
f 635 652 651
f 636 637 653
f 636 653 652
f 637 638 654
f 637 654 653
f 638 639 655
f 638 655 654
f 639 640 656
f 639 656 655
f 640 641 657
f 640 657 656
f 641 642 658
f 641 658 657
f 642 643 659
f 642 659 658
f 643 644 660
f 643 660 659
f 644 645 661
f 644 661 660
f 645 646 662
f 645 662 661
f 646 647 663
f 646 663 662
f 647 648 664
f 647 664 663
f 648 649 665
f 648 665 664
f 649 650 666
f 649 666 665
f 650 635 651
f 650 651 666
f 651 652 653
f 651 653 654
f 651 654 655
f 651 655 656
f 651 656 657
f 651 657 658
f 651 658 659
f 651 659 660
f 651 660 661
f 651 661 662
f 651 662 663
f 651 663 664
f 651 664 665
f 651 665 666
v 57.0800 132.5700 0.0000
v 50.1600 136.4800 0.0000
v 44.2400 139.8300 0.0000
v 39.5400 122.0200 0.0000
v 43.9100 119.5500 0.0000
v 48.6500 116.9200 0.0000
v 57.0800 132.5700 0.0000
v 57.0800 132.5700 5.0000
v 50.1600 136.4800 5.0000
v 44.2400 139.8300 5.0000
v 39.5400 122.0200 5.0000
v 43.9100 119.5500 5.0000
v 48.6500 116.9200 5.0000
v 57.0800 132.5700 5.0000
f 667 668 675
f 667 675 674
f 668 669 676
f 668 676 675
f 669 670 677
f 669 677 676
f 670 671 678
f 670 678 677
f 671 672 679
f 671 679 678
f 672 673 680
f 672 680 679
f 673 667 674
f 673 674 680
f 674 675 676
f 674 676 677
f 674 677 678
f 674 678 679
f 674 679 680
v 4.9500 -153.0500 0.0000
v -1.5000 -149.5000 0.0000
v 16.2400 -116.9700 0.0000
v 22.6800 -120.5300 0.0000
v 16.9800 -130.9800 0.0000
v 4.9500 -153.0500 0.0000
v 4.9500 -153.0500 16.7000
v -1.5000 -149.5000 16.7000
v 16.2400 -116.9700 16.7000
v 22.6800 -120.5300 16.7000
v 16.9800 -130.9800 16.7000
v 4.9500 -153.0500 16.7000
f 681 682 688
f 681 688 687
f 682 683 689
f 682 689 688
f 683 684 690
f 683 690 689
f 684 685 691
f 684 691 690
f 685 686 692
f 685 692 691
f 686 681 687
f 686 687 692
f 687 688 689
f 687 689 690
f 687 690 691
f 687 691 692
v 135.4200 26.1900 0.0000
v 138.6400 24.2700 0.0000
v 136.9000 21.6900 0.0000
v 133.7600 23.7100 0.0000
v 135.4200 26.1900 0.0000
v 135.4200 26.1900 78.0000
v 138.6400 24.2700 78.0000
v 136.9000 21.6900 78.0000
v 133.7600 23.7100 78.0000
v 135.4200 26.1900 78.0000
f 693 694 699
f 693 699 698
f 694 695 700
f 694 700 699
f 695 696 701
f 695 701 700
f 696 697 702
f 696 702 701
f 697 693 698
f 697 698 702
f 698 699 700
f 698 700 701
f 698 701 702
v -139.5200 -88.5100 0.0000
v -136.7400 -90.0600 0.0000
v -125.9000 -70.3800 0.0000
v -122.0800 -65.9800 0.0000
v -119.4800 -60.8100 0.0000
v -116.5300 -56.7300 0.0000
v -120.7400 -54.3900 0.0000
v -115.8800 -45.5600 0.0000
v -115.0000 -43.9500 0.0000
v -85.7500 -60.2600 0.0000
v -60.1400 -74.3700 0.0000
v -80.5400 -111.4400 0.0000
v -86.4700 -122.2600 0.0000
v -89.6700 -128.0300 0.0000
v -108.4500 -117.6100 0.0000
v -144.5300 -97.5900 0.0000
v -139.5200 -88.5100 0.0000
v -139.5200 -88.5100 168.0000
v -136.7400 -90.0600 168.0000
v -125.9000 -70.3800 168.0000
v -122.0800 -65.9800 168.0000
v -119.4800 -60.8100 168.0000
v -116.5300 -56.7300 168.0000
v -120.7400 -54.3900 168.0000
v -115.8800 -45.5600 168.0000
v -115.0000 -43.9500 168.0000
v -85.7500 -60.2600 168.0000
v -60.1400 -74.3700 168.0000
v -80.5400 -111.4400 168.0000
v -86.4700 -122.2600 168.0000
v -89.6700 -128.0300 168.0000
v -108.4500 -117.6100 168.0000
v -144.5300 -97.5900 168.0000
v -139.5200 -88.5100 168.0000
f 703 704 721
f 703 721 720
f 704 705 722
f 704 722 721
f 705 706 723
f 705 723 722
f 706 707 724
f 706 724 723
f 707 708 725
f 707 725 724
f 708 709 726
f 708 726 725
f 709 710 727
f 709 727 726
f 710 711 728
f 710 728 727
f 711 712 729
f 711 729 728
f 712 713 730
f 712 730 729
f 713 714 731
f 713 731 730
f 714 715 732
f 714 732 731
f 715 716 733
f 715 733 732
f 716 717 734
f 716 734 733
f 717 718 735
f 717 735 734
f 718 719 736
f 718 736 735
f 719 703 720
f 719 720 736
f 720 721 722
f 720 722 723
f 720 723 724
f 720 724 725
f 720 725 726
f 720 726 727
f 720 727 728
f 720 728 729
f 720 729 730
f 720 730 731
f 720 731 732
f 720 732 733
f 720 733 734
f 720 734 735
f 720 735 736
v 12.5400 -153.5700 0.0000
v 8.2200 -151.1900 0.0000
v 18.7200 -131.9400 0.0000
v 16.9800 -130.9800 0.0000
v 22.6800 -120.5300 0.0000
v 28.7400 -123.8500 0.0000
v 12.5400 -153.5700 0.0000
v 12.5400 -153.5700 40.9000
v 8.2200 -151.1900 40.9000
v 18.7200 -131.9400 40.9000
v 16.9800 -130.9800 40.9000
v 22.6800 -120.5300 40.9000
v 28.7400 -123.8500 40.9000
v 12.5400 -153.5700 40.9000
f 737 738 745
f 737 745 744
f 738 739 746
f 738 746 745
f 739 740 747
f 739 747 746
f 740 741 748
f 740 748 747
f 741 742 749
f 741 749 748
f 742 743 750
f 742 750 749
f 743 737 744
f 743 744 750
f 744 745 746
f 744 746 747
f 744 747 748
f 744 748 749
f 744 749 750
v -155.7000 37.8800 0.0000
v -144.2300 58.6500 0.0000
v -140.6400 56.6500 0.0000
v -138.7300 60.1200 0.0000
v -114.2200 46.4900 0.0000
v -113.5100 45.3400 0.0000
v -113.0700 43.9800 0.0000
v -115.9300 39.0600 0.0000
v -125.6600 21.1700 0.0000
v -155.7000 37.8800 0.0000
v -155.7000 37.8800 21.0000
v -144.2300 58.6500 21.0000
v -140.6400 56.6500 21.0000
v -138.7300 60.1200 21.0000
v -114.2200 46.4900 21.0000
v -113.5100 45.3400 21.0000
v -113.0700 43.9800 21.0000
v -115.9300 39.0600 21.0000
v -125.6600 21.1700 21.0000
v -155.7000 37.8800 21.0000
f 751 752 762
f 751 762 761
f 752 753 763
f 752 763 762
f 753 754 764
f 753 764 763
f 754 755 765
f 754 765 764
f 755 756 766
f 755 766 765
f 756 757 767
f 756 767 766
f 757 758 768
f 757 768 767
f 758 759 769
f 758 769 768
f 759 760 770
f 759 770 769
f 760 751 761
f 760 761 770
f 761 762 763
f 761 763 764
f 761 764 765
f 761 765 766
f 761 766 767
f 761 767 768
f 761 768 769
f 761 769 770
v -58.6700 -123.2300 0.0000
v -63.2000 -134.1100 0.0000
v -59.8900 -135.4800 0.0000
v -55.3700 -124.6000 0.0000
v -56.9300 -123.9500 0.0000
v -58.6700 -123.2300 0.0000
v -58.6700 -123.2300 5.5000
v -63.2000 -134.1100 5.5000
v -59.8900 -135.4800 5.5000
v -55.3700 -124.6000 5.5000
v -56.9300 -123.9500 5.5000
v -58.6700 -123.2300 5.5000
f 771 772 778
f 771 778 777
f 772 773 779
f 772 779 778
f 773 774 780
f 773 780 779
f 774 775 781
f 774 781 780
f 775 776 782
f 775 782 781
f 776 771 777
f 776 777 782
f 777 778 779
f 777 779 780
f 777 780 781
f 777 781 782
v 14.1700 134.2200 0.0000
v -3.3700 144.0400 0.0000
v -0.1600 149.8100 0.0000
v 15.9300 140.8100 0.0000
v 14.1700 134.2200 0.0000
v 14.1700 134.2200 14.6000
v -3.3700 144.0400 14.6000
v -0.1600 149.8100 14.6000
v 15.9300 140.8100 14.6000
v 14.1700 134.2200 14.6000
f 783 784 789
f 783 789 788
f 784 785 790
f 784 790 789
f 785 786 791
f 785 791 790
f 786 787 792
f 786 792 791
f 787 783 788
f 787 788 792
f 788 789 790
f 788 790 791
f 788 791 792
v -80.5400 -111.4400 0.0000
v -76.3000 -113.7700 0.0000
v -82.2300 -124.5900 0.0000
v -86.4700 -122.2600 0.0000
v -80.5400 -111.4400 0.0000
v -80.5400 -111.4400 3.0000
v -76.3000 -113.7700 3.0000
v -82.2300 -124.5900 3.0000
v -86.4700 -122.2600 3.0000
v -80.5400 -111.4400 3.0000
f 793 794 799
f 793 799 798
f 794 795 800
f 794 800 799
f 795 796 801
f 795 801 800
f 796 797 802
f 796 802 801
f 797 793 798
f 797 798 802
f 798 799 800
f 798 800 801
f 798 801 802
v -38.9600 -135.5300 0.0000
v -40.1400 -139.5400 0.0000
v -38.2100 -140.1100 0.0000
v -37.0300 -136.1000 0.0000
v -38.9600 -135.5300 0.0000
v -38.9600 -135.5300 78.0000
v -40.1400 -139.5400 78.0000
v -38.2100 -140.1100 78.0000
v -37.0300 -136.1000 78.0000
v -38.9600 -135.5300 78.0000
f 803 804 809
f 803 809 808
f 804 805 810
f 804 810 809
f 805 806 811
f 805 811 810
f 806 807 812
f 806 812 811
f 807 803 808
f 807 808 812
f 808 809 810
f 808 810 811
f 808 811 812
v 127.4100 -32.3000 0.0000
v 127.7000 -31.7600 0.0000
v 141.9300 -5.1500 0.0000
v 153.5700 -11.3800 0.0000
v 162.9700 -16.5000 0.0000
v 148.4500 -43.6500 0.0000
v 144.1400 -41.3300 0.0000
v 127.4100 -32.3000 0.0000
v 127.4100 -32.3000 65.8000
v 127.7000 -31.7600 65.8000
v 141.9300 -5.1500 65.8000
v 153.5700 -11.3800 65.8000
v 162.9700 -16.5000 65.8000
v 148.4500 -43.6500 65.8000
v 144.1400 -41.3300 65.8000
v 127.4100 -32.3000 65.8000
f 813 814 822
f 813 822 821
f 814 815 823
f 814 823 822
f 815 816 824
f 815 824 823
f 816 817 825
f 816 825 824
f 817 818 826
f 817 826 825
f 818 819 827
f 818 827 826
f 819 820 828
f 819 828 827
f 820 813 821
f 820 821 828
f 821 822 823
f 821 823 824
f 821 824 825
f 821 825 826
f 821 826 827
f 821 827 828
v 107.0200 -108.1800 0.0000
v 98.6100 -103.5000 0.0000
v 99.9300 -101.1300 0.0000
v 101.8600 -97.6400 0.0000
v 103.2500 -97.4300 0.0000
v 109.1700 -86.7100 0.0000
v 108.6700 -85.3200 0.0000
v 111.9700 -79.3600 0.0000
v 120.4400 -84.0800 0.0000
v 118.5600 -87.4300 0.0000
v 117.2300 -89.8500 0.0000
v 116.0900 -91.8900 0.0000
v 108.0100 -106.4200 0.0000
v 107.0200 -108.1800 0.0000
v 107.0200 -108.1800 35.1000
v 98.6100 -103.5000 35.1000
v 99.9300 -101.1300 35.1000
v 101.8600 -97.6400 35.1000
v 103.2500 -97.4300 35.1000
v 109.1700 -86.7100 35.1000
v 108.6700 -85.3200 35.1000
v 111.9700 -79.3600 35.1000
v 120.4400 -84.0800 35.1000
v 118.5600 -87.4300 35.1000
v 117.2300 -89.8500 35.1000
v 116.0900 -91.8900 35.1000
v 108.0100 -106.4200 35.1000
v 107.0200 -108.1800 35.1000
f 829 830 844
f 829 844 843
f 830 831 845
f 830 845 844
f 831 832 846
f 831 846 845
f 832 833 847
f 832 847 846
f 833 834 848
f 833 848 847
f 834 835 849
f 834 849 848
f 835 836 850
f 835 850 849
f 836 837 851
f 836 851 850
f 837 838 852
f 837 852 851
f 838 839 853
f 838 853 852
f 839 840 854
f 839 854 853
f 840 841 855
f 840 855 854
f 841 842 856
f 841 856 855
f 842 829 843
f 842 843 856
f 843 844 845
f 843 845 846
f 843 846 847
f 843 847 848
f 843 848 849
f 843 849 850
f 843 850 851
f 843 851 852
f 843 852 853
f 843 853 854
f 843 854 855
f 843 855 856
v 144.0400 50.5400 0.0000
v 129.2100 23.6900 0.0000
v 124.3500 26.3900 0.0000
v 139.1800 53.2400 0.0000
v 140.6100 52.4500 0.0000
v 143.5700 50.8100 0.0000
v 144.0400 50.5400 0.0000
v 144.0400 50.5400 13.1000
v 129.2100 23.6900 13.1000
v 124.3500 26.3900 13.1000
v 139.1800 53.2400 13.1000
v 140.6100 52.4500 13.1000
v 143.5700 50.8100 13.1000
v 144.0400 50.5400 13.1000
f 857 858 865
f 857 865 864
f 858 859 866
f 858 866 865
f 859 860 867
f 859 867 866
f 860 861 868
f 860 868 867
f 861 862 869
f 861 869 868
f 862 863 870
f 862 870 869
f 863 857 864
f 863 864 870
f 864 865 866
f 864 866 867
f 864 867 868
f 864 868 869
f 864 869 870
v 23.4100 -159.5400 0.0000
v 12.5400 -153.5700 0.0000
v 28.7400 -123.8500 0.0000
v 39.6200 -129.8500 0.0000
v 23.4100 -159.5400 0.0000
v 23.4100 -159.5400 16.3000
v 12.5400 -153.5700 16.3000
v 28.7400 -123.8500 16.3000
v 39.6200 -129.8500 16.3000
v 23.4100 -159.5400 16.3000
f 871 872 877
f 871 877 876
f 872 873 878
f 872 878 877
f 873 874 879
f 873 879 878
f 874 875 880
f 874 880 879
f 875 871 876
f 875 876 880
f 876 877 878
f 876 878 879
f 876 879 880
v -0.1600 149.8100 0.0000
v -3.3700 144.0400 0.0000
v -8.5000 134.8100 0.0000
v -32.5000 148.2300 0.0000
v -17.9000 174.5000 0.0000
v 19.3700 153.6400 0.0000
v 15.9300 140.8100 0.0000
v -0.1600 149.8100 0.0000
v -0.1600 149.8100 160.6000
v -3.3700 144.0400 160.6000
v -8.5000 134.8100 160.6000
v -32.5000 148.2300 160.6000
v -17.9000 174.5000 160.6000
v 19.3700 153.6400 160.6000
v 15.9300 140.8100 160.6000
v -0.1600 149.8100 160.6000
f 881 882 890
f 881 890 889
f 882 883 891
f 882 891 890
f 883 884 892
f 883 892 891
f 884 885 893
f 884 893 892
f 885 886 894
f 885 894 893
f 886 887 895
f 886 895 894
f 887 888 896
f 887 896 895
f 888 881 889
f 888 889 896
f 889 890 891
f 889 891 892
f 889 892 893
f 889 893 894
f 889 894 895
f 889 895 896
v -140.7600 -6.1400 0.0000
v -141.8700 -6.9800 0.0000
v -143.9400 -6.8400 0.0000
v -168.2400 6.6900 0.0000
v -166.9300 9.0500 0.0000
v -170.5200 11.0500 0.0000
v -157.1000 35.3400 0.0000
v -155.7000 37.8800 0.0000
v -125.6600 21.1700 0.0000
v -138.5800 -2.0700 0.0000
v -140.7600 -6.1400 0.0000
v -140.7600 -6.1400 21.9000
v -141.8700 -6.9800 21.9000
v -143.9400 -6.8400 21.9000
v -168.2400 6.6900 21.9000
v -166.9300 9.0500 21.9000
v -170.5200 11.0500 21.9000
v -157.1000 35.3400 21.9000
v -155.7000 37.8800 21.9000
v -125.6600 21.1700 21.9000
v -138.5800 -2.0700 21.9000
v -140.7600 -6.1400 21.9000
f 897 898 909
f 897 909 908
f 898 899 910
f 898 910 909
f 899 900 911
f 899 911 910
f 900 901 912
f 900 912 911
f 901 902 913
f 901 913 912
f 902 903 914
f 902 914 913
f 903 904 915
f 903 915 914
f 904 905 916
f 904 916 915
f 905 906 917
f 905 917 916
f 906 907 918
f 906 918 917
f 907 897 908
f 907 908 918
f 908 909 910
f 908 910 911
f 908 911 912
f 908 912 913
f 908 913 914
f 908 914 915
f 908 915 916
f 908 916 917
f 908 917 918
v 145.2300 53.8000 0.0000
v 142.2700 55.4500 0.0000
v 140.6100 52.4500 0.0000
v 139.1800 53.2400 0.0000
v 133.5100 56.4100 0.0000
v 129.9100 58.4100 0.0000
v 131.5700 61.4000 0.0000
v 126.6000 64.1800 0.0000
v 138.8900 86.4200 0.0000
v 157.5200 76.0400 0.0000
v 145.2300 53.8000 0.0000
v 145.2300 53.8000 46.6000
v 142.2700 55.4500 46.6000
v 140.6100 52.4500 46.6000
v 139.1800 53.2400 46.6000
v 133.5100 56.4100 46.6000
v 129.9100 58.4100 46.6000
v 131.5700 61.4000 46.6000
v 126.6000 64.1800 46.6000
v 138.8900 86.4200 46.6000
v 157.5200 76.0400 46.6000
v 145.2300 53.8000 46.6000
f 919 920 931
f 919 931 930
f 920 921 932
f 920 932 931
f 921 922 933
f 921 933 932
f 922 923 934
f 922 934 933
f 923 924 935
f 923 935 934
f 924 925 936
f 924 936 935
f 925 926 937
f 925 937 936
f 926 927 938
f 926 938 937
f 927 928 939
f 927 939 938
f 928 929 940
f 928 940 939
f 929 919 930
f 929 930 940
f 930 931 932
f 930 932 933
f 930 933 934
f 930 934 935
f 930 935 936
f 930 936 937
f 930 937 938
f 930 938 939
f 930 939 940
v 145.3900 -76.1500 0.0000
v 139.7500 -73.1400 0.0000
v 129.8700 -67.7000 0.0000
v 131.4000 -64.8700 0.0000
v 131.9400 -63.9000 0.0000
v 132.4600 -62.9500 0.0000
v 133.0100 -61.9600 0.0000
v 141.1900 -46.9200 0.0000
v 156.6900 -55.0600 0.0000
v 145.3900 -76.1500 0.0000
v 145.3900 -76.1500 51.5000
v 139.7500 -73.1400 51.5000
v 129.8700 -67.7000 51.5000
v 131.4000 -64.8700 51.5000
v 131.9400 -63.9000 51.5000
v 132.4600 -62.9500 51.5000
v 133.0100 -61.9600 51.5000
v 141.1900 -46.9200 51.5000
v 156.6900 -55.0600 51.5000
v 145.3900 -76.1500 51.5000
f 941 942 952
f 941 952 951
f 942 943 953
f 942 953 952
f 943 944 954
f 943 954 953
f 944 945 955
f 944 955 954
f 945 946 956
f 945 956 955
f 946 947 957
f 946 957 956
f 947 948 958
f 947 958 957
f 948 949 959
f 948 959 958
f 949 950 960
f 949 960 959
f 950 941 951
f 950 951 960
f 951 952 953
f 951 953 954
f 951 954 955
f 951 955 956
f 951 956 957
f 951 957 958
f 951 958 959
f 951 959 960
v -96.7700 93.3500 0.0000
v -117.5900 104.9100 0.0000
v -127.7600 110.5700 0.0000
v -112.7100 137.9100 0.0000
v -110.8700 136.9000 0.0000
v -106.5300 134.5100 0.0000
v -87.8500 124.2200 0.0000
v -81.8800 120.6000 0.0000
v -82.6900 118.9400 0.0000
v -89.4700 106.6000 0.0000
v -96.7700 93.3500 0.0000
v -96.7700 93.3500 22.3000
v -117.5900 104.9100 22.3000
v -127.7600 110.5700 22.3000
v -112.7100 137.9100 22.3000
v -110.8700 136.9000 22.3000
v -106.5300 134.5100 22.3000
v -87.8500 124.2200 22.3000
v -81.8800 120.6000 22.3000
v -82.6900 118.9400 22.3000
v -89.4700 106.6000 22.3000
v -96.7700 93.3500 22.3000
f 961 962 973
f 961 973 972
f 962 963 974
f 962 974 973
f 963 964 975
f 963 975 974
f 964 965 976
f 964 976 975
f 965 966 977
f 965 977 976
f 966 967 978
f 966 978 977
f 967 968 979
f 967 979 978
f 968 969 980
f 968 980 979
f 969 970 981
f 969 981 980
f 970 971 982
f 970 982 981
f 971 961 972
f 971 972 982
f 972 973 974
f 972 974 975
f 972 975 976
f 972 976 977
f 972 977 978
f 972 978 979
f 972 979 980
f 972 980 981
f 972 981 982
v -120.7400 -54.3900 0.0000
v -116.5300 -56.7300 0.0000
v -119.4800 -60.8100 0.0000
v -122.0800 -65.9800 0.0000
v -125.9000 -70.3800 0.0000
v -136.7400 -90.0600 0.0000
v -139.5200 -88.5100 0.0000
v -144.5300 -97.5900 0.0000
v -228.7500 -50.8800 0.0000
v -213.9800 -24.0600 0.0000
v -194.1300 -35.0700 0.0000
v -176.5900 -44.7900 0.0000
v -162.7200 -19.5800 0.0000
v -149.1900 -27.1000 0.0000
v -148.3000 -25.4700 0.0000
v -131.9000 -34.5600 0.0000
v -132.7900 -36.1900 0.0000
v -115.8800 -45.5600 0.0000
v -120.7400 -54.3900 0.0000
v -120.7400 -54.3900 81.0000
v -116.5300 -56.7300 81.0000
v -119.4800 -60.8100 81.0000
v -122.0800 -65.9800 81.0000
v -125.9000 -70.3800 81.0000
v -136.7400 -90.0600 81.0000
v -139.5200 -88.5100 81.0000
v -144.5300 -97.5900 81.0000
v -228.7500 -50.8800 81.0000
v -213.9800 -24.0600 81.0000
v -194.1300 -35.0700 81.0000
v -176.5900 -44.7900 81.0000
v -162.7200 -19.5800 81.0000
v -149.1900 -27.1000 81.0000
v -148.3000 -25.4700 81.0000
v -131.9000 -34.5600 81.0000
v -132.7900 -36.1900 81.0000
v -115.8800 -45.5600 81.0000
v -120.7400 -54.3900 81.0000
f 983 984 1003
f 983 1003 1002
f 984 985 1004
f 984 1004 1003
f 985 986 1005
f 985 1005 1004
f 986 987 1006
f 986 1006 1005
f 987 988 1007
f 987 1007 1006
f 988 989 1008
f 988 1008 1007
f 989 990 1009
f 989 1009 1008
f 990 991 1010
f 990 1010 1009
f 991 992 1011
f 991 1011 1010
f 992 993 1012
f 992 1012 1011
f 993 994 1013
f 993 1013 1012
f 994 995 1014
f 994 1014 1013
f 995 996 1015
f 995 1015 1014
f 996 997 1016
f 996 1016 1015
f 997 998 1017
f 997 1017 1016
f 998 999 1018
f 998 1018 1017
f 999 1000 1019
f 999 1019 1018
f 1000 1001 1020
f 1000 1020 1019
f 1001 983 1002
f 1001 1002 1020
f 1002 1003 1004
f 1002 1004 1005
f 1002 1005 1006
f 1002 1006 1007
f 1002 1007 1008
f 1002 1008 1009
f 1002 1009 1010
f 1002 1010 1011
f 1002 1011 1012
f 1002 1012 1013
f 1002 1013 1014
f 1002 1014 1015
f 1002 1015 1016
f 1002 1016 1017
f 1002 1017 1018
f 1002 1018 1019
f 1002 1019 1020
v -45.4700 155.4900 0.0000
v -57.5100 133.8100 0.0000
v -60.3900 128.6300 0.0000
v -73.5900 136.0200 0.0000
v -69.8300 142.8600 0.0000
v -58.7300 163.0500 0.0000
v -45.4700 155.4900 0.0000
v -45.4700 155.4900 63.2000
v -57.5100 133.8100 63.2000
v -60.3900 128.6300 63.2000
v -73.5900 136.0200 63.2000
v -69.8300 142.8600 63.2000
v -58.7300 163.0500 63.2000
v -45.4700 155.4900 63.2000
f 1021 1022 1029
f 1021 1029 1028
f 1022 1023 1030
f 1022 1030 1029
f 1023 1024 1031
f 1023 1031 1030
f 1024 1025 1032
f 1024 1032 1031
f 1025 1026 1033
f 1025 1033 1032
f 1026 1027 1034
f 1026 1034 1033
f 1027 1021 1028
f 1027 1028 1034
f 1028 1029 1030
f 1028 1030 1031
f 1028 1031 1032
f 1028 1032 1033
f 1028 1033 1034
v 110.0600 -113.4600 0.0000
v 109.2600 -114.9000 0.0000
v 105.5600 -121.5900 0.0000
v 99.6000 -132.3700 0.0000
v 95.4400 -139.9100 0.0000
v 89.6300 -136.6800 0.0000
v 92.3500 -131.7700 0.0000
v 87.6300 -129.1400 0.0000
v 84.9100 -134.0500 0.0000
v 79.4600 -131.0100 0.0000
v 94.0900 -104.5600 0.0000
v 97.1000 -106.2400 0.0000
v 105.4900 -110.9200 0.0000
v 110.0600 -113.4600 0.0000
v 110.0600 -113.4600 70.2000
v 109.2600 -114.9000 70.2000
v 105.5600 -121.5900 70.2000
v 99.6000 -132.3700 70.2000
v 95.4400 -139.9100 70.2000
v 89.6300 -136.6800 70.2000
v 92.3500 -131.7700 70.2000
v 87.6300 -129.1400 70.2000
v 84.9100 -134.0500 70.2000
v 79.4600 -131.0100 70.2000
v 94.0900 -104.5600 70.2000
v 97.1000 -106.2400 70.2000
v 105.4900 -110.9200 70.2000
v 110.0600 -113.4600 70.2000
f 1035 1036 1050
f 1035 1050 1049
f 1036 1037 1051
f 1036 1051 1050
f 1037 1038 1052
f 1037 1052 1051
f 1038 1039 1053
f 1038 1053 1052
f 1039 1040 1054
f 1039 1054 1053
f 1040 1041 1055
f 1040 1055 1054
f 1041 1042 1056
f 1041 1056 1055
f 1042 1043 1057
f 1042 1057 1056
f 1043 1044 1058
f 1043 1058 1057
f 1044 1045 1059
f 1044 1059 1058
f 1045 1046 1060
f 1045 1060 1059
f 1046 1047 1061
f 1046 1061 1060
f 1047 1048 1062
f 1047 1062 1061
f 1048 1035 1049
f 1048 1049 1062
f 1049 1050 1051
f 1049 1051 1052
f 1049 1052 1053
f 1049 1053 1054
f 1049 1054 1055
f 1049 1055 1056
f 1049 1056 1057
f 1049 1057 1058
f 1049 1058 1059
f 1049 1059 1060
f 1049 1060 1061
f 1049 1061 1062
v 158.7600 14.0900 0.0000
v 161.9800 12.1600 0.0000
v 160.2300 9.5800 0.0000
v 157.1000 11.6100 0.0000
v 158.7600 14.0900 0.0000
v 158.7600 14.0900 78.0000
v 161.9800 12.1600 78.0000
v 160.2300 9.5800 78.0000
v 157.1000 11.6100 78.0000
v 158.7600 14.0900 78.0000
f 1063 1064 1069
f 1063 1069 1068
f 1064 1065 1070
f 1064 1070 1069
f 1065 1066 1071
f 1065 1071 1070
f 1066 1067 1072
f 1066 1072 1071
f 1067 1063 1068
f 1067 1068 1072
f 1068 1069 1070
f 1068 1070 1071
f 1068 1071 1072
v 55.6900 -152.0000 0.0000
v 54.4900 -151.3400 0.0000
v 51.8100 -156.2500 0.0000
v 53.0000 -156.9000 0.0000
v 44.9600 -171.6400 0.0000
v 39.2900 -168.5300 0.0000
v 40.5900 -166.1400 0.0000
v 38.0700 -164.7600 0.0000
v 44.8800 -152.3100 0.0000
v 48.8500 -154.4900 0.0000
v 51.7100 -149.2600 0.0000
v 47.7300 -147.0800 0.0000
v 53.0900 -137.2800 0.0000
v 61.2600 -141.7900 0.0000
v 55.6900 -152.0000 0.0000
v 55.6900 -152.0000 38.2000
v 54.4900 -151.3400 38.2000
v 51.8100 -156.2500 38.2000
v 53.0000 -156.9000 38.2000
v 44.9600 -171.6400 38.2000
v 39.2900 -168.5300 38.2000
v 40.5900 -166.1400 38.2000
v 38.0700 -164.7600 38.2000
v 44.8800 -152.3100 38.2000
v 48.8500 -154.4900 38.2000
v 51.7100 -149.2600 38.2000
v 47.7300 -147.0800 38.2000
v 53.0900 -137.2800 38.2000
v 61.2600 -141.7900 38.2000
v 55.6900 -152.0000 38.2000
f 1073 1074 1089
f 1073 1089 1088
f 1074 1075 1090
f 1074 1090 1089
f 1075 1076 1091
f 1075 1091 1090
f 1076 1077 1092
f 1076 1092 1091
f 1077 1078 1093
f 1077 1093 1092
f 1078 1079 1094
f 1078 1094 1093
f 1079 1080 1095
f 1079 1095 1094
f 1080 1081 1096
f 1080 1096 1095
f 1081 1082 1097
f 1081 1097 1096
f 1082 1083 1098
f 1082 1098 1097
f 1083 1084 1099
f 1083 1099 1098
f 1084 1085 1100
f 1084 1100 1099
f 1085 1086 1101
f 1085 1101 1100
f 1086 1087 1102
f 1086 1102 1101
f 1087 1073 1088
f 1087 1088 1102
f 1088 1089 1090
f 1088 1090 1091
f 1088 1091 1092
f 1088 1092 1093
f 1088 1093 1094
f 1088 1094 1095
f 1088 1095 1096
f 1088 1096 1097
f 1088 1097 1098
f 1088 1098 1099
f 1088 1099 1100
f 1088 1100 1101
f 1088 1101 1102
v -32.5000 148.2300 0.0000
v -41.7000 153.3900 0.0000
v -27.1000 179.6600 0.0000
v -17.9000 174.5000 0.0000
v -32.5000 148.2300 0.0000
v -32.5000 148.2300 39.5000
v -41.7000 153.3900 39.5000
v -27.1000 179.6600 39.5000
v -17.9000 174.5000 39.5000
v -32.5000 148.2300 39.5000
f 1103 1104 1109
f 1103 1109 1108
f 1104 1105 1110
f 1104 1110 1109
f 1105 1106 1111
f 1105 1111 1110
f 1106 1107 1112
f 1106 1112 1111
f 1107 1103 1108
f 1107 1108 1112
f 1108 1109 1110
f 1108 1110 1111
f 1108 1111 1112
v -157.1000 35.3400 0.0000
v -182.5600 49.5100 0.0000
v -167.7700 76.2900 0.0000
v -148.2500 65.4200 0.0000
v -144.2600 63.2100 0.0000
v -143.4400 62.0000 0.0000
v -143.2900 60.3600 0.0000
v -144.2300 58.6500 0.0000
v -155.7000 37.8800 0.0000
v -157.1000 35.3400 0.0000
v -157.1000 35.3400 20.3000
v -182.5600 49.5100 20.3000
v -167.7700 76.2900 20.3000
v -148.2500 65.4200 20.3000
v -144.2600 63.2100 20.3000
v -143.4400 62.0000 20.3000
v -143.2900 60.3600 20.3000
v -144.2300 58.6500 20.3000
v -155.7000 37.8800 20.3000
v -157.1000 35.3400 20.3000
f 1113 1114 1124
f 1113 1124 1123
f 1114 1115 1125
f 1114 1125 1124
f 1115 1116 1126
f 1115 1126 1125
f 1116 1117 1127
f 1116 1127 1126
f 1117 1118 1128
f 1117 1128 1127
f 1118 1119 1129
f 1118 1129 1128
f 1119 1120 1130
f 1119 1130 1129
f 1120 1121 1131
f 1120 1131 1130
f 1121 1122 1132
f 1121 1132 1131
f 1122 1113 1123
f 1122 1123 1132
f 1123 1124 1125
f 1123 1125 1126
f 1123 1126 1127
f 1123 1127 1128
f 1123 1128 1129
f 1123 1129 1130
f 1123 1130 1131
f 1123 1131 1132
v 149.0100 47.7900 0.0000
v 144.0400 50.5400 0.0000
v 143.5700 50.8100 0.0000
v 145.2300 53.8000 0.0000
v 157.5200 76.0400 0.0000
v 158.3600 77.5500 0.0000
v 161.1700 76.0000 0.0000
v 163.7900 74.5400 0.0000
v 149.0100 47.7900 0.0000
v 149.0100 47.7900 13.1000
v 144.0400 50.5400 13.1000
v 143.5700 50.8100 13.1000
v 145.2300 53.8000 13.1000
v 157.5200 76.0400 13.1000
v 158.3600 77.5500 13.1000
v 161.1700 76.0000 13.1000
v 163.7900 74.5400 13.1000
v 149.0100 47.7900 13.1000
f 1133 1134 1143
f 1133 1143 1142
f 1134 1135 1144
f 1134 1144 1143
f 1135 1136 1145
f 1135 1145 1144
f 1136 1137 1146
f 1136 1146 1145
f 1137 1138 1147
f 1137 1147 1146
f 1138 1139 1148
f 1138 1148 1147
f 1139 1140 1149
f 1139 1149 1148
f 1140 1141 1150
f 1140 1150 1149
f 1141 1133 1142
f 1141 1142 1150
f 1142 1143 1144
f 1142 1144 1145
f 1142 1145 1146
f 1142 1146 1147
f 1142 1147 1148
f 1142 1148 1149
f 1142 1149 1150
v 23.4100 -159.5400 0.0000
v 18.7400 -168.0800 0.0000
v 14.5500 -165.7900 0.0000
v 10.6300 -172.9800 0.0000
v 14.8200 -175.2800 0.0000
v 10.1300 -183.8700 0.0000
v -2.3400 -177.0100 0.0000
v -5.9400 -175.0400 0.0000
v -1.1800 -166.3200 0.0000
v 2.8600 -168.5400 0.0000
v 6.4100 -162.0300 0.0000
v 5.6700 -160.8000 0.0000
v 2.7200 -159.1800 0.0000
v 5.8000 -153.5200 0.0000
v 7.3400 -150.7000 0.0000
v 8.2200 -151.1900 0.0000
v 12.5400 -153.5700 0.0000
v 23.4100 -159.5400 0.0000
v 23.4100 -159.5400 24.4000
v 18.7400 -168.0800 24.4000
v 14.5500 -165.7900 24.4000
v 10.6300 -172.9800 24.4000
v 14.8200 -175.2800 24.4000
v 10.1300 -183.8700 24.4000
v -2.3400 -177.0100 24.4000
v -5.9400 -175.0400 24.4000
v -1.1800 -166.3200 24.4000
v 2.8600 -168.5400 24.4000
v 6.4100 -162.0300 24.4000
v 5.6700 -160.8000 24.4000
v 2.7200 -159.1800 24.4000
v 5.8000 -153.5200 24.4000
v 7.3400 -150.7000 24.4000
v 8.2200 -151.1900 24.4000
v 12.5400 -153.5700 24.4000
v 23.4100 -159.5400 24.4000
f 1151 1152 1170
f 1151 1170 1169
f 1152 1153 1171
f 1152 1171 1170
f 1153 1154 1172
f 1153 1172 1171
f 1154 1155 1173
f 1154 1173 1172
f 1155 1156 1174
f 1155 1174 1173
f 1156 1157 1175
f 1156 1175 1174
f 1157 1158 1176
f 1157 1176 1175
f 1158 1159 1177
f 1158 1177 1176
f 1159 1160 1178
f 1159 1178 1177
f 1160 1161 1179
f 1160 1179 1178
f 1161 1162 1180
f 1161 1180 1179
f 1162 1163 1181
f 1162 1181 1180
f 1163 1164 1182
f 1163 1182 1181
f 1164 1165 1183
f 1164 1183 1182
f 1165 1166 1184
f 1165 1184 1183
f 1166 1167 1185
f 1166 1185 1184
f 1167 1168 1186
f 1167 1186 1185
f 1168 1151 1169
f 1168 1169 1186
f 1169 1170 1171
f 1169 1171 1172
f 1169 1172 1173
f 1169 1173 1174
f 1169 1174 1175
f 1169 1175 1176
f 1169 1176 1177
f 1169 1177 1178
f 1169 1178 1179
f 1169 1179 1180
f 1169 1180 1181
f 1169 1181 1182
f 1169 1182 1183
f 1169 1183 1184
f 1169 1184 1185
f 1169 1185 1186
v -132.6100 77.6500 0.0000
v -154.7100 89.8700 0.0000
v -159.1500 92.2800 0.0000
v -145.7200 116.6200 0.0000
v -119.2600 101.8800 0.0000
v -125.7000 90.1900 0.0000
v -132.6100 77.6500 0.0000
v -132.6100 77.6500 19.9000
v -154.7100 89.8700 19.9000
v -159.1500 92.2800 19.9000
v -145.7200 116.6200 19.9000
v -119.2600 101.8800 19.9000
v -125.7000 90.1900 19.9000
v -132.6100 77.6500 19.9000
f 1187 1188 1195
f 1187 1195 1194
f 1188 1189 1196
f 1188 1196 1195
f 1189 1190 1197
f 1189 1197 1196
f 1190 1191 1198
f 1190 1198 1197
f 1191 1192 1199
f 1191 1199 1198
f 1192 1193 1200
f 1192 1200 1199
f 1193 1187 1194
f 1193 1194 1200
f 1194 1195 1196
f 1194 1196 1197
f 1194 1197 1198
f 1194 1198 1199
f 1194 1199 1200
v 38.0700 -164.7600 0.0000
v 40.5900 -166.1400 0.0000
v 39.2900 -168.5300 0.0000
v 26.1100 -192.6600 0.0000
v 16.4300 -187.3200 0.0000
v 14.4400 -186.2400 0.0000
v 10.1300 -183.8700 0.0000
v 14.8200 -175.2800 0.0000
v 18.7400 -168.0800 0.0000
v 23.4100 -159.5400 0.0000
v 39.6200 -129.8500 0.0000
v 45.6500 -133.1800 0.0000
v 53.0900 -137.2800 0.0000
v 47.7300 -147.0800 0.0000
v 44.8800 -152.3100 0.0000
v 38.0700 -164.7600 0.0000
v 38.0700 -164.7600 33.4000
v 40.5900 -166.1400 33.4000
v 39.2900 -168.5300 33.4000
v 26.1100 -192.6600 33.4000
v 16.4300 -187.3200 33.4000
v 14.4400 -186.2400 33.4000
v 10.1300 -183.8700 33.4000
v 14.8200 -175.2800 33.4000
v 18.7400 -168.0800 33.4000
v 23.4100 -159.5400 33.4000
v 39.6200 -129.8500 33.4000
v 45.6500 -133.1800 33.4000
v 53.0900 -137.2800 33.4000
v 47.7300 -147.0800 33.4000
v 44.8800 -152.3100 33.4000
v 38.0700 -164.7600 33.4000
f 1201 1202 1218
f 1201 1218 1217
f 1202 1203 1219
f 1202 1219 1218
f 1203 1204 1220
f 1203 1220 1219
f 1204 1205 1221
f 1204 1221 1220
f 1205 1206 1222
f 1205 1222 1221
f 1206 1207 1223
f 1206 1223 1222
f 1207 1208 1224
f 1207 1224 1223
f 1208 1209 1225
f 1208 1225 1224
f 1209 1210 1226
f 1209 1226 1225
f 1210 1211 1227
f 1210 1227 1226
f 1211 1212 1228
f 1211 1228 1227
f 1212 1213 1229
f 1212 1229 1228
f 1213 1214 1230
f 1213 1230 1229
f 1214 1215 1231
f 1214 1231 1230
f 1215 1216 1232
f 1215 1232 1231
f 1216 1201 1217
f 1216 1217 1232
f 1217 1218 1219
f 1217 1219 1220
f 1217 1220 1221
f 1217 1221 1222
f 1217 1222 1223
f 1217 1223 1224
f 1217 1224 1225
f 1217 1225 1226
f 1217 1226 1227
f 1217 1227 1228
f 1217 1228 1229
f 1217 1229 1230
f 1217 1230 1231
f 1217 1231 1232
v 61.6400 -151.0400 0.0000
v 63.2000 -151.9000 0.0000
v 59.4000 -158.8500 0.0000
v 57.6800 -157.9200 0.0000
v 54.3500 -164.0100 0.0000
v 55.7500 -164.7800 0.0000
v 50.3700 -174.6200 0.0000
v 44.9600 -171.6400 0.0000
v 53.0000 -156.9000 0.0000
v 55.6900 -152.0000 0.0000
v 61.2600 -141.7900 0.0000
v 65.4300 -144.0800 0.0000
v 61.6400 -151.0400 0.0000
v 61.6400 -151.0400 11.7000
v 63.2000 -151.9000 11.7000
v 59.4000 -158.8500 11.7000
v 57.6800 -157.9200 11.7000
v 54.3500 -164.0100 11.7000
v 55.7500 -164.7800 11.7000
v 50.3700 -174.6200 11.7000
v 44.9600 -171.6400 11.7000
v 53.0000 -156.9000 11.7000
v 55.6900 -152.0000 11.7000
v 61.2600 -141.7900 11.7000
v 65.4300 -144.0800 11.7000
v 61.6400 -151.0400 11.7000
f 1233 1234 1247
f 1233 1247 1246
f 1234 1235 1248
f 1234 1248 1247
f 1235 1236 1249
f 1235 1249 1248
f 1236 1237 1250
f 1236 1250 1249
f 1237 1238 1251
f 1237 1251 1250
f 1238 1239 1252
f 1238 1252 1251
f 1239 1240 1253
f 1239 1253 1252
f 1240 1241 1254
f 1240 1254 1253
f 1241 1242 1255
f 1241 1255 1254
f 1242 1243 1256
f 1242 1256 1255
f 1243 1244 1257
f 1243 1257 1256
f 1244 1245 1258
f 1244 1258 1257
f 1245 1233 1246
f 1245 1246 1258
f 1246 1247 1248
f 1246 1248 1249
f 1246 1249 1250
f 1246 1250 1251
f 1246 1251 1252
f 1246 1252 1253
f 1246 1253 1254
f 1246 1254 1255
f 1246 1255 1256
f 1246 1256 1257
f 1246 1257 1258
v 150.2600 -79.5000 0.0000
v 147.0700 -77.8000 0.0000
v 145.0800 -76.7300 0.0000
v 145.3900 -76.1500 0.0000
v 156.6900 -55.0600 0.0000
v 161.8800 -57.8400 0.0000
v 150.2600 -79.5000 0.0000
v 150.2600 -79.5000 16.6000
v 147.0700 -77.8000 16.6000
v 145.0800 -76.7300 16.6000
v 145.3900 -76.1500 16.6000
v 156.6900 -55.0600 16.6000
v 161.8800 -57.8400 16.6000
v 150.2600 -79.5000 16.6000
f 1259 1260 1267
f 1259 1267 1266
f 1260 1261 1268
f 1260 1268 1267
f 1261 1262 1269
f 1261 1269 1268
f 1262 1263 1270
f 1262 1270 1269
f 1263 1264 1271
f 1263 1271 1270
f 1264 1265 1272
f 1264 1272 1271
f 1265 1259 1266
f 1265 1266 1272
f 1266 1267 1268
f 1266 1268 1269
f 1266 1269 1270
f 1266 1270 1271
f 1266 1271 1272
v 141.1900 -46.9200 0.0000
v 143.9600 -41.8300 0.0000
v 144.1400 -41.3300 0.0000
v 148.4500 -43.6500 0.0000
v 153.5800 -46.4200 0.0000
v 154.2900 -45.1100 0.0000
v 151.5600 -43.6300 0.0000
v 155.9700 -35.3800 0.0000
v 158.7100 -36.8500 0.0000
v 162.2500 -30.2200 0.0000
v 158.8000 -28.3600 0.0000
v 164.7000 -17.3400 0.0000
v 183.6900 -27.5800 0.0000
v 201.7300 -37.3100 0.0000
v 187.6500 -63.6500 0.0000
v 178.3200 -58.6200 0.0000
v 184.5300 -47.0300 0.0000
v 176.1500 -42.5100 0.0000
v 170.3500 -53.3200 0.0000
v 175.8900 -56.3100 0.0000
v 172.1400 -63.3400 0.0000
v 161.8800 -57.8400 0.0000
v 156.6900 -55.0600 0.0000
v 141.1900 -46.9200 0.0000
v 141.1900 -46.9200 29.9000
v 143.9600 -41.8300 29.9000
v 144.1400 -41.3300 29.9000
v 148.4500 -43.6500 29.9000
v 153.5800 -46.4200 29.9000
v 154.2900 -45.1100 29.9000
v 151.5600 -43.6300 29.9000
v 155.9700 -35.3800 29.9000
v 158.7100 -36.8500 29.9000
v 162.2500 -30.2200 29.9000
v 158.8000 -28.3600 29.9000
v 164.7000 -17.3400 29.9000
v 183.6900 -27.5800 29.9000
v 201.7300 -37.3100 29.9000
v 187.6500 -63.6500 29.9000
v 178.3200 -58.6200 29.9000
v 184.5300 -47.0300 29.9000
v 176.1500 -42.5100 29.9000
v 170.3500 -53.3200 29.9000
v 175.8900 -56.3100 29.9000
v 172.1400 -63.3400 29.9000
v 161.8800 -57.8400 29.9000
v 156.6900 -55.0600 29.9000
v 141.1900 -46.9200 29.9000
f 1273 1274 1298
f 1273 1298 1297
f 1274 1275 1299
f 1274 1299 1298
f 1275 1276 1300
f 1275 1300 1299
f 1276 1277 1301
f 1276 1301 1300
f 1277 1278 1302
f 1277 1302 1301
f 1278 1279 1303
f 1278 1303 1302
f 1279 1280 1304
f 1279 1304 1303
f 1280 1281 1305
f 1280 1305 1304
f 1281 1282 1306
f 1281 1306 1305
f 1282 1283 1307
f 1282 1307 1306
f 1283 1284 1308
f 1283 1308 1307
f 1284 1285 1309
f 1284 1309 1308
f 1285 1286 1310
f 1285 1310 1309
f 1286 1287 1311
f 1286 1311 1310
f 1287 1288 1312
f 1287 1312 1311
f 1288 1289 1313
f 1288 1313 1312
f 1289 1290 1314
f 1289 1314 1313
f 1290 1291 1315
f 1290 1315 1314
f 1291 1292 1316
f 1291 1316 1315
f 1292 1293 1317
f 1292 1317 1316
f 1293 1294 1318
f 1293 1318 1317
f 1294 1295 1319
f 1294 1319 1318
f 1295 1296 1320
f 1295 1320 1319
f 1296 1273 1297
f 1296 1297 1320
f 1297 1298 1299
f 1297 1299 1300
f 1297 1300 1301
f 1297 1301 1302
f 1297 1302 1303
f 1297 1303 1304
f 1297 1304 1305
f 1297 1305 1306
f 1297 1306 1307
f 1297 1307 1308
f 1297 1308 1309
f 1297 1309 1310
f 1297 1310 1311
f 1297 1311 1312
f 1297 1312 1313
f 1297 1313 1314
f 1297 1314 1315
f 1297 1315 1316
f 1297 1316 1317
f 1297 1317 1318
f 1297 1318 1319
f 1297 1319 1320
v -72.3100 170.5300 0.0000
v -58.7300 163.0500 0.0000
v -69.8300 142.8600 0.0000
v -73.5900 136.0200 0.0000
v -87.2400 143.6600 0.0000
v -83.5400 150.3300 0.0000
v -72.3100 170.5300 0.0000
v -72.3100 170.5300 78.0000
v -58.7300 163.0500 78.0000
v -69.8300 142.8600 78.0000
v -73.5900 136.0200 78.0000
v -87.2400 143.6600 78.0000
v -83.5400 150.3300 78.0000
v -72.3100 170.5300 78.0000
f 1321 1322 1329
f 1321 1329 1328
f 1322 1323 1330
f 1322 1330 1329
f 1323 1324 1331
f 1323 1331 1330
f 1324 1325 1332
f 1324 1332 1331
f 1325 1326 1333
f 1325 1333 1332
f 1326 1327 1334
f 1326 1334 1333
f 1327 1321 1328
f 1327 1328 1334
f 1328 1329 1330
f 1328 1330 1331
f 1328 1331 1332
f 1328 1332 1333
f 1328 1333 1334
v 172.1700 30.5000 0.0000
v 175.5300 28.6300 0.0000
v 172.4100 22.9800 0.0000
v 165.4100 10.3000 0.0000
v 162.5600 5.1300 0.0000
v 156.6600 8.4800 0.0000
v 147.4800 13.7000 0.0000
v 138.3500 18.6900 0.0000
v 129.2100 23.6900 0.0000
v 144.0400 50.5400 0.0000
v 149.0100 47.7900 0.0000
v 163.7900 74.5400 0.0000
v 179.2300 65.9700 0.0000
v 179.7800 63.4100 0.0000
v 180.4600 63.0300 0.0000
v 181.3000 62.5600 0.0000
v 181.9700 63.7900 0.0000
v 188.5300 60.1500 0.0000
v 185.7000 55.0100 0.0000
v 178.6900 42.3100 0.0000
v 175.4000 36.3500 0.0000
v 172.1700 30.5000 0.0000
v 172.1700 30.5000 34.3000
v 175.5300 28.6300 34.3000
v 172.4100 22.9800 34.3000
v 165.4100 10.3000 34.3000
v 162.5600 5.1300 34.3000
v 156.6600 8.4800 34.3000
v 147.4800 13.7000 34.3000
v 138.3500 18.6900 34.3000
v 129.2100 23.6900 34.3000
v 144.0400 50.5400 34.3000
v 149.0100 47.7900 34.3000
v 163.7900 74.5400 34.3000
v 179.2300 65.9700 34.3000
v 179.7800 63.4100 34.3000
v 180.4600 63.0300 34.3000
v 181.3000 62.5600 34.3000
v 181.9700 63.7900 34.3000
v 188.5300 60.1500 34.3000
v 185.7000 55.0100 34.3000
v 178.6900 42.3100 34.3000
v 175.4000 36.3500 34.3000
v 172.1700 30.5000 34.3000
f 1335 1336 1358
f 1335 1358 1357
f 1336 1337 1359
f 1336 1359 1358
f 1337 1338 1360
f 1337 1360 1359
f 1338 1339 1361
f 1338 1361 1360
f 1339 1340 1362
f 1339 1362 1361
f 1340 1341 1363
f 1340 1363 1362
f 1341 1342 1364
f 1341 1364 1363
f 1342 1343 1365
f 1342 1365 1364
f 1343 1344 1366
f 1343 1366 1365
f 1344 1345 1367
f 1344 1367 1366
f 1345 1346 1368
f 1345 1368 1367
f 1346 1347 1369
f 1346 1369 1368
f 1347 1348 1370
f 1347 1370 1369
f 1348 1349 1371
f 1348 1371 1370
f 1349 1350 1372
f 1349 1372 1371
f 1350 1351 1373
f 1350 1373 1372
f 1351 1352 1374
f 1351 1374 1373
f 1352 1353 1375
f 1352 1375 1374
f 1353 1354 1376
f 1353 1376 1375
f 1354 1355 1377
f 1354 1377 1376
f 1355 1356 1378
f 1355 1378 1377
f 1356 1335 1357
f 1356 1357 1378
f 1357 1358 1359
f 1357 1359 1360
f 1357 1360 1361
f 1357 1361 1362
f 1357 1362 1363
f 1357 1363 1364
f 1357 1364 1365
f 1357 1365 1366
f 1357 1366 1367
f 1357 1367 1368
f 1357 1368 1369
f 1357 1369 1370
f 1357 1370 1371
f 1357 1371 1372
f 1357 1372 1373
f 1357 1373 1374
f 1357 1374 1375
f 1357 1375 1376
f 1357 1376 1377
f 1357 1377 1378
v 70.7700 -156.0400 0.0000
v 68.7300 -154.9200 0.0000
v 65.1900 -161.4000 0.0000
v 67.1400 -162.4700 0.0000
v 63.4800 -169.1600 0.0000
v 62.2500 -168.4800 0.0000
v 56.9300 -178.2200 0.0000
v 50.3700 -174.6200 0.0000
v 55.7500 -164.7800 0.0000
v 54.3500 -164.0100 0.0000
v 57.6800 -157.9200 0.0000
v 59.4000 -158.8500 0.0000
v 63.2000 -151.9000 0.0000
v 61.6400 -151.0400 0.0000
v 65.4300 -144.0800 0.0000
v 74.5500 -149.1100 0.0000
v 70.7700 -156.0400 0.0000
v 70.7700 -156.0400 34.1000
v 68.7300 -154.9200 34.1000
v 65.1900 -161.4000 34.1000
v 67.1400 -162.4700 34.1000
v 63.4800 -169.1600 34.1000
v 62.2500 -168.4800 34.1000
v 56.9300 -178.2200 34.1000
v 50.3700 -174.6200 34.1000
v 55.7500 -164.7800 34.1000
v 54.3500 -164.0100 34.1000
v 57.6800 -157.9200 34.1000
v 59.4000 -158.8500 34.1000
v 63.2000 -151.9000 34.1000
v 61.6400 -151.0400 34.1000
v 65.4300 -144.0800 34.1000
v 74.5500 -149.1100 34.1000
v 70.7700 -156.0400 34.1000
f 1379 1380 1397
f 1379 1397 1396
f 1380 1381 1398
f 1380 1398 1397
f 1381 1382 1399
f 1381 1399 1398
f 1382 1383 1400
f 1382 1400 1399
f 1383 1384 1401
f 1383 1401 1400
f 1384 1385 1402
f 1384 1402 1401
f 1385 1386 1403
f 1385 1403 1402
f 1386 1387 1404
f 1386 1404 1403
f 1387 1388 1405
f 1387 1405 1404
f 1388 1389 1406
f 1388 1406 1405
f 1389 1390 1407
f 1389 1407 1406
f 1390 1391 1408
f 1390 1408 1407
f 1391 1392 1409
f 1391 1409 1408
f 1392 1393 1410
f 1392 1410 1409
f 1393 1394 1411
f 1393 1411 1410
f 1394 1395 1412
f 1394 1412 1411
f 1395 1379 1396
f 1395 1396 1412
f 1396 1397 1398
f 1396 1398 1399
f 1396 1399 1400
f 1396 1400 1401
f 1396 1401 1402
f 1396 1402 1403
f 1396 1403 1404
f 1396 1404 1405
f 1396 1405 1406
f 1396 1406 1407
f 1396 1407 1408
f 1396 1408 1409
f 1396 1409 1410
f 1396 1410 1411
f 1396 1411 1412
v 116.2000 -118.9800 0.0000
v 118.0500 -120.0100 0.0000
v 118.8000 -121.8500 0.0000
v 117.3300 -124.5100 0.0000
v 115.9600 -123.7400 0.0000
v 114.0000 -127.2800 0.0000
v 115.7700 -128.2600 0.0000
v 116.4700 -126.9900 0.0000
v 121.8500 -129.9900 0.0000
v 121.1400 -131.2600 0.0000
v 122.4300 -131.9700 0.0000
v 126.3600 -124.8600 0.0000
v 127.7600 -125.6400 0.0000
v 128.7300 -123.8800 0.0000
v 134.9400 -127.3400 0.0000
v 133.9700 -129.1000 0.0000
v 135.5800 -129.9900 0.0000
v 132.3900 -135.7500 0.0000
v 131.3600 -135.7400 0.0000
v 125.7200 -145.9300 0.0000
v 126.0600 -147.2200 0.0000
v 121.9300 -154.6800 0.0000
v 95.4400 -139.9100 0.0000
v 99.6000 -132.3700 0.0000
v 100.9900 -132.1500 0.0000
v 106.2600 -122.6100 0.0000
v 105.5600 -121.5900 0.0000
v 109.2600 -114.9000 0.0000
v 110.7100 -115.7200 0.0000
v 111.5100 -114.2700 0.0000
v 117.0900 -117.3800 0.0000
v 116.2000 -118.9800 0.0000
v 116.2000 -118.9800 49.3000
v 118.0500 -120.0100 49.3000
v 118.8000 -121.8500 49.3000
v 117.3300 -124.5100 49.3000
v 115.9600 -123.7400 49.3000
v 114.0000 -127.2800 49.3000
v 115.7700 -128.2600 49.3000
v 116.4700 -126.9900 49.3000
v 121.8500 -129.9900 49.3000
v 121.1400 -131.2600 49.3000
v 122.4300 -131.9700 49.3000
v 126.3600 -124.8600 49.3000
v 127.7600 -125.6400 49.3000
v 128.7300 -123.8800 49.3000
v 134.9400 -127.3400 49.3000
v 133.9700 -129.1000 49.3000
v 135.5800 -129.9900 49.3000
v 132.3900 -135.7500 49.3000
v 131.3600 -135.7400 49.3000
v 125.7200 -145.9300 49.3000
v 126.0600 -147.2200 49.3000
v 121.9300 -154.6800 49.3000
v 95.4400 -139.9100 49.3000
v 99.6000 -132.3700 49.3000
v 100.9900 -132.1500 49.3000
v 106.2600 -122.6100 49.3000
v 105.5600 -121.5900 49.3000
v 109.2600 -114.9000 49.3000
v 110.7100 -115.7200 49.3000
v 111.5100 -114.2700 49.3000
v 117.0900 -117.3800 49.3000
v 116.2000 -118.9800 49.3000
f 1413 1414 1446
f 1413 1446 1445
f 1414 1415 1447
f 1414 1447 1446
f 1415 1416 1448
f 1415 1448 1447
f 1416 1417 1449
f 1416 1449 1448
f 1417 1418 1450
f 1417 1450 1449
f 1418 1419 1451
f 1418 1451 1450
f 1419 1420 1452
f 1419 1452 1451
f 1420 1421 1453
f 1420 1453 1452
f 1421 1422 1454
f 1421 1454 1453
f 1422 1423 1455
f 1422 1455 1454
f 1423 1424 1456
f 1423 1456 1455
f 1424 1425 1457
f 1424 1457 1456
f 1425 1426 1458
f 1425 1458 1457
f 1426 1427 1459
f 1426 1459 1458
f 1427 1428 1460
f 1427 1460 1459
f 1428 1429 1461
f 1428 1461 1460
f 1429 1430 1462
f 1429 1462 1461
f 1430 1431 1463
f 1430 1463 1462
f 1431 1432 1464
f 1431 1464 1463
f 1432 1433 1465
f 1432 1465 1464
f 1433 1434 1466
f 1433 1466 1465
f 1434 1435 1467
f 1434 1467 1466
f 1435 1436 1468
f 1435 1468 1467
f 1436 1437 1469
f 1436 1469 1468
f 1437 1438 1470
f 1437 1470 1469
f 1438 1439 1471
f 1438 1471 1470
f 1439 1440 1472
f 1439 1472 1471
f 1440 1441 1473
f 1440 1473 1472
f 1441 1442 1474
f 1441 1474 1473
f 1442 1443 1475
f 1442 1475 1474
f 1443 1444 1476
f 1443 1476 1475
f 1444 1413 1445
f 1444 1445 1476
f 1445 1446 1447
f 1445 1447 1448
f 1445 1448 1449
f 1445 1449 1450
f 1445 1450 1451
f 1445 1451 1452
f 1445 1452 1453
f 1445 1453 1454
f 1445 1454 1455
f 1445 1455 1456
f 1445 1456 1457
f 1445 1457 1458
f 1445 1458 1459
f 1445 1459 1460
f 1445 1460 1461
f 1445 1461 1462
f 1445 1462 1463
f 1445 1463 1464
f 1445 1464 1465
f 1445 1465 1466
f 1445 1466 1467
f 1445 1467 1468
f 1445 1468 1469
f 1445 1469 1470
f 1445 1470 1471
f 1445 1471 1472
f 1445 1472 1473
f 1445 1473 1474
f 1445 1474 1475
f 1445 1475 1476
v -157.1000 35.3400 0.0000
v -170.5200 11.0500 0.0000
v -171.0000 10.2000 0.0000
v -171.9900 9.7700 0.0000
v -173.5400 9.6500 0.0000
v -177.3800 11.7300 0.0000
v -199.9300 24.4600 0.0000
v -187.3000 47.3300 0.0000
v -185.2500 51.0200 0.0000
v -182.5600 49.5100 0.0000
v -157.1000 35.3400 0.0000
v -157.1000 35.3400 20.9000
v -170.5200 11.0500 20.9000
v -171.0000 10.2000 20.9000
v -171.9900 9.7700 20.9000
v -173.5400 9.6500 20.9000
v -177.3800 11.7300 20.9000
v -199.9300 24.4600 20.9000
v -187.3000 47.3300 20.9000
v -185.2500 51.0200 20.9000
v -182.5600 49.5100 20.9000
v -157.1000 35.3400 20.9000
f 1477 1478 1489
f 1477 1489 1488
f 1478 1479 1490
f 1478 1490 1489
f 1479 1480 1491
f 1479 1491 1490
f 1480 1481 1492
f 1480 1492 1491
f 1481 1482 1493
f 1481 1493 1492
f 1482 1483 1494
f 1482 1494 1493
f 1483 1484 1495
f 1483 1495 1494
f 1484 1485 1496
f 1484 1496 1495
f 1485 1486 1497
f 1485 1497 1496
f 1486 1487 1498
f 1486 1498 1497
f 1487 1477 1488
f 1487 1488 1498
f 1488 1489 1490
f 1488 1490 1491
f 1488 1491 1492
f 1488 1492 1493
f 1488 1493 1494
f 1488 1494 1495
f 1488 1495 1496
f 1488 1496 1497
f 1488 1497 1498
v 160.5200 -85.0100 0.0000
v 153.9900 -81.5100 0.0000
v 150.2600 -79.5000 0.0000
v 161.8800 -57.8400 0.0000
v 172.1400 -63.3400 0.0000
v 168.1000 -70.8800 0.0000
v 166.9800 -72.9700 0.0000
v 165.7300 -75.3000 0.0000
v 164.5900 -77.4400 0.0000
v 160.5200 -85.0100 0.0000
v 160.5200 -85.0100 12.5000
v 153.9900 -81.5100 12.5000
v 150.2600 -79.5000 12.5000
v 161.8800 -57.8400 12.5000
v 172.1400 -63.3400 12.5000
v 168.1000 -70.8800 12.5000
v 166.9800 -72.9700 12.5000
v 165.7300 -75.3000 12.5000
v 164.5900 -77.4400 12.5000
v 160.5200 -85.0100 12.5000
f 1499 1500 1510
f 1499 1510 1509
f 1500 1501 1511
f 1500 1511 1510
f 1501 1502 1512
f 1501 1512 1511
f 1502 1503 1513
f 1502 1513 1512
f 1503 1504 1514
f 1503 1514 1513
f 1504 1505 1515
f 1504 1515 1514
f 1505 1506 1516
f 1505 1516 1515
f 1506 1507 1517
f 1506 1517 1516
f 1507 1508 1518
f 1507 1518 1517
f 1508 1499 1509
f 1508 1509 1518
f 1509 1510 1511
f 1509 1511 1512
f 1509 1512 1513
f 1509 1513 1514
f 1509 1514 1515
f 1509 1515 1516
f 1509 1516 1517
f 1509 1517 1518
v 146.8000 -133.9200 0.0000
v 145.2100 -133.0400 0.0000
v 137.1800 -128.6000 0.0000
v 136.5800 -128.2500 0.0000
v 135.6600 -127.7400 0.0000
v 134.9400 -127.3400 0.0000
v 128.7300 -123.8800 0.0000
v 117.0900 -117.3800 0.0000
v 111.5100 -114.2700 0.0000
v 110.0600 -113.4600 0.0000
v 105.4900 -110.9200 0.0000
v 107.0200 -108.1800 0.0000
v 108.0100 -106.4200 0.0000
v 116.0900 -91.8900 0.0000
v 117.2300 -89.8500 0.0000
v 118.5600 -87.4300 0.0000
v 148.7300 -104.0900 0.0000
v 147.3500 -106.5100 0.0000
v 148.9000 -107.3800 0.0000
v 156.9900 -111.9200 0.0000
v 158.5300 -112.7800 0.0000
v 157.6500 -114.3800 0.0000
v 157.3600 -114.8500 0.0000
v 155.9500 -117.3900 0.0000
v 154.9300 -119.2200 0.0000
v 154.0600 -120.8200 0.0000
v 151.3400 -125.7100 0.0000
v 150.4600 -127.3000 0.0000
v 147.6700 -132.3300 0.0000
v 146.8000 -133.9200 0.0000
v 146.8000 -133.9200 120.0000
v 145.2100 -133.0400 120.0000
v 137.1800 -128.6000 120.0000
v 136.5800 -128.2500 120.0000
v 135.6600 -127.7400 120.0000
v 134.9400 -127.3400 120.0000
v 128.7300 -123.8800 120.0000
v 117.0900 -117.3800 120.0000
v 111.5100 -114.2700 120.0000
v 110.0600 -113.4600 120.0000
v 105.4900 -110.9200 120.0000
v 107.0200 -108.1800 120.0000
v 108.0100 -106.4200 120.0000
v 116.0900 -91.8900 120.0000
v 117.2300 -89.8500 120.0000
v 118.5600 -87.4300 120.0000
v 148.7300 -104.0900 120.0000
v 147.3500 -106.5100 120.0000
v 148.9000 -107.3800 120.0000
v 156.9900 -111.9200 120.0000
v 158.5300 -112.7800 120.0000
v 157.6500 -114.3800 120.0000
v 157.3600 -114.8500 120.0000
v 155.9500 -117.3900 120.0000
v 154.9300 -119.2200 120.0000
v 154.0600 -120.8200 120.0000
v 151.3400 -125.7100 120.0000
v 150.4600 -127.3000 120.0000
v 147.6700 -132.3300 120.0000
v 146.8000 -133.9200 120.0000
f 1519 1520 1550
f 1519 1550 1549
f 1520 1521 1551
f 1520 1551 1550
f 1521 1522 1552
f 1521 1552 1551
f 1522 1523 1553
f 1522 1553 1552
f 1523 1524 1554
f 1523 1554 1553
f 1524 1525 1555
f 1524 1555 1554
f 1525 1526 1556
f 1525 1556 1555
f 1526 1527 1557
f 1526 1557 1556
f 1527 1528 1558
f 1527 1558 1557
f 1528 1529 1559
f 1528 1559 1558
f 1529 1530 1560
f 1529 1560 1559
f 1530 1531 1561
f 1530 1561 1560
f 1531 1532 1562
f 1531 1562 1561
f 1532 1533 1563
f 1532 1563 1562
f 1533 1534 1564
f 1533 1564 1563
f 1534 1535 1565
f 1534 1565 1564
f 1535 1536 1566
f 1535 1566 1565
f 1536 1537 1567
f 1536 1567 1566
f 1537 1538 1568
f 1537 1568 1567
f 1538 1539 1569
f 1538 1569 1568
f 1539 1540 1570
f 1539 1570 1569
f 1540 1541 1571
f 1540 1571 1570
f 1541 1542 1572
f 1541 1572 1571
f 1542 1543 1573
f 1542 1573 1572
f 1543 1544 1574
f 1543 1574 1573
f 1544 1545 1575
f 1544 1575 1574
f 1545 1546 1576
f 1545 1576 1575
f 1546 1547 1577
f 1546 1577 1576
f 1547 1548 1578
f 1547 1578 1577
f 1548 1519 1549
f 1548 1549 1578
f 1549 1550 1551
f 1549 1551 1552
f 1549 1552 1553
f 1549 1553 1554
f 1549 1554 1555
f 1549 1555 1556
f 1549 1556 1557
f 1549 1557 1558
f 1549 1558 1559
f 1549 1559 1560
f 1549 1560 1561
f 1549 1561 1562
f 1549 1562 1563
f 1549 1563 1564
f 1549 1564 1565
f 1549 1565 1566
f 1549 1566 1567
f 1549 1567 1568
f 1549 1568 1569
f 1549 1569 1570
f 1549 1570 1571
f 1549 1571 1572
f 1549 1572 1573
f 1549 1573 1574
f 1549 1574 1575
f 1549 1575 1576
f 1549 1576 1577
f 1549 1577 1578
v -87.2400 143.6600 0.0000
v -107.3200 154.9000 0.0000
v -92.3900 181.7600 0.0000
v -72.3100 170.5300 0.0000
v -83.5400 150.3300 0.0000
v -87.2400 143.6600 0.0000
v -87.2400 143.6600 26.6000
v -107.3200 154.9000 26.6000
v -92.3900 181.7600 26.6000
v -72.3100 170.5300 26.6000
v -83.5400 150.3300 26.6000
v -87.2400 143.6600 26.6000
f 1579 1580 1586
f 1579 1586 1585
f 1580 1581 1587
f 1580 1587 1586
f 1581 1582 1588
f 1581 1588 1587
f 1582 1583 1589
f 1582 1589 1588
f 1583 1584 1590
f 1583 1590 1589
f 1584 1579 1585
f 1584 1585 1590
f 1585 1586 1587
f 1585 1587 1588
f 1585 1588 1589
f 1585 1589 1590
v -74.0700 -174.0500 0.0000
v -66.9400 -161.0000 0.0000
v -74.7700 -156.7300 0.0000
v -81.8900 -169.7700 0.0000
v -74.0700 -174.0500 0.0000
v -74.0700 -174.0500 4.0000
v -66.9400 -161.0000 4.0000
v -74.7700 -156.7300 4.0000
v -81.8900 -169.7700 4.0000
v -74.0700 -174.0500 4.0000
f 1591 1592 1597
f 1591 1597 1596
f 1592 1593 1598
f 1592 1598 1597
f 1593 1594 1599
f 1593 1599 1598
f 1594 1595 1600
f 1594 1600 1599
f 1595 1591 1596
f 1595 1596 1600
f 1596 1597 1598
f 1596 1598 1599
f 1596 1599 1600
v 78.9000 -190.3200 0.0000
v 77.6900 -189.6600 0.0000
v 56.9300 -178.2200 0.0000
v 62.2500 -168.4800 0.0000
v 63.4800 -169.1600 0.0000
v 67.1400 -162.4700 0.0000
v 65.1900 -161.4000 0.0000
v 68.7300 -154.9200 0.0000
v 70.7700 -156.0400 0.0000
v 74.5500 -149.1100 0.0000
v 88.8700 -156.8900 0.0000
v 95.1900 -160.4900 0.0000
v 80.7000 -187.0100 0.0000
v 78.9000 -190.3200 0.0000
v 78.9000 -190.3200 24.0000
v 77.6900 -189.6600 24.0000
v 56.9300 -178.2200 24.0000
v 62.2500 -168.4800 24.0000
v 63.4800 -169.1600 24.0000
v 67.1400 -162.4700 24.0000
v 65.1900 -161.4000 24.0000
v 68.7300 -154.9200 24.0000
v 70.7700 -156.0400 24.0000
v 74.5500 -149.1100 24.0000
v 88.8700 -156.8900 24.0000
v 95.1900 -160.4900 24.0000
v 80.7000 -187.0100 24.0000
v 78.9000 -190.3200 24.0000
f 1601 1602 1616
f 1601 1616 1615
f 1602 1603 1617
f 1602 1617 1616
f 1603 1604 1618
f 1603 1618 1617
f 1604 1605 1619
f 1604 1619 1618
f 1605 1606 1620
f 1605 1620 1619
f 1606 1607 1621
f 1606 1621 1620
f 1607 1608 1622
f 1607 1622 1621
f 1608 1609 1623
f 1608 1623 1622
f 1609 1610 1624
f 1609 1624 1623
f 1610 1611 1625
f 1610 1625 1624
f 1611 1612 1626
f 1611 1626 1625
f 1612 1613 1627
f 1612 1627 1626
f 1613 1614 1628
f 1613 1628 1627
f 1614 1601 1615
f 1614 1615 1628
f 1615 1616 1617
f 1615 1617 1618
f 1615 1618 1619
f 1615 1619 1620
f 1615 1620 1621
f 1615 1621 1622
f 1615 1622 1623
f 1615 1623 1624
f 1615 1624 1625
f 1615 1625 1626
f 1615 1626 1627
f 1615 1627 1628
v -127.7600 110.5700 0.0000
v -144.0300 119.6200 0.0000
v -145.7200 116.6200 0.0000
v -159.1500 92.2800 0.0000
v -161.8000 93.7100 0.0000
v -164.4900 95.1900 0.0000
v -163.8700 96.3100 0.0000
v -149.3300 122.5600 0.0000
v -157.9400 127.3900 0.0000
v -142.8800 154.5700 0.0000
v -112.7100 137.9100 0.0000
v -127.7600 110.5700 0.0000
v -127.7600 110.5700 19.6000
v -144.0300 119.6200 19.6000
v -145.7200 116.6200 19.6000
v -159.1500 92.2800 19.6000
v -161.8000 93.7100 19.6000
v -164.4900 95.1900 19.6000
v -163.8700 96.3100 19.6000
v -149.3300 122.5600 19.6000
v -157.9400 127.3900 19.6000
v -142.8800 154.5700 19.6000
v -112.7100 137.9100 19.6000
v -127.7600 110.5700 19.6000
f 1629 1630 1642
f 1629 1642 1641
f 1630 1631 1643
f 1630 1643 1642
f 1631 1632 1644
f 1631 1644 1643
f 1632 1633 1645
f 1632 1645 1644
f 1633 1634 1646
f 1633 1646 1645
f 1634 1635 1647
f 1634 1647 1646
f 1635 1636 1648
f 1635 1648 1647
f 1636 1637 1649
f 1636 1649 1648
f 1637 1638 1650
f 1637 1650 1649
f 1638 1639 1651
f 1638 1651 1650
f 1639 1640 1652
f 1639 1652 1651
f 1640 1629 1641
f 1640 1641 1652
f 1641 1642 1643
f 1641 1643 1644
f 1641 1644 1645
f 1641 1645 1646
f 1641 1646 1647
f 1641 1647 1648
f 1641 1648 1649
f 1641 1649 1650
f 1641 1650 1651
f 1641 1651 1652
v 72.1800 160.0400 0.0000
v 69.0100 161.3200 0.0000
v 62.8700 151.4500 0.0000
v 52.7900 157.1100 0.0000
v 56.9500 166.1600 0.0000
v 55.1500 166.8800 0.0000
v 57.1000 173.2800 0.0000
v 57.1400 173.3900 0.0000
v 62.4200 192.7700 0.0000
v 62.4700 192.9400 0.0000
v 69.1600 217.4600 0.0000
v 93.6100 203.8400 0.0000
v 72.1800 160.0400 0.0000
v 72.1800 160.0400 120.0000
v 69.0100 161.3200 120.0000
v 62.8700 151.4500 120.0000
v 52.7900 157.1100 120.0000
v 56.9500 166.1600 120.0000
v 55.1500 166.8800 120.0000
v 57.1000 173.2800 120.0000
v 57.1400 173.3900 120.0000
v 62.4200 192.7700 120.0000
v 62.4700 192.9400 120.0000
v 69.1600 217.4600 120.0000
v 93.6100 203.8400 120.0000
v 72.1800 160.0400 120.0000
f 1653 1654 1667
f 1653 1667 1666
f 1654 1655 1668
f 1654 1668 1667
f 1655 1656 1669
f 1655 1669 1668
f 1656 1657 1670
f 1656 1670 1669
f 1657 1658 1671
f 1657 1671 1670
f 1658 1659 1672
f 1658 1672 1671
f 1659 1660 1673
f 1659 1673 1672
f 1660 1661 1674
f 1660 1674 1673
f 1661 1662 1675
f 1661 1675 1674
f 1662 1663 1676
f 1662 1676 1675
f 1663 1664 1677
f 1663 1677 1676
f 1664 1665 1678
f 1664 1678 1677
f 1665 1653 1666
f 1665 1666 1678
f 1666 1667 1668
f 1666 1668 1669
f 1666 1669 1670
f 1666 1670 1671
f 1666 1671 1672
f 1666 1672 1673
f 1666 1673 1674
f 1666 1674 1675
f 1666 1675 1676
f 1666 1676 1677
f 1666 1677 1678
v 148.5700 138.6500 0.0000
v 143.6200 129.7000 0.0000
v 136.9500 117.6100 0.0000
v 133.8600 112.0200 0.0000
v 91.3600 135.7900 0.0000
v 106.0000 162.3600 0.0000
v 137.5500 144.7800 0.0000
v 148.5700 138.6500 0.0000
v 148.5700 138.6500 157.0000
v 143.6200 129.7000 157.0000
v 136.9500 117.6100 157.0000
v 133.8600 112.0200 157.0000
v 91.3600 135.7900 157.0000
v 106.0000 162.3600 157.0000
v 137.5500 144.7800 157.0000
v 148.5700 138.6500 157.0000
f 1679 1680 1688
f 1679 1688 1687
f 1680 1681 1689
f 1680 1689 1688
f 1681 1682 1690
f 1681 1690 1689
f 1682 1683 1691
f 1682 1691 1690
f 1683 1684 1692
f 1683 1692 1691
f 1684 1685 1693
f 1684 1693 1692
f 1685 1686 1694
f 1685 1694 1693
f 1686 1679 1687
f 1686 1687 1694
f 1687 1688 1689
f 1687 1689 1690
f 1687 1690 1691
f 1687 1691 1692
f 1687 1692 1693
f 1687 1693 1694
v -114.0300 158.6500 0.0000
v -99.4200 184.9200 0.0000
v -99.1500 185.4200 0.0000
v -95.0600 192.7900 0.0000
v -84.5100 211.7900 0.0000
v -44.1800 189.2500 0.0000
v -27.1000 179.6600 0.0000
v -41.7000 153.3900 0.0000
v -45.4700 155.4900 0.0000
v -58.7300 163.0500 0.0000
v -72.3100 170.5300 0.0000
v -92.3900 181.7600 0.0000
v -107.3200 154.9000 0.0000
v -114.0300 158.6500 0.0000
v -114.0300 158.6500 168.0000
v -99.4200 184.9200 168.0000
v -99.1500 185.4200 168.0000
v -95.0600 192.7900 168.0000
v -84.5100 211.7900 168.0000
v -44.1800 189.2500 168.0000
v -27.1000 179.6600 168.0000
v -41.7000 153.3900 168.0000
v -45.4700 155.4900 168.0000
v -58.7300 163.0500 168.0000
v -72.3100 170.5300 168.0000
v -92.3900 181.7600 168.0000
v -107.3200 154.9000 168.0000
v -114.0300 158.6500 168.0000
f 1695 1696 1710
f 1695 1710 1709
f 1696 1697 1711
f 1696 1711 1710
f 1697 1698 1712
f 1697 1712 1711
f 1698 1699 1713
f 1698 1713 1712
f 1699 1700 1714
f 1699 1714 1713
f 1700 1701 1715
f 1700 1715 1714
f 1701 1702 1716
f 1701 1716 1715
f 1702 1703 1717
f 1702 1717 1716
f 1703 1704 1718
f 1703 1718 1717
f 1704 1705 1719
f 1704 1719 1718
f 1705 1706 1720
f 1705 1720 1719
f 1706 1707 1721
f 1706 1721 1720
f 1707 1708 1722
f 1707 1722 1721
f 1708 1695 1709
f 1708 1709 1722
f 1709 1710 1711
f 1709 1711 1712
f 1709 1712 1713
f 1709 1713 1714
f 1709 1714 1715
f 1709 1715 1716
f 1709 1716 1717
f 1709 1717 1718
f 1709 1718 1719
f 1709 1719 1720
f 1709 1720 1721
f 1709 1721 1722
v 164.5500 117.9700 0.0000
v 162.9800 118.8300 0.0000
v 156.6700 107.4200 0.0000
v 158.2400 106.5600 0.0000
v 154.8100 100.3500 0.0000
v 133.8600 112.0200 0.0000
v 136.9500 117.6100 0.0000
v 138.4000 116.8000 0.0000
v 145.0800 128.8900 0.0000
v 143.6200 129.7000 0.0000
v 148.5700 138.6500 0.0000
v 169.5200 126.9700 0.0000
v 164.5500 117.9700 0.0000
v 164.5500 117.9700 34.2000
v 162.9800 118.8300 34.2000
v 156.6700 107.4200 34.2000
v 158.2400 106.5600 34.2000
v 154.8100 100.3500 34.2000
v 133.8600 112.0200 34.2000
v 136.9500 117.6100 34.2000
v 138.4000 116.8000 34.2000
v 145.0800 128.8900 34.2000
v 143.6200 129.7000 34.2000
v 148.5700 138.6500 34.2000
v 169.5200 126.9700 34.2000
v 164.5500 117.9700 34.2000
f 1723 1724 1737
f 1723 1737 1736
f 1724 1725 1738
f 1724 1738 1737
f 1725 1726 1739
f 1725 1739 1738
f 1726 1727 1740
f 1726 1740 1739
f 1727 1728 1741
f 1727 1741 1740
f 1728 1729 1742
f 1728 1742 1741
f 1729 1730 1743
f 1729 1743 1742
f 1730 1731 1744
f 1730 1744 1743
f 1731 1732 1745
f 1731 1745 1744
f 1732 1733 1746
f 1732 1746 1745
f 1733 1734 1747
f 1733 1747 1746
f 1734 1735 1748
f 1734 1748 1747
f 1735 1723 1736
f 1735 1736 1748
f 1736 1737 1738
f 1736 1738 1739
f 1736 1739 1740
f 1736 1740 1741
f 1736 1741 1742
f 1736 1742 1743
f 1736 1743 1744
f 1736 1744 1745
f 1736 1745 1746
f 1736 1746 1747
f 1736 1747 1748
v 166.1400 -144.4500 0.0000
v 157.8900 -159.5400 0.0000
v 151.4500 -171.2100 0.0000
v 121.9300 -154.6800 0.0000
v 126.0600 -147.2200 0.0000
v 132.3900 -135.7500 0.0000
v 135.5800 -129.9900 0.0000
v 136.5800 -128.2500 0.0000
v 137.1800 -128.6000 0.0000
v 145.2100 -133.0400 0.0000
v 146.8000 -133.9200 0.0000
v 166.1400 -144.4500 0.0000
v 166.1400 -144.4500 19.2000
v 157.8900 -159.5400 19.2000
v 151.4500 -171.2100 19.2000
v 121.9300 -154.6800 19.2000
v 126.0600 -147.2200 19.2000
v 132.3900 -135.7500 19.2000
v 135.5800 -129.9900 19.2000
v 136.5800 -128.2500 19.2000
v 137.1800 -128.6000 19.2000
v 145.2100 -133.0400 19.2000
v 146.8000 -133.9200 19.2000
v 166.1400 -144.4500 19.2000
f 1749 1750 1762
f 1749 1762 1761
f 1750 1751 1763
f 1750 1763 1762
f 1751 1752 1764
f 1751 1764 1763
f 1752 1753 1765
f 1752 1765 1764
f 1753 1754 1766
f 1753 1766 1765
f 1754 1755 1767
f 1754 1767 1766
f 1755 1756 1768
f 1755 1768 1767
f 1756 1757 1769
f 1756 1769 1768
f 1757 1758 1770
f 1757 1770 1769
f 1758 1759 1771
f 1758 1771 1770
f 1759 1760 1772
f 1759 1772 1771
f 1760 1749 1761
f 1760 1761 1772
f 1761 1762 1763
f 1761 1763 1764
f 1761 1764 1765
f 1761 1765 1766
f 1761 1766 1767
f 1761 1767 1768
f 1761 1768 1769
f 1761 1769 1770
f 1761 1770 1771
f 1761 1771 1772
v -157.9400 127.3900 0.0000
v -162.2900 129.8100 0.0000
v -147.2300 156.9700 0.0000
v -142.8800 154.5700 0.0000
v -157.9400 127.3900 0.0000
v -157.9400 127.3900 13.7000
v -162.2900 129.8100 13.7000
v -147.2300 156.9700 13.7000
v -142.8800 154.5700 13.7000
v -157.9400 127.3900 13.7000
f 1773 1774 1779
f 1773 1779 1778
f 1774 1775 1780
f 1774 1780 1779
f 1775 1776 1781
f 1775 1781 1780
f 1776 1777 1782
f 1776 1782 1781
f 1777 1773 1778
f 1777 1778 1782
f 1778 1779 1780
f 1778 1780 1781
f 1778 1781 1782
v 201.5000 109.1600 0.0000
v 187.3500 83.5800 0.0000
v 186.7900 82.5400 0.0000
v 154.8100 100.3500 0.0000
v 158.2400 106.5600 0.0000
v 164.5500 117.9700 0.0000
v 169.5200 126.9700 0.0000
v 185.4800 118.0900 0.0000
v 186.8100 117.3400 0.0000
v 201.5000 109.1600 0.0000
v 201.5000 109.1600 120.0000
v 187.3500 83.5800 120.0000
v 186.7900 82.5400 120.0000
v 154.8100 100.3500 120.0000
v 158.2400 106.5600 120.0000
v 164.5500 117.9700 120.0000
v 169.5200 126.9700 120.0000
v 185.4800 118.0900 120.0000
v 186.8100 117.3400 120.0000
v 201.5000 109.1600 120.0000
f 1783 1784 1794
f 1783 1794 1793
f 1784 1785 1795
f 1784 1795 1794
f 1785 1786 1796
f 1785 1796 1795
f 1786 1787 1797
f 1786 1797 1796
f 1787 1788 1798
f 1787 1798 1797
f 1788 1789 1799
f 1788 1799 1798
f 1789 1790 1800
f 1789 1800 1799
f 1790 1791 1801
f 1790 1801 1800
f 1791 1792 1802
f 1791 1802 1801
f 1792 1783 1793
f 1792 1793 1802
f 1793 1794 1795
f 1793 1795 1796
f 1793 1796 1797
f 1793 1797 1798
f 1793 1798 1799
f 1793 1799 1800
f 1793 1800 1801
f 1793 1801 1802
v 137.5500 144.7800 0.0000
v 106.0000 162.3600 0.0000
v 113.1900 175.3600 0.0000
v 133.9600 163.8000 0.0000
v 137.8800 170.9000 0.0000
v 141.2400 176.9600 0.0000
v 146.6700 173.9400 0.0000
v 146.2100 173.1100 0.0000
v 151.5700 170.1200 0.0000
v 137.5500 144.7800 0.0000
v 137.5500 144.7800 15.5000
v 106.0000 162.3600 15.5000
v 113.1900 175.3600 15.5000
v 133.9600 163.8000 15.5000
v 137.8800 170.9000 15.5000
v 141.2400 176.9600 15.5000
v 146.6700 173.9400 15.5000
v 146.2100 173.1100 15.5000
v 151.5700 170.1200 15.5000
v 137.5500 144.7800 15.5000
f 1803 1804 1814
f 1803 1814 1813
f 1804 1805 1815
f 1804 1815 1814
f 1805 1806 1816
f 1805 1816 1815
f 1806 1807 1817
f 1806 1817 1816
f 1807 1808 1818
f 1807 1818 1817
f 1808 1809 1819
f 1808 1819 1818
f 1809 1810 1820
f 1809 1820 1819
f 1810 1811 1821
f 1810 1821 1820
f 1811 1812 1822
f 1811 1822 1821
f 1812 1803 1813
f 1812 1813 1822
f 1813 1814 1815
f 1813 1815 1816
f 1813 1816 1817
f 1813 1817 1818
f 1813 1818 1819
f 1813 1819 1820
f 1813 1820 1821
f 1813 1821 1822
v -157.1300 -147.1400 0.0000
v -166.4400 -141.9200 0.0000
v -181.2400 -168.5500 0.0000
v -183.7300 -167.1600 0.0000
v -186.8100 -165.4300 0.0000
v -172.2400 -139.2100 0.0000
v -189.2900 -129.6500 0.0000
v -174.0500 -102.2400 0.0000
v -151.1600 -115.0900 0.0000
v -142.1200 -120.1200 0.0000
v -143.2600 -122.3000 0.0000
v -157.1300 -147.1400 0.0000
v -157.1300 -147.1400 23.6000
v -166.4400 -141.9200 23.6000
v -181.2400 -168.5500 23.6000
v -183.7300 -167.1600 23.6000
v -186.8100 -165.4300 23.6000
v -172.2400 -139.2100 23.6000
v -189.2900 -129.6500 23.6000
v -174.0500 -102.2400 23.6000
v -151.1600 -115.0900 23.6000
v -142.1200 -120.1200 23.6000
v -143.2600 -122.3000 23.6000
v -157.1300 -147.1400 23.6000
f 1823 1824 1836
f 1823 1836 1835
f 1824 1825 1837
f 1824 1837 1836
f 1825 1826 1838
f 1825 1838 1837
f 1826 1827 1839
f 1826 1839 1838
f 1827 1828 1840
f 1827 1840 1839
f 1828 1829 1841
f 1828 1841 1840
f 1829 1830 1842
f 1829 1842 1841
f 1830 1831 1843
f 1830 1843 1842
f 1831 1832 1844
f 1831 1844 1843
f 1832 1833 1845
f 1832 1845 1844
f 1833 1834 1846
f 1833 1846 1845
f 1834 1823 1835
f 1834 1835 1846
f 1835 1836 1837
f 1835 1837 1838
f 1835 1838 1839
f 1835 1839 1840
f 1835 1840 1841
f 1835 1841 1842
f 1835 1842 1843
f 1835 1843 1844
f 1835 1844 1845
f 1835 1845 1846
v -106.9600 -160.0800 0.0000
v -109.6500 -158.5900 0.0000
v -120.9500 -178.9000 0.0000
v -121.3800 -180.6300 0.0000
v -121.8800 -182.3000 0.0000
v -122.4400 -183.8800 0.0000
v -122.7600 -184.5600 0.0000
v -123.5200 -185.9500 0.0000
v -124.6000 -187.2700 0.0000
v -125.6700 -188.5000 0.0000
v -126.8300 -189.6000 0.0000
v -127.3600 -189.9900 0.0000
v -128.7800 -190.7300 0.0000
v -130.2900 -191.3700 0.0000
v -131.8200 -191.8600 0.0000
v -132.5100 -191.9800 0.0000
v -134.1500 -192.0500 0.0000
v -135.7900 -191.9800 0.0000
v -136.5400 -191.8600 0.0000
v -138.1300 -191.3900 0.0000
v -138.8400 -191.0900 0.0000
v -140.3200 -190.2800 0.0000
v -140.9800 -189.8100 0.0000
v -141.5800 -189.3000 0.0000
v -142.7700 -188.0600 0.0000
v -143.9100 -186.7500 0.0000
v -145.0100 -185.3600 0.0000
v -145.5400 -184.6500 0.0000
v -145.2700 -184.1700 0.0000
v -148.9600 -182.0700 0.0000
v -160.9400 -175.4200 0.0000
v -148.0100 -152.2300 0.0000
v -157.1300 -147.1400 0.0000
v -143.2600 -122.3000 0.0000
v -139.1300 -124.6100 0.0000
v -137.9700 -122.5300 0.0000
v -101.3300 -142.9800 0.0000
v -99.9300 -147.4300 0.0000
v -106.9600 -160.0800 0.0000
v -106.9600 -160.0800 169.0000
v -109.6500 -158.5900 169.0000
v -120.9500 -178.9000 169.0000
v -121.3800 -180.6300 169.0000
v -121.8800 -182.3000 169.0000
v -122.4400 -183.8800 169.0000
v -122.7600 -184.5600 169.0000
v -123.5200 -185.9500 169.0000
v -124.6000 -187.2700 169.0000
v -125.6700 -188.5000 169.0000
v -126.8300 -189.6000 169.0000
v -127.3600 -189.9900 169.0000
v -128.7800 -190.7300 169.0000
v -130.2900 -191.3700 169.0000
v -131.8200 -191.8600 169.0000
v -132.5100 -191.9800 169.0000
v -134.1500 -192.0500 169.0000
v -135.7900 -191.9800 169.0000
v -136.5400 -191.8600 169.0000
v -138.1300 -191.3900 169.0000
v -138.8400 -191.0900 169.0000
v -140.3200 -190.2800 169.0000
v -140.9800 -189.8100 169.0000
v -141.5800 -189.3000 169.0000
v -142.7700 -188.0600 169.0000
v -143.9100 -186.7500 169.0000
v -145.0100 -185.3600 169.0000
v -145.5400 -184.6500 169.0000
v -145.2700 -184.1700 169.0000
v -148.9600 -182.0700 169.0000
v -160.9400 -175.4200 169.0000
v -148.0100 -152.2300 169.0000
v -157.1300 -147.1400 169.0000
v -143.2600 -122.3000 169.0000
v -139.1300 -124.6100 169.0000
v -137.9700 -122.5300 169.0000
v -101.3300 -142.9800 169.0000
v -99.9300 -147.4300 169.0000
v -106.9600 -160.0800 169.0000
f 1847 1848 1887
f 1847 1887 1886
f 1848 1849 1888
f 1848 1888 1887
f 1849 1850 1889
f 1849 1889 1888
f 1850 1851 1890
f 1850 1890 1889
f 1851 1852 1891
f 1851 1891 1890
f 1852 1853 1892
f 1852 1892 1891
f 1853 1854 1893
f 1853 1893 1892
f 1854 1855 1894
f 1854 1894 1893
f 1855 1856 1895
f 1855 1895 1894
f 1856 1857 1896
f 1856 1896 1895
f 1857 1858 1897
f 1857 1897 1896
f 1858 1859 1898
f 1858 1898 1897
f 1859 1860 1899
f 1859 1899 1898
f 1860 1861 1900
f 1860 1900 1899
f 1861 1862 1901
f 1861 1901 1900
f 1862 1863 1902
f 1862 1902 1901
f 1863 1864 1903
f 1863 1903 1902
f 1864 1865 1904
f 1864 1904 1903
f 1865 1866 1905
f 1865 1905 1904
f 1866 1867 1906
f 1866 1906 1905
f 1867 1868 1907
f 1867 1907 1906
f 1868 1869 1908
f 1868 1908 1907
f 1869 1870 1909
f 1869 1909 1908
f 1870 1871 1910
f 1870 1910 1909
f 1871 1872 1911
f 1871 1911 1910
f 1872 1873 1912
f 1872 1912 1911
f 1873 1874 1913
f 1873 1913 1912
f 1874 1875 1914
f 1874 1914 1913
f 1875 1876 1915
f 1875 1915 1914
f 1876 1877 1916
f 1876 1916 1915
f 1877 1878 1917
f 1877 1917 1916
f 1878 1879 1918
f 1878 1918 1917
f 1879 1880 1919
f 1879 1919 1918
f 1880 1881 1920
f 1880 1920 1919
f 1881 1882 1921
f 1881 1921 1920
f 1882 1883 1922
f 1882 1922 1921
f 1883 1884 1923
f 1883 1923 1922
f 1884 1885 1924
f 1884 1924 1923
f 1885 1847 1886
f 1885 1886 1924
f 1886 1887 1888
f 1886 1888 1889
f 1886 1889 1890
f 1886 1890 1891
f 1886 1891 1892
f 1886 1892 1893
f 1886 1893 1894
f 1886 1894 1895
f 1886 1895 1896
f 1886 1896 1897
f 1886 1897 1898
f 1886 1898 1899
f 1886 1899 1900
f 1886 1900 1901
f 1886 1901 1902
f 1886 1902 1903
f 1886 1903 1904
f 1886 1904 1905
f 1886 1905 1906
f 1886 1906 1907
f 1886 1907 1908
f 1886 1908 1909
f 1886 1909 1910
f 1886 1910 1911
f 1886 1911 1912
f 1886 1912 1913
f 1886 1913 1914
f 1886 1914 1915
f 1886 1915 1916
f 1886 1916 1917
f 1886 1917 1918
f 1886 1918 1919
f 1886 1919 1920
f 1886 1920 1921
f 1886 1921 1922
f 1886 1922 1923
f 1886 1923 1924
v 152.2800 171.4100 0.0000
v 192.9700 148.7500 0.0000
v 200.2000 144.7200 0.0000
v 185.4800 118.0900 0.0000
v 169.5200 126.9700 0.0000
v 148.5700 138.6500 0.0000
v 137.5500 144.7800 0.0000
v 151.5700 170.1200 0.0000
v 152.2800 171.4100 0.0000
v 152.2800 171.4100 168.0000
v 192.9700 148.7500 168.0000
v 200.2000 144.7200 168.0000
v 185.4800 118.0900 168.0000
v 169.5200 126.9700 168.0000
v 148.5700 138.6500 168.0000
v 137.5500 144.7800 168.0000
v 151.5700 170.1200 168.0000
v 152.2800 171.4100 168.0000
f 1925 1926 1935
f 1925 1935 1934
f 1926 1927 1936
f 1926 1936 1935
f 1927 1928 1937
f 1927 1937 1936
f 1928 1929 1938
f 1928 1938 1937
f 1929 1930 1939
f 1929 1939 1938
f 1930 1931 1940
f 1930 1940 1939
f 1931 1932 1941
f 1931 1941 1940
f 1932 1933 1942
f 1932 1942 1941
f 1933 1925 1934
f 1933 1934 1942
f 1934 1935 1936
f 1934 1936 1937
f 1934 1937 1938
f 1934 1938 1939
f 1934 1939 1940
f 1934 1940 1941
f 1934 1941 1942
v 190.6100 -173.0200 0.0000
v 193.0500 -173.0200 0.0000
v 194.6100 -172.0100 0.0000
v 209.2000 -145.5700 0.0000
v 210.2600 -143.1800 0.0000
v 210.4600 -141.1600 0.0000
v 210.0200 -139.4600 0.0000
v 208.7500 -137.9400 0.0000
v 163.6900 -114.0500 0.0000
v 159.0700 -111.7800 0.0000
v 158.5300 -112.7800 0.0000
v 157.6500 -114.3800 0.0000
v 157.3600 -114.8500 0.0000
v 155.9500 -117.3900 0.0000
v 154.9300 -119.2200 0.0000
v 154.0600 -120.8200 0.0000
v 151.3400 -125.7100 0.0000
v 150.4600 -127.3000 0.0000
v 147.6700 -132.3300 0.0000
v 146.8000 -133.9200 0.0000
v 166.1400 -144.4500 0.0000
v 157.8900 -159.5400 0.0000
v 160.5500 -160.8500 0.0000
v 160.7800 -166.9500 0.0000
v 180.9000 -177.8100 0.0000
v 186.3300 -176.6800 0.0000
v 188.8900 -172.2100 0.0000
v 190.6100 -173.0200 0.0000
v 190.6100 -173.0200 168.0000
v 193.0500 -173.0200 168.0000
v 194.6100 -172.0100 168.0000
v 209.2000 -145.5700 168.0000
v 210.2600 -143.1800 168.0000
v 210.4600 -141.1600 168.0000
v 210.0200 -139.4600 168.0000
v 208.7500 -137.9400 168.0000
v 163.6900 -114.0500 168.0000
v 159.0700 -111.7800 168.0000
v 158.5300 -112.7800 168.0000
v 157.6500 -114.3800 168.0000
v 157.3600 -114.8500 168.0000
v 155.9500 -117.3900 168.0000
v 154.9300 -119.2200 168.0000
v 154.0600 -120.8200 168.0000
v 151.3400 -125.7100 168.0000
v 150.4600 -127.3000 168.0000
v 147.6700 -132.3300 168.0000
v 146.8000 -133.9200 168.0000
v 166.1400 -144.4500 168.0000
v 157.8900 -159.5400 168.0000
v 160.5500 -160.8500 168.0000
v 160.7800 -166.9500 168.0000
v 180.9000 -177.8100 168.0000
v 186.3300 -176.6800 168.0000
v 188.8900 -172.2100 168.0000
v 190.6100 -173.0200 168.0000
f 1943 1944 1972
f 1943 1972 1971
f 1944 1945 1973
f 1944 1973 1972
f 1945 1946 1974
f 1945 1974 1973
f 1946 1947 1975
f 1946 1975 1974
f 1947 1948 1976
f 1947 1976 1975
f 1948 1949 1977
f 1948 1977 1976
f 1949 1950 1978
f 1949 1978 1977
f 1950 1951 1979
f 1950 1979 1978
f 1951 1952 1980
f 1951 1980 1979
f 1952 1953 1981
f 1952 1981 1980
f 1953 1954 1982
f 1953 1982 1981
f 1954 1955 1983
f 1954 1983 1982
f 1955 1956 1984
f 1955 1984 1983
f 1956 1957 1985
f 1956 1985 1984
f 1957 1958 1986
f 1957 1986 1985
f 1958 1959 1987
f 1958 1987 1986
f 1959 1960 1988
f 1959 1988 1987
f 1960 1961 1989
f 1960 1989 1988
f 1961 1962 1990
f 1961 1990 1989
f 1962 1963 1991
f 1962 1991 1990
f 1963 1964 1992
f 1963 1992 1991
f 1964 1965 1993
f 1964 1993 1992
f 1965 1966 1994
f 1965 1994 1993
f 1966 1967 1995
f 1966 1995 1994
f 1967 1968 1996
f 1967 1996 1995
f 1968 1969 1997
f 1968 1997 1996
f 1969 1970 1998
f 1969 1998 1997
f 1970 1943 1971
f 1970 1971 1998
f 1971 1972 1973
f 1971 1973 1974
f 1971 1974 1975
f 1971 1975 1976
f 1971 1976 1977
f 1971 1977 1978
f 1971 1978 1979
f 1971 1979 1980
f 1971 1980 1981
f 1971 1981 1982
f 1971 1982 1983
f 1971 1983 1984
f 1971 1984 1985
f 1971 1985 1986
f 1971 1986 1987
f 1971 1987 1988
f 1971 1988 1989
f 1971 1989 1990
f 1971 1990 1991
f 1971 1991 1992
f 1971 1992 1993
f 1971 1993 1994
f 1971 1994 1995
f 1971 1995 1996
f 1971 1996 1997
f 1971 1997 1998
v -99.4200 184.9200 0.0000
v -114.0300 158.6500 0.0000
v -154.8400 182.1300 0.0000
v -152.6200 186.0800 0.0000
v -144.1900 201.5100 0.0000
v -140.7100 208.0000 0.0000
v -119.5200 196.1700 0.0000
v -112.7900 192.4000 0.0000
v -99.4200 184.9200 0.0000
v -99.4200 184.9200 61.9000
v -114.0300 158.6500 61.9000
v -154.8400 182.1300 61.9000
v -152.6200 186.0800 61.9000
v -144.1900 201.5100 61.9000
v -140.7100 208.0000 61.9000
v -119.5200 196.1700 61.9000
v -112.7900 192.4000 61.9000
v -99.4200 184.9200 61.9000
f 1999 2000 2009
f 1999 2009 2008
f 2000 2001 2010
f 2000 2010 2009
f 2001 2002 2011
f 2001 2011 2010
f 2002 2003 2012
f 2002 2012 2011
f 2003 2004 2013
f 2003 2013 2012
f 2004 2005 2014
f 2004 2014 2013
f 2005 2006 2015
f 2005 2015 2014
f 2006 2007 2016
f 2006 2016 2015
f 2007 1999 2008
f 2007 2008 2016
f 2008 2009 2010
f 2008 2010 2011
f 2008 2011 2012
f 2008 2012 2013
f 2008 2013 2014
f 2008 2014 2015
f 2008 2015 2016
v -148.0100 -152.2300 0.0000
v -160.9400 -175.4200 0.0000
v -162.8400 -178.8600 0.0000
v -170.3600 -174.6200 0.0000
v -181.2400 -168.5500 0.0000
v -166.4400 -141.9200 0.0000
v -157.1300 -147.1400 0.0000
v -148.0100 -152.2300 0.0000
v -148.0100 -152.2300 21.1000
v -160.9400 -175.4200 21.1000
v -162.8400 -178.8600 21.1000
v -170.3600 -174.6200 21.1000
v -181.2400 -168.5500 21.1000
v -166.4400 -141.9200 21.1000
v -157.1300 -147.1400 21.1000
v -148.0100 -152.2300 21.1000
f 2017 2018 2026
f 2017 2026 2025
f 2018 2019 2027
f 2018 2027 2026
f 2019 2020 2028
f 2019 2028 2027
f 2020 2021 2029
f 2020 2029 2028
f 2021 2022 2030
f 2021 2030 2029
f 2022 2023 2031
f 2022 2031 2030
f 2023 2024 2032
f 2023 2032 2031
f 2024 2017 2025
f 2024 2025 2032
f 2025 2026 2027
f 2025 2027 2028
f 2025 2028 2029
f 2025 2029 2030
f 2025 2030 2031
f 2025 2031 2032
v -212.2200 155.3500 0.0000
v -196.2100 184.1600 0.0000
v -147.2300 156.9700 0.0000
v -162.2900 129.8100 0.0000
v -177.1300 103.1000 0.0000
v -226.1900 130.3200 0.0000
v -220.9000 139.8200 0.0000
v -203.1300 129.9400 0.0000
v -200.2000 135.2100 0.0000
v -197.4500 140.1800 0.0000
v -194.4900 145.4900 0.0000
v -212.2200 155.3500 0.0000
v -212.2200 155.3500 325.1000
v -196.2100 184.1600 325.1000
v -147.2300 156.9700 325.1000
v -162.2900 129.8100 325.1000
v -177.1300 103.1000 325.1000
v -226.1900 130.3200 325.1000
v -220.9000 139.8200 325.1000
v -203.1300 129.9400 325.1000
v -200.2000 135.2100 325.1000
v -197.4500 140.1800 325.1000
v -194.4900 145.4900 325.1000
v -212.2200 155.3500 325.1000
f 2033 2034 2046
f 2033 2046 2045
f 2034 2035 2047
f 2034 2047 2046
f 2035 2036 2048
f 2035 2048 2047
f 2036 2037 2049
f 2036 2049 2048
f 2037 2038 2050
f 2037 2050 2049
f 2038 2039 2051
f 2038 2051 2050
f 2039 2040 2052
f 2039 2052 2051
f 2040 2041 2053
f 2040 2053 2052
f 2041 2042 2054
f 2041 2054 2053
f 2042 2043 2055
f 2042 2055 2054
f 2043 2044 2056
f 2043 2056 2055
f 2044 2033 2045
f 2044 2045 2056
f 2045 2046 2047
f 2045 2047 2048
f 2045 2048 2049
f 2045 2049 2050
f 2045 2050 2051
f 2045 2051 2052
f 2045 2052 2053
f 2045 2053 2054
f 2045 2054 2055
f 2045 2055 2056