# OBJ file generated by Context Generator
# City/Profile: Tokyo (Shinjuku)
# Radius: 160.0m

g SiteParcel
v -4.4400 42.5600 0.0000
v 30.5100 30.7400 0.0000
v 11.2500 -22.1000 0.0000
v 9.0200 -23.0100 0.0000
v 4.8300 -21.5100 0.0000
v -22.4600 -11.2300 0.0000
v -23.3000 -8.9200 0.0000
v -17.2200 7.6700 0.0000
v -4.4400 42.5600 0.0000
f 1 2 3
f 1 3 4
f 1 4 5
f 1 5 6
f 1 6 7
f 1 7 8
f 1 8 9

g ContextBuildings
v -11.1300 44.7400 0.0000
v -4.4400 42.5600 0.0000
v -17.2200 7.6700 0.0000
v -25.5400 10.5600 0.0000
v -11.1300 44.7400 0.0000
v -11.1300 44.7400 42.2000
v -4.4400 42.5600 42.2000
v -17.2200 7.6700 42.2000
v -25.5400 10.5600 42.2000
v -11.1300 44.7400 42.2000
f 10 11 16
f 10 16 15
f 11 12 17
f 11 17 16
f 12 13 18
f 12 18 17
f 13 14 19
f 13 19 18
f 14 10 15
f 14 15 19
f 15 16 17
f 15 17 18
f 15 18 19
v -29.3100 27.3700 0.0000
v -26.7500 26.5900 0.0000
v -26.0500 24.9000 0.0000
v -27.5200 21.2600 0.0000
v -30.9000 22.3100 0.0000
v -29.3100 27.3700 0.0000
v -29.3100 27.3700 15.2000
v -26.7500 26.5900 15.2000
v -26.0500 24.9000 15.2000
v -27.5200 21.2600 15.2000
v -30.9000 22.3100 15.2000
v -29.3100 27.3700 15.2000
f 20 21 27
f 20 27 26
f 21 22 28
f 21 28 27
f 22 23 29
f 22 29 28
f 23 24 30
f 23 30 29
f 24 25 31
f 24 31 30
f 25 20 26
f 25 26 31
f 26 27 28
f 26 28 29
f 26 29 30
f 26 30 31
v -18.3900 -27.8000 0.0000
v -8.2400 -31.2400 0.0000
v -14.7000 -50.2800 0.0000
v -24.8500 -46.8400 0.0000
v -18.3900 -27.8000 0.0000
v -18.3900 -27.8000 41.2000
v -8.2400 -31.2400 41.2000
v -14.7000 -50.2800 41.2000
v -24.8500 -46.8400 41.2000
v -18.3900 -27.8000 41.2000
f 32 33 38
f 32 38 37
f 33 34 39
f 33 39 38
f 34 35 40
f 34 40 39
f 35 36 41
f 35 41 40
f 36 32 37
f 36 37 41
f 37 38 39
f 37 39 40
f 37 40 41
v -7.6600 -31.4900 0.0000
v -3.1100 -33.0300 0.0000
v -9.5300 -52.0100 0.0000
v -14.0800 -50.4700 0.0000
v -7.6600 -31.4900 0.0000
v -7.6600 -31.4900 34.9000
v -3.1100 -33.0300 34.9000
v -9.5300 -52.0100 34.9000
v -14.0800 -50.4700 34.9000
v -7.6600 -31.4900 34.9000
f 42 43 48
f 42 48 47
f 43 44 49
f 43 49 48
f 44 45 50
f 44 50 49
f 45 46 51
f 45 51 50
f 46 42 47
f 46 47 51
f 47 48 49
f 47 49 50
f 47 50 51
v 22.6900 33.7400 0.0000
v 23.8100 36.9600 0.0000
v 38.3900 31.8000 0.0000
v 37.5700 28.9700 0.0000
v 22.6900 33.7400 0.0000
v 22.6900 33.7400 42.2000
v 23.8100 36.9600 42.2000
v 38.3900 31.8000 42.2000
v 37.5700 28.9700 42.2000
v 22.6900 33.7400 42.2000
f 52 53 58
f 52 58 57
f 53 54 59
f 53 59 58
f 54 55 60
f 54 60 59
f 55 56 61
f 55 61 60
f 56 52 57
f 56 57 61
f 57 58 59
f 57 59 60
f 57 60 61
v -2.5000 -33.2000 0.0000
v 1.4200 -34.5300 0.0000
v 8.3300 -36.8900 0.0000
v 10.7500 -40.7900 0.0000
v 9.8200 -44.4100 0.0000
v 8.9100 -47.3800 0.0000
v 7.7100 -50.5900 0.0000
v 5.9800 -54.1500 0.0000
v 1.8400 -55.9600 0.0000
v -9.0000 -52.2600 0.0000
v -2.5000 -33.2000 0.0000
v -2.5000 -33.2000 40.2000
v 1.4200 -34.5300 40.2000
v 8.3300 -36.8900 40.2000
v 10.7500 -40.7900 40.2000
v 9.8200 -44.4100 40.2000
v 8.9100 -47.3800 40.2000
v 7.7100 -50.5900 40.2000
v 5.9800 -54.1500 40.2000
v 1.8400 -55.9600 40.2000
v -9.0000 -52.2600 40.2000
v -2.5000 -33.2000 40.2000
f 62 63 74
f 62 74 73
f 63 64 75
f 63 75 74
f 64 65 76
f 64 76 75
f 65 66 77
f 65 77 76
f 66 67 78
f 66 78 77
f 67 68 79
f 67 79 78
f 68 69 80
f 68 80 79
f 69 70 81
f 69 81 80
f 70 71 82
f 70 82 81
f 71 72 83
f 71 83 82
f 72 62 73
f 72 73 83
f 73 74 75
f 73 75 76
f 73 76 77
f 73 77 78
f 73 78 79
f 73 79 80
f 73 80 81
f 73 81 82
f 73 82 83
v -32.3600 -22.8700 0.0000
v -24.4400 -25.5600 0.0000
v -30.9700 -44.7800 0.0000
v -38.8900 -42.0900 0.0000
v -32.3600 -22.8700 0.0000
v -32.3600 -22.8700 40.4000
v -24.4400 -25.5600 40.4000
v -30.9700 -44.7800 40.4000
v -38.8900 -42.0900 40.4000
v -32.3600 -22.8700 40.4000
f 84 85 90
f 84 90 89
f 85 86 91
f 85 91 90
f 86 87 92
f 86 92 91
f 87 88 93
f 87 93 92
f 88 84 89
f 88 89 93
f 89 90 91
f 89 91 92
f 89 92 93
v -54.6500 4.4500 0.0000
v -52.8700 9.3500 0.0000
v -35.0500 3.7500 0.0000
v -36.6200 -1.2400 0.0000
v -37.5200 -0.9600 0.0000
v -54.6500 4.4500 0.0000
v -54.6500 4.4500 16.2000
v -52.8700 9.3500 16.2000
v -35.0500 3.7500 16.2000
v -36.6200 -1.2400 16.2000
v -37.5200 -0.9600 16.2000
v -54.6500 4.4500 16.2000
f 94 95 101
f 94 101 100
f 95 96 102
f 95 102 101
f 96 97 103
f 96 103 102
f 97 98 104
f 97 104 103
f 98 99 105
f 98 105 104
f 99 94 100
f 99 100 105
f 100 101 102
f 100 102 103
f 100 103 104
f 100 104 105
v -54.6500 4.4500 0.0000
v -37.5200 -0.9600 0.0000
v -37.8200 -1.9000 0.0000
v -38.1100 -2.8300 0.0000
v -39.8900 -8.5000 0.0000
v -57.4500 -3.1900 0.0000
v -54.6500 4.4500 0.0000
v -54.6500 4.4500 16.2000
v -37.5200 -0.9600 16.2000
v -37.8200 -1.9000 16.2000
v -38.1100 -2.8300 16.2000
v -39.8900 -8.5000 16.2000
v -57.4500 -3.1900 16.2000
v -54.6500 4.4500 16.2000
f 106 107 114
f 106 114 113
f 107 108 115
f 107 115 114
f 108 109 116
f 108 116 115
f 109 110 117
f 109 117 116
f 110 111 118
f 110 118 117
f 111 112 119
f 111 119 118
f 112 106 113
f 112 113 119
f 113 114 115
f 113 115 116
f 113 116 117
f 113 117 118
f 113 118 119
v -29.7500 27.6100 0.0000
v -31.2400 22.5500 0.0000
v -47.5400 27.3700 0.0000
v -46.0400 32.4200 0.0000
v -29.7500 27.6100 0.0000
v -29.7500 27.6100 11.4000
v -31.2400 22.5500 11.4000
v -47.5400 27.3700 11.4000
v -46.0400 32.4200 11.4000
v -29.7500 27.6100 11.4000
f 120 121 126
f 120 126 125
f 121 122 127
f 121 127 126
f 122 123 128
f 122 128 127
f 123 124 129
f 123 129 128
f 124 120 125
f 124 125 129
f 125 126 127
f 125 127 128
f 125 128 129
v -47.8800 26.9600 0.0000
v -27.7600 20.9700 0.0000
v -34.1900 5.4000 0.0000
v -53.8600 11.3300 0.0000
v -47.8800 26.9600 0.0000
v -47.8800 26.9600 15.5000
v -27.7600 20.9700 15.5000
v -34.1900 5.4000 15.5000
v -53.8600 11.3300 15.5000
v -47.8800 26.9600 15.5000
f 130 131 136
f 130 136 135
f 131 132 137
f 131 137 136
f 132 133 138
f 132 138 137
f 133 134 139
f 133 139 138
f 134 130 135
f 134 135 139
f 135 136 137
f 135 137 138
f 135 138 139
v 19.2800 35.5000 0.0000
v 23.9300 50.0500 0.0000
v 27.1000 49.0300 0.0000
v 22.3000 34.4800 0.0000
v 19.2800 35.5000 0.0000
v 19.2800 35.5000 6.4000
v 23.9300 50.0500 6.4000
v 27.1000 49.0300 6.4000
v 22.3000 34.4800 6.4000
v 19.2800 35.5000 6.4000
f 140 141 146
f 140 146 145
f 141 142 147
f 141 147 146
f 142 143 148
f 142 148 147
f 143 144 149
f 143 149 148
f 144 140 145
f 144 145 149
f 145 146 147
f 145 147 148
f 145 148 149
v -38.4500 -21.6500 0.0000
v -36.2200 -21.5500 0.0000
v -32.7500 -22.7400 0.0000
v -39.3300 -42.0300 0.0000
v -46.1800 -39.6900 0.0000
v -38.4500 -21.6500 0.0000
v -38.4500 -21.6500 44.3000
v -36.2200 -21.5500 44.3000
v -32.7500 -22.7400 44.3000
v -39.3300 -42.0300 44.3000
v -46.1800 -39.6900 44.3000
v -38.4500 -21.6500 44.3000
f 150 151 157
f 150 157 156
f 151 152 158
f 151 158 157
f 152 153 159
f 152 159 158
f 153 154 160
f 153 160 159
f 154 155 161
f 154 161 160
f 155 150 156
f 155 156 161
f 156 157 158
f 156 158 159
f 156 159 160
f 156 160 161
v -28.8100 45.6600 0.0000
v -18.4300 42.3000 0.0000
v -22.4100 32.9600 0.0000
v -32.8000 36.0000 0.0000
v -28.8100 45.6600 0.0000
v -28.8100 45.6600 42.2000
v -18.4300 42.3000 42.2000
v -22.4100 32.9600 42.2000
v -32.8000 36.0000 42.2000
v -28.8100 45.6600 42.2000
f 162 163 168
f 162 168 167
f 163 164 169
f 163 169 168
f 164 165 170
f 164 170 169
f 165 166 171
f 165 171 170
f 166 162 167
f 166 167 171
f 167 168 169
f 167 169 170
f 167 170 171
v 29.2600 -36.2500 0.0000
v 30.9600 -31.5900 0.0000
v 31.9100 -28.9800 0.0000
v 32.3800 -27.7100 0.0000
v 53.2700 -35.3000 0.0000
v 46.8300 -42.7600 0.0000
v 29.2600 -36.2500 0.0000
v 29.2600 -36.2500 38.4000
v 30.9600 -31.5900 38.4000
v 31.9100 -28.9800 38.4000
v 32.3800 -27.7100 38.4000
v 53.2700 -35.3000 38.4000
v 46.8300 -42.7600 38.4000
v 29.2600 -36.2500 38.4000
f 172 173 180
f 172 180 179
f 173 174 181
f 173 181 180
f 174 175 182
f 174 182 181
f 175 176 183
f 175 183 182
f 176 177 184
f 176 184 183
f 177 178 185
f 177 185 184
f 178 172 179
f 178 179 185
f 179 180 181
f 179 181 182
f 179 182 183
f 179 183 184
f 179 184 185
v 37.8800 -13.0200 0.0000
v 32.6100 -27.1300 0.0000
v 53.8900 -34.8900 0.0000
v 61.2400 -22.0500 0.0000
v 37.8800 -13.0200 0.0000
v 37.8800 -13.0200 38.8000
v 32.6100 -27.1300 38.8000
v 53.8900 -34.8900 38.8000
v 61.2400 -22.0500 38.8000
v 37.8800 -13.0200 38.8000
f 186 187 192
f 186 192 191
f 187 188 193
f 187 193 192
f 188 189 194
f 188 194 193
f 189 190 195
f 189 195 194
f 190 186 191
f 190 191 195
f 191 192 193
f 191 193 194
f 191 194 195
v 23.9500 37.2700 0.0000
v 27.6800 48.8200 0.0000
v 42.7100 43.2800 0.0000
v 38.6800 32.0300 0.0000
v 23.9500 37.2700 0.0000
v 23.9500 37.2700 28.6000
v 27.6800 48.8200 28.6000
v 42.7100 43.2800 28.6000
v 38.6800 32.0300 28.6000
v 23.9500 37.2700 28.6000
f 196 197 202
f 196 202 201
f 197 198 203
f 197 203 202
f 198 199 204
f 198 204 203
f 199 200 205
f 199 205 204
f 200 196 201
f 200 201 205
f 201 202 203
f 201 203 204
f 201 204 205
v 44.4700 4.4400 0.0000
v 47.4500 5.7200 0.0000
v 69.1900 -1.2100 0.0000
v 61.4900 -21.3000 0.0000
v 38.1600 -12.4000 0.0000
v 44.4700 4.4400 0.0000
v 44.4700 4.4400 39.9000
v 47.4500 5.7200 39.9000
v 69.1900 -1.2100 39.9000
v 61.4900 -21.3000 39.9000
v 38.1600 -12.4000 39.9000
v 44.4700 4.4400 39.9000
f 206 207 213
f 206 213 212
f 207 208 214
f 207 214 213
f 208 209 215
f 208 215 214
f 209 210 216
f 209 216 215
f 210 211 217
f 210 217 216
f 211 206 212
f 211 212 217
f 212 213 214
f 212 214 215
f 212 215 216
f 212 216 217
v -2.9300 60.0000 0.0000
v 7.2100 56.5300 0.0000
v 2.2200 41.2200 0.0000
v -10.8700 45.5500 0.0000
v -5.5900 58.7300 0.0000
v -2.9300 60.0000 0.0000
v -2.9300 60.0000 20.4000
v 7.2100 56.5300 20.4000
v 2.2200 41.2200 20.4000
v -10.8700 45.5500 20.4000
v -5.5900 58.7300 20.4000
v -2.9300 60.0000 20.4000
f 218 219 225
f 218 225 224
f 219 220 226
f 219 226 225
f 220 221 227
f 220 227 226
f 221 222 228
f 221 228 227
f 222 223 229
f 222 229 228
f 223 218 224
f 223 224 229
f 224 225 226
f 224 226 227
f 224 227 228
f 224 228 229
v -59.2600 -3.1600 0.0000
v -40.1000 -8.9200 0.0000
v -43.8900 -18.0400 0.0000
v -62.9900 -12.5900 0.0000
v -59.2600 -3.1600 0.0000
v -59.2600 -3.1600 16.8000
v -40.1000 -8.9200 16.8000
v -43.8900 -18.0400 16.8000
v -62.9900 -12.5900 16.8000
v -59.2600 -3.1600 16.8000
f 230 231 236
f 230 236 235
f 231 232 237
f 231 237 236
f 232 233 238
f 232 238 237
f 233 234 239
f 233 239 238
f 234 230 235
f 234 235 239
f 235 236 237
f 235 237 238
f 235 238 239
v -26.0600 53.7900 0.0000
v -15.3200 50.0500 0.0000
v -18.2400 42.9100 0.0000
v -28.8400 46.4200 0.0000
v -26.0600 53.7900 0.0000
v -26.0600 53.7900 42.2000
v -15.3200 50.0500 42.2000
v -18.2400 42.9100 42.2000
v -28.8400 46.4200 42.2000
v -26.0600 53.7900 42.2000
f 240 241 246
f 240 246 245
f 241 242 247
f 241 247 246
f 242 243 248
f 242 248 247
f 243 244 249
f 243 249 248
f 244 240 245
f 244 245 249
f 245 246 247
f 245 247 248
f 245 248 249
v 25.1200 -47.2700 0.0000
v 29.0000 -37.0200 0.0000
v 46.0500 -43.4100 0.0000
v 37.7500 -51.9000 0.0000
v 25.1200 -47.2700 0.0000
v 25.1200 -47.2700 28.6000
v 29.0000 -37.0200 28.6000
v 46.0500 -43.4100 28.6000
v 37.7500 -51.9000 28.6000
v 25.1200 -47.2700 28.6000
f 250 251 256
f 250 256 255
f 251 252 257
f 251 257 256
f 252 253 258
f 252 258 257
f 253 254 259
f 253 259 258
f 254 250 255
f 254 255 259
f 255 256 257
f 255 257 258
f 255 258 259
v -56.3200 -15.8500 0.0000
v -47.4100 -18.4500 0.0000
v -47.6100 -19.1900 0.0000
v -45.1600 -19.9900 0.0000
v -52.0700 -38.0000 0.0000
v -62.0600 -35.1200 0.0000
v -56.3200 -15.8500 0.0000
v -56.3200 -15.8500 43.9000
v -47.4100 -18.4500 43.9000
v -47.6100 -19.1900 43.9000
v -45.1600 -19.9900 43.9000
v -52.0700 -38.0000 43.9000
v -62.0600 -35.1200 43.9000
v -56.3200 -15.8500 43.9000
f 260 261 268
f 260 268 267
f 261 262 269
f 261 269 268
f 262 263 270
f 262 270 269
f 263 264 271
f 263 271 270
f 264 265 272
f 264 272 271
f 265 266 273
f 265 273 272
f 266 260 267
f 266 267 273
f 267 268 269
f 267 269 270
f 267 270 271
f 267 271 272
f 267 272 273
v -19.7200 -56.1300 0.0000
v -19.6500 -55.9400 0.0000
v -19.1500 -54.5100 0.0000
v -18.6500 -53.1000 0.0000
v -18.5800 -52.9000 0.0000
v -13.2800 -54.7600 0.0000
v -14.4100 -57.9900 0.0000
v -19.7200 -56.1300 0.0000
v -19.7200 -56.1300 3.0000
v -19.6500 -55.9400 3.0000
v -19.1500 -54.5100 3.0000
v -18.6500 -53.1000 3.0000
v -18.5800 -52.9000 3.0000
v -13.2800 -54.7600 3.0000
v -14.4100 -57.9900 3.0000
v -19.7200 -56.1300 3.0000
f 274 275 283
f 274 283 282
f 275 276 284
f 275 284 283
f 276 277 285
f 276 285 284
f 277 278 286
f 277 286 285
f 278 279 287
f 278 287 286
f 279 280 288
f 279 288 287
f 280 281 289
f 280 289 288
f 281 274 282
f 281 282 289
f 282 283 284
f 282 284 285
f 282 285 286
f 282 286 287
f 282 287 288
f 282 288 289
v -25.9000 54.4200 0.0000
v -23.3100 61.1500 0.0000
v -11.7400 57.0400 0.0000
v -14.8600 50.6900 0.0000
v -25.9000 54.4200 0.0000
v -25.9000 54.4200 42.2000
v -23.3100 61.1500 42.2000
v -11.7400 57.0400 42.2000
v -14.8600 50.6900 42.2000
v -25.9000 54.4200 42.2000
f 290 291 296
f 290 296 295
f 291 292 297
f 291 297 296
f 292 293 298
f 292 298 297
f 293 294 299
f 293 299 298
f 294 290 295
f 294 295 299
f 295 296 297
f 295 297 298
f 295 298 299
v 51.5600 18.8200 0.0000
v 73.5400 11.1100 0.0000
v 71.1300 4.1000 0.0000
v 50.7400 10.6100 0.0000
v 50.1400 13.8300 0.0000
v 51.5600 18.8200 0.0000
v 51.5600 18.8200 42.2000
v 73.5400 11.1100 42.2000
v 71.1300 4.1000 42.2000
v 50.7400 10.6100 42.2000
v 50.1400 13.8300 42.2000
v 51.5600 18.8200 42.2000
f 300 301 307
f 300 307 306
f 301 302 308
f 301 308 307
f 302 303 309
f 302 309 308
f 303 304 310
f 303 310 309
f 304 305 311
f 304 311 310
f 305 300 306
f 305 306 311
f 306 307 308
f 306 308 309
f 306 309 310
f 306 310 311
v -31.6800 -51.9900 0.0000
v -36.7800 -50.2300 0.0000
v -35.6500 -46.9500 0.0000
v -30.5400 -48.7200 0.0000
v -30.6000 -48.8900 0.0000
v -31.1100 -50.3400 0.0000
v -31.6100 -51.7700 0.0000
v -31.6800 -51.9900 0.0000
v -31.6800 -51.9900 3.0000
v -36.7800 -50.2300 3.0000
v -35.6500 -46.9500 3.0000
v -30.5400 -48.7200 3.0000
v -30.6000 -48.8900 3.0000
v -31.1100 -50.3400 3.0000
v -31.6100 -51.7700 3.0000
v -31.6800 -51.9900 3.0000
f 312 313 321
f 312 321 320
f 313 314 322
f 313 322 321
f 314 315 323
f 314 323 322
f 315 316 324
f 315 324 323
f 316 317 325
f 316 325 324
f 317 318 326
f 317 326 325
f 318 319 327
f 318 327 326
f 319 312 320
f 319 320 327
f 320 321 322
f 320 322 323
f 320 323 324
f 320 324 325
f 320 325 326
f 320 326 327
v 24.7100 -48.3200 0.0000
v 36.8400 -52.7300 0.0000
v 24.2700 -61.7500 0.0000
v 22.0900 -59.5700 0.0000
v 21.5800 -58.6400 0.0000
v 21.4800 -57.7400 0.0000
v 21.6600 -56.6700 0.0000
v 24.7100 -48.3200 0.0000
v 24.7100 -48.3200 38.2000
v 36.8400 -52.7300 38.2000
v 24.2700 -61.7500 38.2000
v 22.0900 -59.5700 38.2000
v 21.5800 -58.6400 38.2000
v 21.4800 -57.7400 38.2000
v 21.6600 -56.6700 38.2000
v 24.7100 -48.3200 38.2000
f 328 329 337
f 328 337 336
f 329 330 338
f 329 338 337
f 330 331 339
f 330 339 338
f 331 332 340
f 331 340 339
f 332 333 341
f 332 341 340
f 333 334 342
f 333 342 341
f 334 335 343
f 334 343 342
f 335 328 336
f 335 336 343
f 336 337 338
f 336 338 339
f 336 339 340
f 336 340 341
f 336 341 342
f 336 342 343
v -23.3600 61.6000 0.0000
v -21.0700 67.6400 0.0000
v -9.3600 63.7500 0.0000
v -11.7900 57.4200 0.0000
v -23.3600 61.6000 0.0000
v -23.3600 61.6000 42.2000
v -21.0700 67.6400 42.2000
v -9.3600 63.7500 42.2000
v -11.7900 57.4200 42.2000
v -23.3600 61.6000 42.2000
f 344 345 350
f 344 350 349
f 345 346 351
f 345 351 350
f 346 347 352
f 346 352 351
f 347 348 353
f 347 353 352
f 348 344 349
f 348 349 353
f 349 350 351
f 349 351 352
f 349 352 353
v 0.1500 64.3600 0.0000
v 2.7900 72.9100 0.0000
v 18.6700 66.3000 0.0000
v 16.0300 59.5900 0.0000
v 0.1500 64.3600 0.0000
v 0.1500 64.3600 42.2000
v 2.7900 72.9100 42.2000
v 18.6700 66.3000 42.2000
v 16.0300 59.5900 42.2000
v 0.1500 64.3600 42.2000
f 354 355 360
f 354 360 359
f 355 356 361
f 355 361 360
f 356 357 362
f 356 362 361
f 357 358 363
f 357 363 362
f 358 354 359
f 358 359 363
f 359 360 361
f 359 361 362
f 359 362 363
v -49.7500 40.6500 0.0000
v -35.0600 79.2800 0.0000
v -24.0300 75.8600 0.0000
v -23.1700 74.2700 0.0000
v -37.8700 37.8600 0.0000
v -39.7200 37.3700 0.0000
v -49.7500 40.6500 0.0000
v -49.7500 40.6500 42.2000
v -35.0600 79.2800 42.2000
v -24.0300 75.8600 42.2000
v -23.1700 74.2700 42.2000
v -37.8700 37.8600 42.2000
v -39.7200 37.3700 42.2000
v -49.7500 40.6500 42.2000
f 364 365 372
f 364 372 371
f 365 366 373
f 365 373 372
f 366 367 374
f 366 374 373
f 367 368 375
f 367 375 374
f 368 369 376
f 368 376 375
f 369 370 377
f 369 377 376
f 370 364 371
f 370 371 377
f 371 372 373
f 371 373 374
f 371 374 375
f 371 375 376
f 371 376 377
v -65.3600 37.9700 0.0000
v -47.1700 32.5900 0.0000
v -53.8500 15.2000 0.0000
v -72.0500 20.9100 0.0000
v -65.3600 37.9700 0.0000
v -65.3600 37.9700 19.2000
v -47.1700 32.5900 19.2000
v -53.8500 15.2000 19.2000
v -72.0500 20.9100 19.2000
v -65.3600 37.9700 19.2000
f 378 379 384
f 378 384 383
f 379 380 385
f 379 385 384
f 380 381 386
f 380 386 385
f 381 382 387
f 381 387 386
f 382 378 383
f 382 383 387
f 383 384 385
f 383 385 386
f 383 386 387
v 19.3800 58.5500 0.0000
v 25.0200 73.0300 0.0000
v 31.4800 70.7800 0.0000
v 26.0700 56.8400 0.0000
v 19.3800 58.5500 0.0000
v 19.3800 58.5500 42.2000
v 25.0200 73.0300 42.2000
v 31.4800 70.7800 42.2000
v 26.0700 56.8400 42.2000
v 19.3800 58.5500 42.2000
f 388 389 394
f 388 394 393
f 389 390 395
f 389 395 394
f 390 391 396
f 390 396 395
f 391 392 397
f 391 397 396
f 392 388 393
f 392 393 397
f 393 394 395
f 393 395 396
f 393 396 397
v -76.2100 9.9500 0.0000
v -72.9600 20.5600 0.0000
v -54.9500 15.0400 0.0000
v -58.2000 4.4200 0.0000
v -76.2100 9.9500 0.0000
v -76.2100 9.9500 30.1000
v -72.9600 20.5600 30.1000
v -54.9500 15.0400 30.1000
v -58.2000 4.4200 30.1000
v -76.2100 9.9500 30.1000
f 398 399 404
f 398 404 403
f 399 400 405
f 399 405 404
f 400 401 406
f 400 406 405
f 401 402 407
f 401 407 406
f 402 398 403
f 402 403 407
f 403 404 405
f 403 405 406
f 403 406 407
v -81.0200 -1.4000 0.0000
v -79.3600 4.1100 0.0000
v -60.2400 -1.6600 0.0000
v -61.1500 -4.6800 0.0000
v -61.8900 -4.4500 0.0000
v -62.6400 -6.9500 0.0000
v -81.0200 -1.4000 0.0000
v -81.0200 -1.4000 23.6000
v -79.3600 4.1100 23.6000
v -60.2400 -1.6600 23.6000
v -61.1500 -4.6800 23.6000
v -61.8900 -4.4500 23.6000
v -62.6400 -6.9500 23.6000
v -81.0200 -1.4000 23.6000
f 408 409 416
f 408 416 415
f 409 410 417
f 409 417 416
f 410 411 418
f 410 418 417
f 411 412 419
f 411 419 418
f 412 413 420
f 412 420 419
f 413 414 421
f 413 421 420
f 414 408 415
f 414 415 421
f 415 416 417
f 415 417 418
f 415 418 419
f 415 419 420
f 415 420 421
v 27.0000 56.3700 0.0000
v 32.1900 70.9900 0.0000
v 50.1600 64.5500 0.0000
v 45.1200 49.9900 0.0000
v 27.0000 56.3700 0.0000
v 27.0000 56.3700 42.2000
v 32.1900 70.9900 42.2000
v 50.1600 64.5500 42.2000
v 45.1200 49.9900 42.2000
v 27.0000 56.3700 42.2000
f 422 423 428
f 422 428 427
f 423 424 429
f 423 429 428
f 424 425 430
f 424 430 429
f 425 426 431
f 425 431 430
f 426 422 427
f 426 427 431
f 427 428 429
f 427 429 430
f 427 430 431
v -69.3200 -12.4300 0.0000
v -56.9700 -15.7700 0.0000
v -62.7000 -35.0800 0.0000
v -75.9600 -31.4400 0.0000
v -69.3200 -12.4300 0.0000
v -69.3200 -12.4300 36.1000
v -56.9700 -15.7700 36.1000
v -62.7000 -35.0800 36.1000
v -75.9600 -31.4400 36.1000
v -69.3200 -12.4300 36.1000
f 432 433 438
f 432 438 437
f 433 434 439
f 433 439 438
f 434 435 440
f 434 440 439
f 435 436 441
f 435 441 440
f 436 432 437
f 436 437 441
f 437 438 439
f 437 439 440
f 437 440 441
v -77.1000 9.7400 0.0000
v -58.4300 4.1000 0.0000
v -60.0500 -1.2700 0.0000
v -78.7300 4.3600 0.0000
v -77.1000 9.7400 0.0000
v -77.1000 9.7400 21.4000
v -58.4300 4.1000 21.4000
v -60.0500 -1.2700 21.4000
v -78.7300 4.3600 21.4000
v -77.1000 9.7400 21.4000
f 442 443 448
f 442 448 447
f 443 444 449
f 443 449 448
f 444 445 450
f 444 450 449
f 445 446 451
f 445 451 450
f 446 442 447
f 446 447 451
f 447 448 449
f 447 449 450
f 447 450 451
v -20.9200 68.1500 0.0000
v -17.7000 74.5000 0.0000
v -6.3000 70.7100 0.0000
v -9.0600 64.2200 0.0000
v -20.9200 68.1500 0.0000
v -20.9200 68.1500 42.2000
v -17.7000 74.5000 42.2000
v -6.3000 70.7100 42.2000
v -9.0600 64.2200 42.2000
v -20.9200 68.1500 42.2000
f 452 453 458
f 452 458 457
f 453 454 459
f 453 459 458
f 454 455 460
f 454 460 459
f 455 456 461
f 455 461 460
f 456 452 457
f 456 457 461
f 457 458 459
f 457 459 460
f 457 460 461
v 64.3000 -30.0300 0.0000
v 59.9200 -36.6400 0.0000
v 61.8800 -37.9300 0.0000
v 66.2400 -31.3300 0.0000
v 64.3000 -30.0300 0.0000
v 64.3000 -30.0300 42.2000
v 59.9200 -36.6400 42.2000
v 61.8800 -37.9300 42.2000
v 66.2400 -31.3300 42.2000
v 64.3000 -30.0300 42.2000
f 462 463 468
f 462 468 467
f 463 464 469
f 463 469 468
f 464 465 470
f 464 470 469
f 465 466 471
f 465 471 470
f 466 462 467
f 466 467 471
f 467 468 469
f 467 469 470
f 467 470 471
v 59.9000 42.0200 0.0000
v 81.7800 34.5000 0.0000
v 73.6600 11.3200 0.0000
v 51.6100 19.1600 0.0000
v 59.9000 42.0200 0.0000
v 59.9000 42.0200 42.2000
v 81.7800 34.5000 42.2000
v 73.6600 11.3200 42.2000
v 51.6100 19.1600 42.2000
v 59.9000 42.0200 42.2000
f 472 473 478
f 472 478 477
f 473 474 479
f 473 479 478
f 474 475 480
f 474 480 479
f 475 476 481
f 475 481 480
f 476 472 477
f 476 477 481
f 477 478 479
f 477 479 480
f 477 480 481
v -61.0800 45.3200 0.0000
v -59.2500 50.7200 0.0000
v -48.7500 47.3300 0.0000
v -50.4900 41.2200 0.0000
v -61.0800 45.3200 0.0000
v -61.0800 45.3200 42.2000
v -59.2500 50.7200 42.2000
v -48.7500 47.3300 42.2000
v -50.4900 41.2200 42.2000
v -61.0800 45.3200 42.2000
f 482 483 488
f 482 488 487
f 483 484 489
f 483 489 488
f 484 485 490
f 484 490 489
f 485 486 491
f 485 491 490
f 486 482 487
f 486 487 491
f 487 488 489
f 487 489 490
f 487 490 491
v -58.7200 51.2500 0.0000
v -56.8300 56.9600 0.0000
v -46.1300 53.2300 0.0000
v -48.3200 47.5200 0.0000
v -58.7200 51.2500 0.0000
v -58.7200 51.2500 42.2000
v -56.8300 56.9600 42.2000
v -46.1300 53.2300 42.2000
v -48.3200 47.5200 42.2000
v -58.7200 51.2500 42.2000
f 492 493 498
f 492 498 497
f 493 494 499
f 493 499 498
f 494 495 500
f 494 500 499
f 495 496 501
f 495 501 500
f 496 492 497
f 496 497 501
f 497 498 499
f 497 499 500
f 497 500 501
v 39.1000 -62.3100 0.0000
v 40.5700 -62.8300 0.0000
v 38.3300 -70.1300 0.0000
v 31.2200 -67.7400 0.0000
v 39.1000 -62.3100 0.0000
v 39.1000 -62.3100 21.4000
v 40.5700 -62.8300 21.4000
v 38.3300 -70.1300 21.4000
v 31.2200 -67.7400 21.4000
v 39.1000 -62.3100 21.4000
f 502 503 508
f 502 508 507
f 503 504 509
f 503 509 508
f 504 505 510
f 504 510 509
f 505 506 511
f 505 511 510
f 506 502 507
f 506 507 511
f 507 508 509
f 507 509 510
f 507 510 511
v -82.9500 -6.8900 0.0000
v -81.4800 -1.9800 0.0000
v -62.8300 -7.5500 0.0000
v -64.3000 -12.4500 0.0000
v -82.9500 -6.8900 0.0000
v -82.9500 -6.8900 20.2000
v -81.4800 -1.9800 20.2000
v -62.8300 -7.5500 20.2000
v -64.3000 -12.4500 20.2000
v -82.9500 -6.8900 20.2000
f 512 513 518
f 512 518 517
f 513 514 519
f 513 519 518
f 514 515 520
f 514 520 519
f 515 516 521
f 515 521 520
f 516 512 517
f 516 517 521
f 517 518 519
f 517 519 520
f 517 520 521
v 54.4800 -49.0000 0.0000
v 64.4800 -52.5300 0.0000
v 56.3000 -76.3100 0.0000
v 38.7100 -70.2000 0.0000
v 41.3600 -61.7900 0.0000
v 41.9600 -60.9700 0.0000
v 42.8000 -60.5400 0.0000
v 43.7300 -60.5700 0.0000
v 45.1900 -61.0400 0.0000
v 46.4900 -57.1500 0.0000
v 54.4800 -49.0000 0.0000
v 54.4800 -49.0000 42.0000
v 64.4800 -52.5300 42.0000
v 56.3000 -76.3100 42.0000
v 38.7100 -70.2000 42.0000
v 41.3600 -61.7900 42.0000
v 41.9600 -60.9700 42.0000
v 42.8000 -60.5400 42.0000
v 43.7300 -60.5700 42.0000
v 45.1900 -61.0400 42.0000
v 46.4900 -57.1500 42.0000
v 54.4800 -49.0000 42.0000
f 522 523 534
f 522 534 533
f 523 524 535
f 523 535 534
f 524 525 536
f 524 536 535
f 525 526 537
f 525 537 536
f 526 527 538
f 526 538 537
f 527 528 539
f 527 539 538
f 528 529 540
f 528 540 539
f 529 530 541
f 529 541 540
f 530 531 542
f 530 542 541
f 531 532 543
f 531 543 542
f 532 522 533
f 532 533 543
f 533 534 535
f 533 535 536
f 533 536 537
f 533 537 538
f 533 538 539
f 533 539 540
f 533 540 541
f 533 541 542
f 533 542 543
v -76.3000 -10.0500 0.0000
v -69.6200 -12.0200 0.0000
v -76.6700 -31.4700 0.0000
v -83.2400 -29.5600 0.0000
v -76.3000 -10.0500 0.0000
v -76.3000 -10.0500 52.1000
v -69.6200 -12.0200 52.1000
v -76.6700 -31.4700 52.1000
v -83.2400 -29.5600 52.1000
v -76.3000 -10.0500 52.1000
f 544 545 550
f 544 550 549
f 545 546 551
f 545 551 550
f 546 547 552
f 546 552 551
f 547 548 553
f 547 553 552
f 548 544 549
f 548 549 553
f 549 550 551
f 549 551 552
f 549 552 553
v 2.3000 76.0500 0.0000
v 8.4400 89.8800 0.0000
v 26.0200 82.0600 0.0000
v 19.8700 68.2500 0.0000
v 2.3000 76.0500 0.0000
v 2.3000 76.0500 42.2000
v 8.4400 89.8800 42.2000
v 26.0200 82.0600 42.2000
v 19.8700 68.2500 42.2000
v 2.3000 76.0500 42.2000
f 554 555 560
f 554 560 559
f 555 556 561
f 555 561 560
f 556 557 562
f 556 562 561
f 557 558 563
f 557 563 562
f 558 554 559
f 558 559 563
f 559 560 561
f 559 561 562
f 559 562 563
v -56.3300 58.1800 0.0000
v -51.5700 70.0500 0.0000
v -41.4000 66.5000 0.0000
v -45.8500 54.5800 0.0000
v -56.3300 58.1800 0.0000
v -56.3300 58.1800 42.2000
v -51.5700 70.0500 42.2000
v -41.4000 66.5000 42.2000
v -45.8500 54.5800 42.2000
v -56.3300 58.1800 42.2000
f 564 565 570
f 564 570 569
f 565 566 571
f 565 571 570
f 566 567 572
f 566 572 571
f 567 568 573
f 567 573 572
f 568 564 569
f 568 569 573
f 569 570 571
f 569 571 572
f 569 572 573
v 80.7000 4.9500 0.0000
v 77.1300 -4.1900 0.0000
v 77.8600 -4.5200 0.0000
v 77.3700 -6.0800 0.0000
v 80.1300 -7.1800 0.0000
v 81.5400 -3.2600 0.0000
v 84.1700 3.5400 0.0000
v 80.7000 4.9500 0.0000
v 80.7000 4.9500 42.2000
v 77.1300 -4.1900 42.2000
v 77.8600 -4.5200 42.2000
v 77.3700 -6.0800 42.2000
v 80.1300 -7.1800 42.2000
v 81.5400 -3.2600 42.2000
v 84.1700 3.5400 42.2000
v 80.7000 4.9500 42.2000
f 574 575 583
f 574 583 582
f 575 576 584
f 575 584 583
f 576 577 585
f 576 585 584
f 577 578 586
f 577 586 585
f 578 579 587
f 578 587 586
f 579 580 588
f 579 588 587
f 580 581 589
f 580 589 588
f 581 574 582
f 581 582 589
f 582 583 584
f 582 584 585
f 582 585 586
f 582 586 587
f 582 587 588
f 582 588 589
v -74.3600 -36.9200 0.0000
v -70.2600 -38.0500 0.0000
v -70.7400 -39.7600 0.0000
v -74.8300 -38.6300 0.0000
v -74.3600 -36.9200 0.0000
v -74.3600 -36.9200 3.0000
v -70.2600 -38.0500 3.0000
v -70.7400 -39.7600 3.0000
v -74.8300 -38.6300 3.0000
v -74.3600 -36.9200 3.0000
f 590 591 596
f 590 596 595
f 591 592 597
f 591 597 596
f 592 593 598
f 592 598 597
f 593 594 599
f 593 599 598
f 594 590 595
f 594 595 599
f 595 596 597
f 595 597 598
f 595 598 599
v 60.0000 42.3300 0.0000
v 63.7400 52.3300 0.0000
v 85.1500 44.4800 0.0000
v 81.6900 34.7700 0.0000
v 60.0000 42.3300 0.0000
v 60.0000 42.3300 42.2000
v 63.7400 52.3300 42.2000
v 85.1500 44.4800 42.2000
v 81.6900 34.7700 42.2000
v 60.0000 42.3300 42.2000
f 600 601 606
f 600 606 605
f 601 602 607
f 601 607 606
f 602 603 608
f 602 608 607
f 603 604 609
f 603 609 608
f 604 600 605
f 604 605 609
f 605 606 607
f 605 607 608
f 605 608 609
v 37.9700 74.3100 0.0000
v 51.9300 69.3000 0.0000
v 50.7400 66.1000 0.0000
v 50.2100 64.7000 0.0000
v 36.4300 70.0000 0.0000
v 37.9700 74.3100 0.0000
v 37.9700 74.3100 42.2000
v 51.9300 69.3000 42.2000
v 50.7400 66.1000 42.2000
v 50.2100 64.7000 42.2000
v 36.4300 70.0000 42.2000
v 37.9700 74.3100 42.2000
f 610 611 617
f 610 617 616
f 611 612 618
f 611 618 617
f 612 613 619
f 612 619 618
f 613 614 620
f 613 620 619
f 614 615 621
f 614 621 620
f 615 610 616
f 615 616 621
f 616 617 618
f 616 618 619
f 616 619 620
f 616 620 621
v 80.1300 -7.1800 0.0000
v 85.1400 -9.2300 0.0000
v 86.7100 -5.0900 0.0000
v 81.5400 -3.2600 0.0000
v 80.1300 -7.1800 0.0000
v 80.1300 -7.1800 42.2000
v 85.1400 -9.2300 42.2000
v 86.7100 -5.0900 42.2000
v 81.5400 -3.2600 42.2000
v 80.1300 -7.1800 42.2000
f 622 623 628
f 622 628 627
f 623 624 629
f 623 629 628
f 624 625 630
f 624 630 629
f 625 626 631
f 625 631 630
f 626 622 627
f 626 627 631
f 627 628 629
f 627 629 630
f 627 630 631
v 37.9700 74.3100 0.0000
v 39.6700 79.0400 0.0000
v 53.6800 73.9500 0.0000
v 52.6400 71.1800 0.0000
v 51.9300 69.3000 0.0000
v 50.7400 66.1000 0.0000
v 50.2100 64.7000 0.0000
v 36.4300 70.0000 0.0000
v 37.9700 74.3100 0.0000
v 37.9700 74.3100 26.6000
v 39.6700 79.0400 26.6000
v 53.6800 73.9500 26.6000
v 52.6400 71.1800 26.6000
v 51.9300 69.3000 26.6000
v 50.7400 66.1000 26.6000
v 50.2100 64.7000 26.6000
v 36.4300 70.0000 26.6000
v 37.9700 74.3100 26.6000
f 632 633 642
f 632 642 641
f 633 634 643
f 633 643 642
f 634 635 644
f 634 644 643
f 635 636 645
f 635 645 644
f 636 637 646
f 636 646 645
f 637 638 647
f 637 647 646
f 638 639 648
f 638 648 647
f 639 640 649
f 639 649 648
f 640 632 641
f 640 641 649
f 641 642 643
f 641 643 644
f 641 644 645
f 641 645 646
f 641 646 647
f 641 647 648
f 641 648 649
v 81.7700 9.0200 0.0000
v 83.9300 8.2800 0.0000
v 87.5500 17.5000 0.0000
v 85.2500 18.4600 0.0000
v 81.7700 9.0200 0.0000
v 81.7700 9.0200 42.2000
v 83.9300 8.2800 42.2000
v 87.5500 17.5000 42.2000
v 85.2500 18.4600 42.2000
v 81.7700 9.0200 42.2000
f 650 651 656
f 650 656 655
f 651 652 657
f 651 657 656
f 652 653 658
f 652 658 657
f 653 654 659
f 653 659 658
f 654 650 655
f 654 655 659
f 655 656 657
f 655 657 658
f 655 658 659
v 84.1700 3.5400 0.0000
v 84.9000 3.7300 0.0000
v 89.4100 2.0400 0.0000
v 86.7100 -5.0900 0.0000
v 81.5400 -3.2600 0.0000
v 84.1700 3.5400 0.0000
v 84.1700 3.5400 42.2000
v 84.9000 3.7300 42.2000
v 89.4100 2.0400 42.2000
v 86.7100 -5.0900 42.2000
v 81.5400 -3.2600 42.2000
v 84.1700 3.5400 42.2000
f 660 661 667
f 660 667 666
f 661 662 668
f 661 668 667
f 662 663 669
f 662 669 668
f 663 664 670
f 663 670 669
f 664 665 671
f 664 671 670
f 665 660 666
f 665 666 671
f 666 667 668
f 666 668 669
f 666 669 670
f 666 670 671
v -52.0100 70.7300 0.0000
v -49.3200 76.6700 0.0000
v -38.5700 72.8500 0.0000
v -40.9100 67.1700 0.0000
v -52.0100 70.7300 0.0000
v -52.0100 70.7300 42.2000
v -49.3200 76.6700 42.2000
v -38.5700 72.8500 42.2000
v -40.9100 67.1700 42.2000
v -52.0100 70.7300 42.2000
f 672 673 678
f 672 678 677
f 673 674 679
f 673 679 678
f 674 675 680
f 674 680 679
f 675 676 681
f 675 681 680
f 676 672 677
f 676 677 681
f 677 678 679
f 677 679 680
f 677 680 681
v -83.9300 -8.2000 0.0000
v -76.8600 -10.3700 0.0000
v -83.7000 -29.2900 0.0000
v -90.8000 -27.3800 0.0000
v -83.9300 -8.2000 0.0000
v -83.9300 -8.2000 36.6000
v -76.8600 -10.3700 36.6000
v -83.7000 -29.2900 36.6000
v -90.8000 -27.3800 36.6000
v -83.9300 -8.2000 36.6000
f 682 683 688
f 682 688 687
f 683 684 689
f 683 689 688
f 684 685 690
f 684 690 689
f 685 686 691
f 685 691 690
f 686 682 687
f 686 687 691
f 687 688 689
f 687 689 690
f 687 690 691
v -16.5500 83.4500 0.0000
v -13.8600 92.1900 0.0000
v -0.7000 88.1400 0.0000
v -3.3900 79.3800 0.0000
v -16.5500 83.4500 0.0000
v -16.5500 83.4500 42.2000
v -13.8600 92.1900 42.2000
v -0.7000 88.1400 42.2000
v -3.3900 79.3800 42.2000
v -16.5500 83.4500 42.2000
f 692 693 698
f 692 698 697
f 693 694 699
f 693 699 698
f 694 695 700
f 694 700 699
f 695 696 701
f 695 701 700
f 696 692 697
f 696 697 701
f 697 698 699
f 697 699 700
f 697 700 701
v -81.7900 -36.9000 0.0000
v -81.7400 -36.6900 0.0000
v -80.9300 -33.8000 0.0000
v -80.8800 -33.5900 0.0000
v -80.0200 -33.8200 0.0000
v -80.9300 -37.1500 0.0000
v -81.7900 -36.9000 0.0000
v -81.7900 -36.9000 1.0000
v -81.7400 -36.6900 1.0000
v -80.9300 -33.8000 1.0000
v -80.8800 -33.5900 1.0000
v -80.0200 -33.8200 1.0000
v -80.9300 -37.1500 1.0000
v -81.7900 -36.9000 1.0000
f 702 703 710
f 702 710 709
f 703 704 711
f 703 711 710
f 704 705 712
f 704 712 711
f 705 706 713
f 705 713 712
f 706 707 714
f 706 714 713
f 707 708 715
f 707 715 714
f 708 702 709
f 708 709 715
f 709 710 711
f 709 711 712
f 709 712 713
f 709 713 714
f 709 714 715
v 85.2500 18.4600 0.0000
v 86.7400 22.4600 0.0000
v 89.1200 21.4600 0.0000
v 87.5500 17.5000 0.0000
v 85.2500 18.4600 0.0000
v 85.2500 18.4600 42.2000
v 86.7400 22.4600 42.2000
v 89.1200 21.4600 42.2000
v 87.5500 17.5000 42.2000
v 85.2500 18.4600 42.2000
f 716 717 722
f 716 722 721
f 717 718 723
f 717 723 722
f 718 719 724
f 718 724 723
f 719 720 725
f 719 725 724
f 720 716 721
f 720 721 725
f 721 722 723
f 721 723 724
f 721 724 725
v -26.8500 -84.6300 0.0000
v -25.8800 -84.9600 0.0000
v -26.2300 -85.9100 0.0000
v -27.1900 -85.5700 0.0000
v -26.8500 -84.6300 0.0000
v -26.8500 -84.6300 2.4000
v -25.8800 -84.9600 2.4000
v -26.2300 -85.9100 2.4000
v -27.1900 -85.5700 2.4000
v -26.8500 -84.6300 2.4000
f 726 727 732
f 726 732 731
f 727 728 733
f 727 733 732
f 728 729 734
f 728 734 733
f 729 730 735
f 729 735 734
f 730 726 731
f 730 731 735
f 731 732 733
f 731 733 734
f 731 734 735
v 87.9000 13.4600 0.0000
v 85.6900 7.4900 0.0000
v 90.5600 5.7200 0.0000
v 92.5300 11.6400 0.0000
v 87.9000 13.4600 0.0000
v 87.9000 13.4600 42.2000
v 85.6900 7.4900 42.2000
v 90.5600 5.7200 42.2000
v 92.5300 11.6400 42.2000
v 87.9000 13.4600 42.2000
f 736 737 742
f 736 742 741
f 737 738 743
f 737 743 742
f 738 739 744
f 738 744 743
f 739 740 745
f 739 745 744
f 740 736 741
f 740 741 745
f 741 742 743
f 741 743 744
f 741 744 745
v -49.4400 77.3400 0.0000
v -47.0100 84.0400 0.0000
v -35.8700 80.3800 0.0000
v -38.1600 73.2400 0.0000
v -49.4400 77.3400 0.0000
v -49.4400 77.3400 42.2000
v -47.0100 84.0400 42.2000
v -35.8700 80.3800 42.2000
v -38.1600 73.2400 42.2000
v -49.4400 77.3400 42.2000
f 746 747 752
f 746 752 751
f 747 748 753
f 747 753 752
f 748 749 754
f 748 754 753
f 749 750 755
f 749 755 754
f 750 746 751
f 750 751 755
f 751 752 753
f 751 753 754
f 751 754 755
v -87.6800 37.0900 0.0000
v -75.4700 33.3400 0.0000
v -77.9100 27.1100 0.0000
v -89.6300 30.7500 0.0000
v -87.6800 37.0900 0.0000
v -87.6800 37.0900 18.9000
v -75.4700 33.3400 18.9000
v -77.9100 27.1100 18.9000
v -89.6300 30.7500 18.9000
v -87.6800 37.0900 18.9000
f 756 757 762
f 756 762 761
f 757 758 763
f 757 763 762
f 758 759 764
f 758 764 763
f 759 760 765
f 759 765 764
f 760 756 761
f 760 761 765
f 761 762 763
f 761 763 764
f 761 764 765
v -34.4600 -85.1500 0.0000
v -34.3800 -84.9300 0.0000
v -33.8800 -83.5100 0.0000
v -33.3700 -82.0900 0.0000
v -33.2900 -81.8600 0.0000
v -27.7600 -83.8300 0.0000
v -28.9200 -87.1100 0.0000
v -34.4600 -85.1500 0.0000
v -34.4600 -85.1500 3.0000
v -34.3800 -84.9300 3.0000
v -33.8800 -83.5100 3.0000
v -33.3700 -82.0900 3.0000
v -33.2900 -81.8600 3.0000
v -27.7600 -83.8300 3.0000
v -28.9200 -87.1100 3.0000
v -34.4600 -85.1500 3.0000
f 766 767 775
f 766 775 774
f 767 768 776
f 767 776 775
f 768 769 777
f 768 777 776
f 769 770 778
f 769 778 777
f 770 771 779
f 770 779 778
f 771 772 780
f 771 780 779
f 772 773 781
f 772 781 780
f 773 766 774
f 773 774 781
f 774 775 776
f 774 776 777
f 774 777 778
f 774 778 779
f 774 779 780
f 774 780 781
v 91.3300 -11.4400 0.0000
v 93.3700 -5.8300 0.0000
v 88.2700 -3.8400 0.0000
v 86.1000 -9.5100 0.0000
v 91.3300 -11.4400 0.0000
v 91.3300 -11.4400 42.2000
v 93.3700 -5.8300 42.2000
v 88.2700 -3.8400 42.2000
v 86.1000 -9.5100 42.2000
v 91.3300 -11.4400 42.2000
f 782 783 788
f 782 788 787
f 783 784 789
f 783 789 788
f 784 785 790
f 784 790 789
f 785 786 791
f 785 791 790
f 786 782 787
f 786 787 791
f 787 788 789
f 787 789 790
f 787 790 791
v -40.5700 -82.9800 0.0000
v -46.1400 -80.9800 0.0000
v -44.9600 -77.7000 0.0000
v -39.4000 -79.6900 0.0000
v -39.4800 -79.9100 0.0000
v -39.9900 -81.3400 0.0000
v -40.5000 -82.7700 0.0000
v -40.5700 -82.9800 0.0000
v -40.5700 -82.9800 6.0000
v -46.1400 -80.9800 6.0000
v -44.9600 -77.7000 6.0000
v -39.4000 -79.6900 6.0000
v -39.4800 -79.9100 6.0000
v -39.9900 -81.3400 6.0000
v -40.5000 -82.7700 6.0000
v -40.5700 -82.9800 6.0000
f 792 793 801
f 792 801 800
f 793 794 802
f 793 802 801
f 794 795 803
f 794 803 802
f 795 796 804
f 795 804 803
f 796 797 805
f 796 805 804
f 797 798 806
f 797 806 805
f 798 799 807
f 798 807 806
f 799 792 800
f 799 800 807
f 800 801 802
f 800 802 803
f 800 803 804
f 800 804 805
f 800 805 806
f 800 806 807
v -92.8400 23.1200 0.0000
v -81.7600 19.7300 0.0000
v -83.3100 14.6500 0.0000
v -94.3900 18.0300 0.0000
v -92.8400 23.1200 0.0000
v -92.8400 23.1200 13.7000
v -81.7600 19.7300 13.7000
v -83.3100 14.6500 13.7000
v -94.3900 18.0300 13.7000
v -92.8400 23.1200 13.7000
f 808 809 814
f 808 814 813
f 809 810 815
f 809 815 814
f 810 811 816
f 810 816 815
f 811 812 817
f 811 817 816
f 812 808 813
f 812 813 817
f 813 814 815
f 813 815 816
f 813 816 817
v 34.2800 95.8900 0.0000
v 58.2600 86.7400 0.0000
v 53.6400 74.5200 0.0000
v 39.5500 79.7200 0.0000
v 35.8100 69.9600 0.0000
v 25.1100 73.8300 0.0000
v 34.2800 95.8900 0.0000
v 34.2800 95.8900 42.2000
v 58.2600 86.7400 42.2000
v 53.6400 74.5200 42.2000
v 39.5500 79.7200 42.2000
v 35.8100 69.9600 42.2000
v 25.1100 73.8300 42.2000
v 34.2800 95.8900 42.2000
f 818 819 826
f 818 826 825
f 819 820 827
f 819 827 826
f 820 821 828
f 820 828 827
f 821 822 829
f 821 829 828
f 822 823 830
f 822 830 829
f 823 824 831
f 823 831 830
f 824 818 825
f 824 825 831
f 825 826 827
f 825 827 828
f 825 828 829
f 825 829 830
f 825 830 831
v -89.8300 30.1200 0.0000
v -78.0500 26.5700 0.0000
v -80.6400 20.0700 0.0000
v -93.1100 23.8000 0.0000
v -91.3100 29.7300 0.0000
v -90.0600 29.3500 0.0000
v -89.8300 30.1200 0.0000
v -89.8300 30.1200 15.1000
v -78.0500 26.5700 15.1000
v -80.6400 20.0700 15.1000
v -93.1100 23.8000 15.1000
v -91.3100 29.7300 15.1000
v -90.0600 29.3500 15.1000
v -89.8300 30.1200 15.1000
f 832 833 840
f 832 840 839
f 833 834 841
f 833 841 840
f 834 835 842
f 834 842 841
f 835 836 843
f 835 843 842
f 836 837 844
f 836 844 843
f 837 838 845
f 837 845 844
f 838 832 839
f 838 839 845
f 839 840 841
f 839 841 842
f 839 842 843
f 839 843 844
f 839 844 845
v -81.6100 50.0300 0.0000
v -78.8000 56.7800 0.0000
v -67.7600 53.3100 0.0000
v -70.4600 46.5900 0.0000
v -81.6100 50.0300 0.0000
v -81.6100 50.0300 42.2000
v -78.8000 56.7800 42.2000
v -67.7600 53.3100 42.2000
v -70.4600 46.5900 42.2000
v -81.6100 50.0300 42.2000
f 846 847 852
f 846 852 851
f 847 848 853
f 847 853 852
f 848 849 854
f 848 854 853
f 849 850 855
f 849 855 854
f 850 846 851
f 850 851 855
f 851 852 853
f 851 853 854
f 851 854 855
v -85.6400 44.4100 0.0000
v -72.6800 40.4400 0.0000
v -75.3500 33.7400 0.0000
v -87.1900 37.4000 0.0000
v -86.9600 38.1600 0.0000
v -87.5200 38.3400 0.0000
v -85.6400 44.4100 0.0000
v -85.6400 44.4100 21.8000
v -72.6800 40.4400 21.8000
v -75.3500 33.7400 21.8000
v -87.1900 37.4000 21.8000
v -86.9600 38.1600 21.8000
v -87.5200 38.3400 21.8000
v -85.6400 44.4100 21.8000
f 856 857 864
f 856 864 863
f 857 858 865
f 857 865 864
f 858 859 866
f 858 866 865
f 859 860 867
f 859 867 866
f 860 861 868
f 860 868 867
f 861 862 869
f 861 869 868
f 862 856 863
f 862 863 869
f 863 864 865
f 863 865 866
f 863 866 867
f 863 867 868
f 863 868 869
v 87.9000 13.4600 0.0000
v 89.7400 18.5200 0.0000
v 91.4700 19.0400 0.0000
v 94.8800 17.6900 0.0000
v 92.5300 11.6400 0.0000
v 87.9000 13.4600 0.0000
v 87.9000 13.4600 42.2000
v 89.7400 18.5200 42.2000
v 91.4700 19.0400 42.2000
v 94.8800 17.6900 42.2000
v 92.5300 11.6400 42.2000
v 87.9000 13.4600 42.2000
f 870 871 877
f 870 877 876
f 871 872 878
f 871 878 877
f 872 873 879
f 872 879 878
f 873 874 880
f 873 880 879
f 874 875 881
f 874 881 880
f 875 870 876
f 875 876 881
f 876 877 878
f 876 878 879
f 876 879 880
f 876 880 881
v 86.7400 22.4600 0.0000
v 89.3000 29.4100 0.0000
v 91.8500 28.3900 0.0000
v 89.1200 21.4600 0.0000
v 86.7400 22.4600 0.0000
v 86.7400 22.4600 42.2000
v 89.3000 29.4100 42.2000
v 91.8500 28.3900 42.2000
v 89.1200 21.4600 42.2000
v 86.7400 22.4600 42.2000
f 882 883 888
f 882 888 887
f 883 884 889
f 883 889 888
f 884 885 890
f 884 890 889
f 885 886 891
f 885 891 890
f 886 882 887
f 886 887 891
f 887 888 889
f 887 889 890
f 887 890 891
v 93.3700 -5.8300 0.0000
v 95.3800 -0.3300 0.0000
v 90.3100 1.6100 0.0000
v 88.2700 -3.8400 0.0000
v 93.3700 -5.8300 0.0000
v 93.3700 -5.8300 42.2000
v 95.3800 -0.3300 42.2000
v 90.3100 1.6100 42.2000
v 88.2700 -3.8400 42.2000
v 93.3700 -5.8300 42.2000
f 892 893 898
f 892 898 897
f 893 894 899
f 893 899 898
f 894 895 900
f 894 900 899
f 895 896 901
f 895 901 900
f 896 892 897
f 896 897 901
f 897 898 899
f 897 899 900
f 897 900 901
v 75.9600 -12.6300 0.0000
v 110.9000 -25.9400 0.0000
v 111.7100 -23.8300 0.0000
v 128.8000 -30.3300 0.0000
v 112.9600 -72.0100 0.0000
v 100.6100 -67.3100 0.0000
v 101.7300 -64.3400 0.0000
v 62.0300 -49.2400 0.0000
v 62.2500 -48.6700 0.0000
v 58.9200 -47.4100 0.0000
v 61.2100 -41.4100 0.0000
v 62.6700 -41.9700 0.0000
v 63.2800 -40.3900 0.0000
v 65.1300 -41.1000 0.0000
v 75.9600 -12.6300 0.0000
v 75.9600 -12.6300 22.5000
v 110.9000 -25.9400 22.5000
v 111.7100 -23.8300 22.5000
v 128.8000 -30.3300 22.5000
v 112.9600 -72.0100 22.5000
v 100.6100 -67.3100 22.5000
v 101.7300 -64.3400 22.5000
v 62.0300 -49.2400 22.5000
v 62.2500 -48.6700 22.5000
v 58.9200 -47.4100 22.5000
v 61.2100 -41.4100 22.5000
v 62.6700 -41.9700 22.5000
v 63.2800 -40.3900 22.5000
v 65.1300 -41.1000 22.5000
v 75.9600 -12.6300 22.5000
f 902 903 918
f 902 918 917
f 903 904 919
f 903 919 918
f 904 905 920
f 904 920 919
f 905 906 921
f 905 921 920
f 906 907 922
f 906 922 921
f 907 908 923
f 907 923 922
f 908 909 924
f 908 924 923
f 909 910 925
f 909 925 924
f 910 911 926
f 910 926 925
f 911 912 927
f 911 927 926
f 912 913 928
f 912 928 927
f 913 914 929
f 913 929 928
f 914 915 930
f 914 930 929
f 915 916 931
f 915 931 930
f 916 902 917
f 916 917 931
f 917 918 919
f 917 919 920
f 917 920 921
f 917 921 922
f 917 922 923
f 917 923 924
f 917 924 925
f 917 925 926
f 917 926 927
f 917 927 928
f 917 928 929
f 917 929 930
f 917 930 931
v 91.3300 -11.4400 0.0000
v 93.3700 -5.8300 0.0000
v 95.9100 -6.8200 0.0000
v 93.8100 -12.3600 0.0000
v 91.3300 -11.4400 0.0000
v 91.3300 -11.4400 42.2000
v 93.3700 -5.8300 42.2000
v 95.9100 -6.8200 42.2000
v 93.8100 -12.3600 42.2000
v 91.3300 -11.4400 42.2000
f 932 933 938
f 932 938 937
f 933 934 939
f 933 939 938
f 934 935 940
f 934 940 939
f 935 936 941
f 935 941 940
f 936 932 937
f 936 937 941
f 937 938 939
f 937 939 940
f 937 940 941
v -76.0300 63.4500 0.0000
v -65.4600 59.9800 0.0000
v -67.5100 53.5800 0.0000
v -78.1800 56.9000 0.0000
v -76.0300 63.4500 0.0000
v -76.0300 63.4500 42.2000
v -65.4600 59.9800 42.2000
v -67.5100 53.5800 42.2000
v -78.1800 56.9000 42.2000
v -76.0300 63.4500 42.2000
f 942 943 948
f 942 948 947
f 943 944 949
f 943 949 948
f 944 945 950
f 944 950 949
f 945 946 951
f 945 951 950
f 946 942 947
f 946 947 951
f 947 948 949
f 947 949 950
f 947 950 951
v -97.4100 11.6300 0.0000
v -86.0500 8.3000 0.0000
v -87.9700 1.7700 0.0000
v -99.3200 5.1000 0.0000
v -97.4100 11.6300 0.0000
v -97.4100 11.6300 20.0000
v -86.0500 8.3000 20.0000
v -87.9700 1.7700 20.0000
v -99.3200 5.1000 20.0000
v -97.4100 11.6300 20.0000
f 952 953 958
f 952 958 957
f 953 954 959
f 953 959 958
f 954 955 960
f 954 960 959
f 955 956 961
f 955 961 960
f 956 952 957
f 956 957 961
f 957 958 959
f 957 959 960
f 957 960 961
v 92.5300 11.6400 0.0000
v 90.5600 5.7200 0.0000
v 95.9900 3.7600 0.0000
v 97.7900 9.6000 0.0000
v 95.2800 10.5800 0.0000
v 92.5300 11.6400 0.0000
v 92.5300 11.6400 42.2000
v 90.5600 5.7200 42.2000
v 95.9900 3.7600 42.2000
v 97.7900 9.6000 42.2000
v 95.2800 10.5800 42.2000
v 92.5300 11.6400 42.2000
f 962 963 969
f 962 969 968
f 963 964 970
f 963 970 969
f 964 965 971
f 964 971 970
f 965 966 972
f 965 972 971
f 966 967 973
f 966 973 972
f 967 962 968
f 967 968 973
f 968 969 970
f 968 970 971
f 968 971 972
f 968 972 973
v 9.1100 90.5300 0.0000
v 11.9900 97.6700 0.0000
v 24.2500 92.8600 0.0000
v 26.8500 97.9900 0.0000
v 30.8000 96.4100 0.0000
v 25.4800 84.0000 0.0000
v 9.1100 90.5300 0.0000
v 9.1100 90.5300 42.2000
v 11.9900 97.6700 42.2000
v 24.2500 92.8600 42.2000
v 26.8500 97.9900 42.2000
v 30.8000 96.4100 42.2000
v 25.4800 84.0000 42.2000
v 9.1100 90.5300 42.2000
f 974 975 982
f 974 982 981
f 975 976 983
f 975 983 982
f 976 977 984
f 976 984 983
f 977 978 985
f 977 985 984
f 978 979 986
f 978 986 985
f 979 980 987
f 979 987 986
f 980 974 981
f 980 981 987
f 981 982 983
f 981 983 984
f 981 984 985
f 981 985 986
f 981 986 987
v 92.5300 11.6400 0.0000
v 94.8800 17.6900 0.0000
v 97.6000 16.6100 0.0000
v 95.2800 10.5800 0.0000
v 92.5300 11.6400 0.0000
v 92.5300 11.6400 42.2000
v 94.8800 17.6900 42.2000
v 97.6000 16.6100 42.2000
v 95.2800 10.5800 42.2000
v 92.5300 11.6400 42.2000
f 988 989 994
f 988 994 993
f 989 990 995
f 989 995 994
f 990 991 996
f 990 996 995
f 991 992 997
f 991 997 996
f 992 988 993
f 992 993 997
f 993 994 995
f 993 995 996
f 993 996 997
v 64.5900 -53.4100 0.0000
v 85.1500 -60.4100 0.0000
v 77.2900 -83.5000 0.0000
v 56.7200 -76.5000 0.0000
v 64.5900 -53.4100 0.0000
v 64.5900 -53.4100 51.5000
v 85.1500 -60.4100 51.5000
v 77.2900 -83.5000 51.5000
v 56.7200 -76.5000 51.5000
v 64.5900 -53.4100 51.5000
f 998 999 1004
f 998 1004 1003
f 999 1000 1005
f 999 1005 1004
f 1000 1001 1006
f 1000 1006 1005
f 1001 1002 1007
f 1001 1007 1006
f 1002 998 1003
f 1002 1003 1007
f 1003 1004 1005
f 1003 1005 1006
f 1003 1006 1007
v 95.3800 -0.3300 0.0000
v 93.3700 -5.8300 0.0000
v 95.9100 -6.8200 0.0000
v 98.0000 -1.3500 0.0000
v 95.3800 -0.3300 0.0000
v 95.3800 -0.3300 42.2000
v 93.3700 -5.8300 42.2000
v 95.9100 -6.8200 42.2000
v 98.0000 -1.3500 42.2000
v 95.3800 -0.3300 42.2000
f 1008 1009 1014
f 1008 1014 1013
f 1009 1010 1015
f 1009 1015 1014
f 1010 1011 1016
f 1010 1016 1015
f 1011 1012 1017
f 1011 1017 1016
f 1012 1008 1013
f 1012 1013 1017
f 1013 1014 1015
f 1013 1015 1016
f 1013 1016 1017
v 89.3000 29.4100 0.0000
v 90.6000 32.9400 0.0000
v 93.2300 31.8800 0.0000
v 91.8500 28.3900 0.0000
v 89.3000 29.4100 0.0000
v 89.3000 29.4100 42.2000
v 90.6000 32.9400 42.2000
v 93.2300 31.8800 42.2000
v 91.8500 28.3900 42.2000
v 89.3000 29.4100 42.2000
f 1018 1019 1024
f 1018 1024 1023
f 1019 1020 1025
f 1019 1025 1024
f 1020 1021 1026
f 1020 1026 1025
f 1021 1022 1027
f 1021 1027 1026
f 1022 1018 1023
f 1022 1023 1027
f 1023 1024 1025
f 1023 1025 1026
f 1023 1026 1027
v -99.4300 4.2000 0.0000
v -88.7400 1.1100 0.0000
v -90.4700 -4.9000 0.0000
v -101.1700 -1.8300 0.0000
v -99.4300 4.2000 0.0000
v -99.4300 4.2000 20.0000
v -88.7400 1.1100 20.0000
v -90.4700 -4.9000 20.0000
v -101.1700 -1.8300 20.0000
v -99.4300 4.2000 20.0000
f 1028 1029 1034
f 1028 1034 1033
f 1029 1030 1035
f 1029 1035 1034
f 1030 1031 1036
f 1030 1036 1035
f 1031 1032 1037
f 1031 1037 1036
f 1032 1028 1033
f 1032 1033 1037
f 1033 1034 1035
f 1033 1035 1036
f 1033 1036 1037
v -73.9000 69.7000 0.0000
v -62.6900 65.6200 0.0000
v -64.9200 60.1900 0.0000
v -76.0100 63.9900 0.0000
v -73.9000 69.7000 0.0000
v -73.9000 69.7000 42.2000
v -62.6900 65.6200 42.2000
v -64.9200 60.1900 42.2000
v -76.0100 63.9900 42.2000
v -73.9000 69.7000 42.2000
f 1038 1039 1044
f 1038 1044 1043
f 1039 1040 1045
f 1039 1045 1044
f 1040 1041 1046
f 1040 1046 1045
f 1041 1042 1047
f 1041 1047 1046
f 1042 1038 1043
f 1042 1043 1047
f 1043 1044 1045
f 1043 1045 1046
f 1043 1046 1047
v 95.9100 -6.8200 0.0000
v 98.7400 -7.9300 0.0000
v 96.6500 -13.4900 0.0000
v 93.8100 -12.3600 0.0000
v 95.9100 -6.8200 0.0000
v 95.9100 -6.8200 42.2000
v 98.7400 -7.9300 42.2000
v 96.6500 -13.4900 42.2000
v 93.8100 -12.3600 42.2000
v 95.9100 -6.8200 42.2000
f 1048 1049 1054
f 1048 1054 1053
f 1049 1050 1055
f 1049 1055 1054
f 1050 1051 1056
f 1050 1056 1055
f 1051 1052 1057
f 1051 1057 1056
f 1052 1048 1053
f 1052 1053 1057
f 1053 1054 1055
f 1053 1055 1056
f 1053 1056 1057
v 93.3700 26.0200 0.0000
v 92.0300 22.2500 0.0000
v 94.6600 21.2000 0.0000
v 95.8900 24.9800 0.0000
v 93.3700 26.0200 0.0000
v 93.3700 26.0200 42.2000
v 92.0300 22.2500 42.2000
v 94.6600 21.2000 42.2000
v 95.8900 24.9800 42.2000
v 93.3700 26.0200 42.2000
f 1058 1059 1064
f 1058 1064 1063
f 1059 1060 1065
f 1059 1065 1064
f 1060 1061 1066
f 1060 1066 1065
f 1061 1062 1067
f 1061 1067 1066
f 1062 1058 1063
f 1062 1063 1067
f 1063 1064 1065
f 1063 1065 1066
f 1063 1066 1067
v -28.6900 98.9500 0.0000
v -18.8100 95.7300 0.0000
v -22.3600 84.8600 0.0000
v -32.2300 88.0800 0.0000
v -28.6900 98.9500 0.0000
v -28.6900 98.9500 42.2000
v -18.8100 95.7300 42.2000
v -22.3600 84.8600 42.2000
v -32.2300 88.0800 42.2000
v -28.6900 98.9500 42.2000
f 1068 1069 1074
f 1068 1074 1073
f 1069 1070 1075
f 1069 1075 1074
f 1070 1071 1076
f 1070 1076 1075
f 1071 1072 1077
f 1071 1077 1076
f 1072 1068 1073
f 1072 1073 1077
f 1073 1074 1075
f 1073 1075 1076
f 1073 1076 1077
v 95.2800 10.5800 0.0000
v 97.6000 16.6100 0.0000
v 100.1600 15.6000 0.0000
v 97.7900 9.6000 0.0000
v 95.2800 10.5800 0.0000
v 95.2800 10.5800 42.2000
v 97.6000 16.6100 42.2000
v 100.1600 15.6000 42.2000
v 97.7900 9.6000 42.2000
v 95.2800 10.5800 42.2000
f 1078 1079 1084
f 1078 1084 1083
f 1079 1080 1085
f 1079 1085 1084
f 1080 1081 1086
f 1080 1086 1085
f 1081 1082 1087
f 1081 1087 1086
f 1082 1078 1083
f 1082 1083 1087
f 1083 1084 1085
f 1083 1085 1086
f 1083 1086 1087
v 98.0000 -1.3500 0.0000
v 100.9500 -2.4800 0.0000
v 98.7400 -7.9300 0.0000
v 95.9100 -6.8200 0.0000
v 98.0000 -1.3500 0.0000
v 98.0000 -1.3500 42.2000
v 100.9500 -2.4800 42.2000
v 98.7400 -7.9300 42.2000
v 95.9100 -6.8200 42.2000
v 98.0000 -1.3500 42.2000
f 1088 1089 1094
f 1088 1094 1093
f 1089 1090 1095
f 1089 1095 1094
f 1090 1091 1096
f 1090 1096 1095
f 1091 1092 1097
f 1091 1097 1096
f 1092 1088 1093
f 1092 1093 1097
f 1093 1094 1095
f 1093 1095 1096
f 1093 1096 1097
v 90.6000 32.9400 0.0000
v 92.1900 37.2500 0.0000
v 94.9600 36.2700 0.0000
v 93.2300 31.8800 0.0000
v 90.6000 32.9400 0.0000
v 90.6000 32.9400 42.2000
v 92.1900 37.2500 42.2000
v 94.9600 36.2700 42.2000
v 93.2300 31.8800 42.2000
v 90.6000 32.9400 42.2000
f 1098 1099 1104
f 1098 1104 1103
f 1099 1100 1105
f 1099 1105 1104
f 1100 1101 1106
f 1100 1106 1105
f 1101 1102 1107
f 1101 1107 1106
f 1102 1098 1103
f 1102 1103 1107
f 1103 1104 1105
f 1103 1105 1106
f 1103 1106 1107
v 97.7900 9.6000 0.0000
v 95.9900 3.7600 0.0000
v 99.0800 2.6500 0.0000
v 100.7200 8.4500 0.0000
v 97.7900 9.6000 0.0000
v 97.7900 9.6000 42.2000
v 95.9900 3.7600 42.2000
v 99.0800 2.6500 42.2000
v 100.7200 8.4500 42.2000
v 97.7900 9.6000 42.2000
f 1108 1109 1114
f 1108 1114 1113
f 1109 1110 1115
f 1109 1115 1114
f 1110 1111 1116
f 1110 1116 1115
f 1111 1112 1117
f 1111 1117 1116
f 1112 1108 1113
f 1112 1113 1117
f 1113 1114 1115
f 1113 1115 1116
f 1113 1116 1117
v -71.7700 75.1200 0.0000
v -60.5400 71.0400 0.0000
v -62.3900 65.9200 0.0000
v -73.6300 70.0000 0.0000
v -71.7700 75.1200 0.0000
v -71.7700 75.1200 42.2000
v -60.5400 71.0400 42.2000
v -62.3900 65.9200 42.2000
v -73.6300 70.0000 42.2000
v -71.7700 75.1200 42.2000
f 1118 1119 1124
f 1118 1124 1123
f 1119 1120 1125
f 1119 1125 1124
f 1120 1121 1126
f 1120 1126 1125
f 1121 1122 1127
f 1121 1127 1126
f 1122 1118 1123
f 1122 1123 1127
f 1123 1124 1125
f 1123 1125 1126
f 1123 1126 1127
v 95.8900 24.9800 0.0000
v 94.6600 21.2000 0.0000
v 97.1300 20.1900 0.0000
v 98.4700 23.9200 0.0000
v 95.8900 24.9800 0.0000
v 95.8900 24.9800 42.2000
v 94.6600 21.2000 42.2000
v 97.1300 20.1900 42.2000
v 98.4700 23.9200 42.2000
v 95.8900 24.9800 42.2000
f 1128 1129 1134
f 1128 1134 1133
f 1129 1130 1135
f 1129 1135 1134
f 1130 1131 1136
f 1130 1136 1135
f 1131 1132 1137
f 1131 1137 1136
f 1132 1128 1133
f 1132 1133 1137
f 1133 1134 1135
f 1133 1135 1136
f 1133 1136 1137
v 94.8100 29.6400 0.0000
v 93.3700 26.0200 0.0000
v 95.8900 24.9800 0.0000
v 97.4500 28.5800 0.0000
v 94.8100 29.6400 0.0000
v 94.8100 29.6400 42.2000
v 93.3700 26.0200 42.2000
v 95.8900 24.9800 42.2000
v 97.4500 28.5800 42.2000
v 94.8100 29.6400 42.2000
f 1138 1139 1144
f 1138 1144 1143
f 1139 1140 1145
f 1139 1145 1144
f 1140 1141 1146
f 1140 1146 1145
f 1141 1142 1147
f 1141 1147 1146
f 1142 1138 1143
f 1142 1143 1147
f 1143 1144 1145
f 1143 1145 1146
f 1143 1146 1147
v -43.5700 91.4000 0.0000
v -42.5600 94.5200 0.0000
v -33.0400 91.4600 0.0000
v -34.0500 88.3300 0.0000
v -43.5700 91.4000 0.0000
v -43.5700 91.4000 42.2000
v -42.5600 94.5200 42.2000
v -33.0400 91.4600 42.2000
v -34.0500 88.3300 42.2000
v -43.5700 91.4000 42.2000
f 1148 1149 1154
f 1148 1154 1153
f 1149 1150 1155
f 1149 1155 1154
f 1150 1151 1156
f 1150 1156 1155
f 1151 1152 1157
f 1151 1157 1156
f 1152 1148 1153
f 1152 1153 1157
f 1153 1154 1155
f 1153 1155 1156
f 1153 1156 1157
v -104.9900 -14.9800 0.0000
v -102.5000 -6.1400 0.0000
v -100.7300 -5.1800 0.0000
v -97.1400 -6.1800 0.0000
v -92.6000 -7.4400 0.0000
v -93.1400 -9.3700 0.0000
v -92.6200 -9.5200 0.0000
v -95.8800 -17.5600 0.0000
v -98.9300 -25.1000 0.0000
v -107.2100 -22.8200 0.0000
v -104.9900 -14.9800 0.0000
v -104.9900 -14.9800 45.0000
v -102.5000 -6.1400 45.0000
v -100.7300 -5.1800 45.0000
v -97.1400 -6.1800 45.0000
v -92.6000 -7.4400 45.0000
v -93.1400 -9.3700 45.0000
v -92.6200 -9.5200 45.0000
v -95.8800 -17.5600 45.0000
v -98.9300 -25.1000 45.0000
v -107.2100 -22.8200 45.0000
v -104.9900 -14.9800 45.0000
f 1158 1159 1170
f 1158 1170 1169
f 1159 1160 1171
f 1159 1171 1170
f 1160 1161 1172
f 1160 1172 1171
f 1161 1162 1173
f 1161 1173 1172
f 1162 1163 1174
f 1162 1174 1173
f 1163 1164 1175
f 1163 1175 1174
f 1164 1165 1176
f 1164 1176 1175
f 1165 1166 1177
f 1165 1177 1176
f 1166 1167 1178
f 1166 1178 1177
f 1167 1168 1179
f 1167 1179 1178
f 1168 1158 1169
f 1168 1169 1179
f 1169 1170 1171
f 1169 1171 1172
f 1169 1172 1173
f 1169 1173 1174
f 1169 1174 1175
f 1169 1175 1176
f 1169 1176 1177
f 1169 1177 1178
f 1169 1178 1179
v -101.3100 19.9600 0.0000
v -101.9600 21.5500 0.0000
v -98.4600 32.0300 0.0000
v -92.1900 29.9300 0.0000
v -94.6400 22.9800 0.0000
v -94.2300 22.8300 0.0000
v -95.8200 18.3200 0.0000
v -101.3100 19.9600 0.0000
v -101.3100 19.9600 11.2000
v -101.9600 21.5500 11.2000
v -98.4600 32.0300 11.2000
v -92.1900 29.9300 11.2000
v -94.6400 22.9800 11.2000
v -94.2300 22.8300 11.2000
v -95.8200 18.3200 11.2000
v -101.3100 19.9600 11.2000
f 1180 1181 1189
f 1180 1189 1188
f 1181 1182 1190
f 1181 1190 1189
f 1182 1183 1191
f 1182 1191 1190
f 1183 1184 1192
f 1183 1192 1191
f 1184 1185 1193
f 1184 1193 1192
f 1185 1186 1194
f 1185 1194 1193
f 1186 1187 1195
f 1186 1195 1194
f 1187 1180 1188
f 1187 1188 1195
f 1188 1189 1190
f 1188 1190 1191
f 1188 1191 1192
f 1188 1192 1193
f 1188 1193 1194
f 1188 1194 1195
v 99.3600 -8.1700 0.0000
v 102.4700 -9.3800 0.0000
v 100.2800 -14.9400 0.0000
v 97.2900 -13.7500 0.0000
v 99.3600 -8.1700 0.0000
v 99.3600 -8.1700 42.2000
v 102.4700 -9.3800 42.2000
v 100.2800 -14.9400 42.2000
v 97.2900 -13.7500 42.2000
v 99.3600 -8.1700 42.2000
f 1196 1197 1202
f 1196 1202 1201
f 1197 1198 1203
f 1197 1203 1202
f 1198 1199 1204
f 1198 1204 1203
f 1199 1200 1205
f 1199 1205 1204
f 1200 1196 1201
f 1200 1201 1205
f 1201 1202 1203
f 1201 1203 1204
f 1201 1204 1205
v -69.6300 79.6200 0.0000
v -58.6700 75.5500 0.0000
v -60.2800 71.1900 0.0000
v -71.2500 75.2400 0.0000
v -69.6300 79.6200 0.0000
v -69.6300 79.6200 42.2000
v -58.6700 75.5500 42.2000
v -60.2800 71.1900 42.2000
v -71.2500 75.2400 42.2000
v -69.6300 79.6200 42.2000
f 1206 1207 1212
f 1206 1212 1211
f 1207 1208 1213
f 1207 1213 1212
f 1208 1209 1214
f 1208 1214 1213
f 1209 1210 1215
f 1209 1215 1214
f 1210 1206 1211
f 1210 1211 1215
f 1211 1212 1213
f 1211 1213 1214
f 1211 1214 1215
v -94.2400 46.6700 0.0000
v -86.5700 44.3500 0.0000
v -90.6700 30.7900 0.0000
v -98.3400 33.1100 0.0000
v -94.2400 46.6700 0.0000
v -94.2400 46.6700 22.3000
v -86.5700 44.3500 22.3000
v -90.6700 30.7900 22.3000
v -98.3400 33.1100 22.3000
v -94.2400 46.6700 22.3000
f 1216 1217 1222
f 1216 1222 1221
f 1217 1218 1223
f 1217 1223 1222
f 1218 1219 1224
f 1218 1224 1223
f 1219 1220 1225
f 1219 1225 1224
f 1220 1216 1221
f 1220 1221 1225
f 1221 1222 1223
f 1221 1223 1224
f 1221 1224 1225
v 100.7200 8.4500 0.0000
v 99.0800 2.6500 0.0000
v 101.5600 1.7500 0.0000
v 103.2100 7.4700 0.0000
v 100.7200 8.4500 0.0000
v 100.7200 8.4500 42.2000
v 99.0800 2.6500 42.2000
v 101.5600 1.7500 42.2000
v 103.2100 7.4700 42.2000
v 100.7200 8.4500 42.2000
f 1226 1227 1232
f 1226 1232 1231
f 1227 1228 1233
f 1227 1233 1232
f 1228 1229 1234
f 1228 1234 1233
f 1229 1230 1235
f 1229 1235 1234
f 1230 1226 1231
f 1230 1231 1235
f 1231 1232 1233
f 1231 1233 1234
f 1231 1234 1235
v 98.4700 23.9200 0.0000
v 97.1300 20.1900 0.0000
v 99.5100 19.2400 0.0000
v 100.8900 22.9300 0.0000
v 98.4700 23.9200 0.0000
v 98.4700 23.9200 42.2000
v 97.1300 20.1900 42.2000
v 99.5100 19.2400 42.2000
v 100.8900 22.9300 42.2000
v 98.4700 23.9200 42.2000
f 1236 1237 1242
f 1236 1242 1241
f 1237 1238 1243
f 1237 1243 1242
f 1238 1239 1244
f 1238 1244 1243
f 1239 1240 1245
f 1239 1245 1244
f 1240 1236 1241
f 1240 1241 1245
f 1241 1242 1243
f 1241 1243 1244
f 1241 1244 1245
v 97.4500 28.5800 0.0000
v 95.8900 24.9800 0.0000
v 98.4700 23.9200 0.0000
v 99.9300 27.5800 0.0000
v 97.4500 28.5800 0.0000
v 97.4500 28.5800 42.2000
v 95.8900 24.9800 42.2000
v 98.4700 23.9200 42.2000
v 99.9300 27.5800 42.2000
v 97.4500 28.5800 42.2000
f 1246 1247 1252
f 1246 1252 1251
f 1247 1248 1253
f 1247 1253 1252
f 1248 1249 1254
f 1248 1254 1253
f 1249 1250 1255
f 1249 1255 1254
f 1250 1246 1251
f 1250 1251 1255
f 1251 1252 1253
f 1251 1253 1254
f 1251 1254 1255
v 97.7900 9.6000 0.0000
v 100.1600 15.6000 0.0000
v 105.5000 13.4900 0.0000
v 103.2100 7.4700 0.0000
v 100.7200 8.4500 0.0000
v 97.7900 9.6000 0.0000
v 97.7900 9.6000 42.2000
v 100.1600 15.6000 42.2000
v 105.5000 13.4900 42.2000
v 103.2100 7.4700 42.2000
v 100.7200 8.4500 42.2000
v 97.7900 9.6000 42.2000
f 1256 1257 1263
f 1256 1263 1262
f 1257 1258 1264
f 1257 1264 1263
f 1258 1259 1265
f 1258 1265 1264
f 1259 1260 1266
f 1259 1266 1265
f 1260 1261 1267
f 1260 1267 1266
f 1261 1256 1262
f 1261 1262 1267
f 1262 1263 1264
f 1262 1264 1265
f 1262 1265 1266
f 1262 1266 1267
v 92.1900 37.2500 0.0000
v 95.0100 44.8700 0.0000
v 97.9000 43.7400 0.0000
v 94.9600 36.2700 0.0000
v 92.1900 37.2500 0.0000
v 92.1900 37.2500 42.2000
v 95.0100 44.8700 42.2000
v 97.9000 43.7400 42.2000
v 94.9600 36.2700 42.2000
v 92.1900 37.2500 42.2000
f 1268 1269 1274
f 1268 1274 1273
f 1269 1270 1275
f 1269 1275 1274
f 1270 1271 1276
f 1270 1276 1275
f 1271 1272 1277
f 1271 1277 1276
f 1272 1268 1273
f 1272 1273 1277
f 1273 1274 1275
f 1273 1275 1276
f 1273 1276 1277
v -67.8500 84.1400 0.0000
v -56.8800 80.0800 0.0000
v -58.5000 75.7100 0.0000
v -69.4700 79.7600 0.0000
v -67.8500 84.1400 0.0000
v -67.8500 84.1400 42.2000
v -56.8800 80.0800 42.2000
v -58.5000 75.7100 42.2000
v -69.4700 79.7600 42.2000
v -67.8500 84.1400 42.2000
f 1278 1279 1284
f 1278 1284 1283
f 1279 1280 1285
f 1279 1285 1284
f 1280 1281 1286
f 1280 1286 1285
f 1281 1282 1287
f 1281 1287 1286
f 1282 1278 1283
f 1282 1283 1287
f 1283 1284 1285
f 1283 1285 1286
f 1283 1286 1287
v 102.4700 -9.3800 0.0000
v 104.7500 -10.2500 0.0000
v 102.4500 -15.8000 0.0000
v 100.2800 -14.9400 0.0000
v 102.4700 -9.3800 0.0000
v 102.4700 -9.3800 42.2000
v 104.7500 -10.2500 42.2000
v 102.4500 -15.8000 42.2000
v 100.2800 -14.9400 42.2000
v 102.4700 -9.3800 42.2000
f 1288 1289 1294
f 1288 1294 1293
f 1289 1290 1295
f 1289 1295 1294
f 1290 1291 1296
f 1290 1296 1295
f 1291 1292 1297
f 1291 1297 1296
f 1292 1288 1293
f 1292 1293 1297
f 1293 1294 1295
f 1293 1295 1296
f 1293 1296 1297
v -37.1500 -102.8600 0.0000
v -45.2200 -98.8500 0.0000
v -39.3400 -86.8200 0.0000
v -30.5300 -89.7700 0.0000
v -37.1500 -102.8600 0.0000
v -37.1500 -102.8600 32.1000
v -45.2200 -98.8500 32.1000
v -39.3400 -86.8200 32.1000
v -30.5300 -89.7700 32.1000
v -37.1500 -102.8600 32.1000
f 1298 1299 1304
f 1298 1304 1303
f 1299 1300 1305
f 1299 1305 1304
f 1300 1301 1306
f 1300 1306 1305
f 1301 1302 1307
f 1301 1307 1306
f 1302 1298 1303
f 1302 1303 1307
f 1303 1304 1305
f 1303 1305 1306
f 1303 1306 1307
v -55.0500 -91.3000 0.0000
v -63.0400 -87.3700 0.0000
v -62.1600 -85.5900 0.0000
v -53.2800 -81.9600 0.0000
v -50.7900 -82.8000 0.0000
v -55.0500 -91.3000 0.0000
v -55.0500 -91.3000 37.3000
v -63.0400 -87.3700 37.3000
v -62.1600 -85.5900 37.3000
v -53.2800 -81.9600 37.3000
v -50.7900 -82.8000 37.3000
v -55.0500 -91.3000 37.3000
f 1308 1309 1315
f 1308 1315 1314
f 1309 1310 1316
f 1309 1316 1315
f 1310 1311 1317
f 1310 1317 1316
f 1311 1312 1318
f 1311 1318 1317
f 1312 1313 1319
f 1312 1319 1318
f 1313 1308 1314
f 1313 1314 1319
f 1314 1315 1316
f 1314 1316 1317
f 1314 1317 1318
f 1314 1318 1319
v 103.2100 7.4700 0.0000
v 101.5600 1.7500 0.0000
v 103.6200 1.0000 0.0000
v 105.6000 6.5300 0.0000
v 103.2100 7.4700 0.0000
v 103.2100 7.4700 42.2000
v 101.5600 1.7500 42.2000
v 103.6200 1.0000 42.2000
v 105.6000 6.5300 42.2000
v 103.2100 7.4700 42.2000
f 1320 1321 1326
f 1320 1326 1325
f 1321 1322 1327
f 1321 1327 1326
f 1322 1323 1328
f 1322 1328 1327
f 1323 1324 1329
f 1323 1329 1328
f 1324 1320 1325
f 1324 1325 1329
f 1325 1326 1327
f 1325 1327 1328
f 1325 1328 1329
v 99.9300 27.5800 0.0000
v 98.4700 23.9200 0.0000
v 100.8900 22.9300 0.0000
v 102.4500 26.5700 0.0000
v 99.9300 27.5800 0.0000
v 99.9300 27.5800 42.2000
v 98.4700 23.9200 42.2000
v 100.8900 22.9300 42.2000
v 102.4500 26.5700 42.2000
v 99.9300 27.5800 42.2000
f 1330 1331 1336
f 1330 1336 1335
f 1331 1332 1337
f 1331 1337 1336
f 1332 1333 1338
f 1332 1338 1337
f 1333 1334 1339
f 1333 1339 1338
f 1334 1330 1335
f 1334 1335 1339
f 1335 1336 1337
f 1335 1337 1338
f 1335 1338 1339
v 100.8900 22.9300 0.0000
v 99.5100 19.2400 0.0000
v 102.4600 18.0600 0.0000
v 103.8200 21.7300 0.0000
v 100.8900 22.9300 0.0000
v 100.8900 22.9300 42.2000
v 99.5100 19.2400 42.2000
v 102.4600 18.0600 42.2000
v 103.8200 21.7300 42.2000
v 100.8900 22.9300 42.2000
f 1340 1341 1346
f 1340 1346 1345
f 1341 1342 1347
f 1341 1347 1346
f 1342 1343 1348
f 1342 1348 1347
f 1343 1344 1349
f 1343 1349 1348
f 1344 1340 1345
f 1344 1345 1349
f 1345 1346 1347
f 1345 1347 1348
f 1345 1348 1349
v -25.6600 -92.3400 0.0000
v -24.5100 -95.3800 0.0000
v -24.9000 -96.1700 0.0000
v -24.8000 -96.2400 0.0000
v -25.4300 -97.4300 0.0000
v -25.3000 -97.5200 0.0000
v -29.0300 -104.9100 0.0000
v -29.3100 -104.8000 0.0000
v -35.6100 -117.3100 0.0000
v -42.1400 -113.9600 0.0000
v -36.5200 -102.8000 0.0000
v -36.3300 -102.9000 0.0000
v -33.8900 -98.0600 0.0000
v -34.0900 -97.9700 0.0000
v -31.1100 -92.0500 0.0000
v -30.9300 -92.1500 0.0000
v -29.9400 -90.1800 0.0000
v -25.6600 -92.3400 0.0000
v -25.6600 -92.3400 38.0000
v -24.5100 -95.3800 38.0000
v -24.9000 -96.1700 38.0000
v -24.8000 -96.2400 38.0000
v -25.4300 -97.4300 38.0000
v -25.3000 -97.5200 38.0000
v -29.0300 -104.9100 38.0000
v -29.3100 -104.8000 38.0000
v -35.6100 -117.3100 38.0000
v -42.1400 -113.9600 38.0000
v -36.5200 -102.8000 38.0000
v -36.3300 -102.9000 38.0000
v -33.8900 -98.0600 38.0000
v -34.0900 -97.9700 38.0000
v -31.1100 -92.0500 38.0000
v -30.9300 -92.1500 38.0000
v -29.9400 -90.1800 38.0000
v -25.6600 -92.3400 38.0000
f 1350 1351 1369
f 1350 1369 1368
f 1351 1352 1370
f 1351 1370 1369
f 1352 1353 1371
f 1352 1371 1370
f 1353 1354 1372
f 1353 1372 1371
f 1354 1355 1373
f 1354 1373 1372
f 1355 1356 1374
f 1355 1374 1373
f 1356 1357 1375
f 1356 1375 1374
f 1357 1358 1376
f 1357 1376 1375
f 1358 1359 1377
f 1358 1377 1376
f 1359 1360 1378
f 1359 1378 1377
f 1360 1361 1379
f 1360 1379 1378
f 1361 1362 1380
f 1361 1380 1379
f 1362 1363 1381
f 1362 1381 1380
f 1363 1364 1382
f 1363 1382 1381
f 1364 1365 1383
f 1364 1383 1382
f 1365 1366 1384
f 1365 1384 1383
f 1366 1367 1385
f 1366 1385 1384
f 1367 1350 1368
f 1367 1368 1385
f 1368 1369 1370
f 1368 1370 1371
f 1368 1371 1372
f 1368 1372 1373
f 1368 1373 1374
f 1368 1374 1375
f 1368 1375 1376
f 1368 1376 1377
f 1368 1377 1378
f 1368 1378 1379
f 1368 1379 1380
f 1368 1380 1381
f 1368 1381 1382
f 1368 1382 1383
f 1368 1383 1384
f 1368 1384 1385
v 97.5900 36.3500 0.0000
v 96.2400 32.5800 0.0000
v 98.8700 31.5300 0.0000
v 100.1000 35.3100 0.0000
v 97.5900 36.3500 0.0000
v 97.5900 36.3500 42.2000
v 96.2400 32.5800 42.2000
v 98.8700 31.5300 42.2000
v 100.1000 35.3100 42.2000
v 97.5900 36.3500 42.2000
f 1386 1387 1392
f 1386 1392 1391
f 1387 1388 1393
f 1387 1393 1392
f 1388 1389 1394
f 1388 1394 1393
f 1389 1390 1395
f 1389 1395 1394
f 1390 1386 1391
f 1390 1391 1395
f 1391 1392 1393
f 1391 1393 1394
f 1391 1394 1395
v 101.4300 -2.7100 0.0000
v 99.3600 -8.1700 0.0000
v 102.4700 -9.3800 0.0000
v 104.7500 -10.2500 0.0000
v 107.0600 -11.1300 0.0000
v 110.0100 -12.2600 0.0000
v 112.1200 -6.7500 0.0000
v 101.4300 -2.7100 0.0000
v 101.4300 -2.7100 42.2000
v 99.3600 -8.1700 42.2000
v 102.4700 -9.3800 42.2000
v 104.7500 -10.2500 42.2000
v 107.0600 -11.1300 42.2000
v 110.0100 -12.2600 42.2000
v 112.1200 -6.7500 42.2000
v 101.4300 -2.7100 42.2000
f 1396 1397 1405
f 1396 1405 1404
f 1397 1398 1406
f 1397 1406 1405
f 1398 1399 1407
f 1398 1407 1406
f 1399 1400 1408
f 1399 1408 1407
f 1400 1401 1409
f 1400 1409 1408
f 1401 1402 1410
f 1401 1410 1409
f 1402 1403 1411
f 1402 1411 1410
f 1403 1396 1404
f 1403 1404 1411
f 1404 1405 1406
f 1404 1406 1407
f 1404 1407 1408
f 1404 1408 1409
f 1404 1409 1410
f 1404 1410 1411
v -6.9900 115.4000 0.0000
v 6.8700 110.8600 0.0000
v -0.1200 89.5200 0.0000
v -13.9800 94.0600 0.0000
v -6.9900 115.4000 0.0000
v -6.9900 115.4000 42.2000
v 6.8700 110.8600 42.2000
v -0.1200 89.5200 42.2000
v -13.9800 94.0600 42.2000
v -6.9900 115.4000 42.2000
f 1412 1413 1418
f 1412 1418 1417
f 1413 1414 1419
f 1413 1419 1418
f 1414 1415 1420
f 1414 1420 1419
f 1415 1416 1421
f 1415 1421 1420
f 1416 1412 1417
f 1416 1417 1421
f 1417 1418 1419
f 1417 1419 1420
f 1417 1420 1421
v 52.8600 89.3300 0.0000
v 53.7700 92.3600 0.0000
v 59.6000 90.1500 0.0000
v 58.3900 87.1600 0.0000
v 52.8600 89.3300 0.0000
v 52.8600 89.3300 42.2000
v 53.7700 92.3600 42.2000
v 59.6000 90.1500 42.2000
v 58.3900 87.1600 42.2000
v 52.8600 89.3300 42.2000
f 1422 1423 1428
f 1422 1428 1427
f 1423 1424 1429
f 1423 1429 1428
f 1424 1425 1430
f 1424 1430 1429
f 1425 1426 1431
f 1425 1431 1430
f 1426 1422 1427
f 1426 1427 1431
f 1427 1428 1429
f 1427 1429 1430
f 1427 1430 1431
v -106.0200 13.9100 0.0000
v -97.8500 11.4900 0.0000
v -101.7700 -1.6600 0.0000
v -107.7800 0.1200 0.0000
v -107.9500 -0.4700 0.0000
v -110.1100 0.1800 0.0000
v -106.0200 13.9100 0.0000
v -106.0200 13.9100 12.1000
v -97.8500 11.4900 12.1000
v -101.7700 -1.6600 12.1000
v -107.7800 0.1200 12.1000
v -107.9500 -0.4700 12.1000
v -110.1100 0.1800 12.1000
v -106.0200 13.9100 12.1000
f 1432 1433 1440
f 1432 1440 1439
f 1433 1434 1441
f 1433 1441 1440
f 1434 1435 1442
f 1434 1442 1441
f 1435 1436 1443
f 1435 1443 1442
f 1436 1437 1444
f 1436 1444 1443
f 1437 1438 1445
f 1437 1445 1444
f 1438 1432 1439
f 1438 1439 1445
f 1439 1440 1441
f 1439 1441 1442
f 1439 1442 1443
f 1439 1443 1444
f 1439 1444 1445
v -67.7900 84.4100 0.0000
v -65.9200 89.6700 0.0000
v -54.2600 86.3700 0.0000
v -56.6300 80.3200 0.0000
v -67.7900 84.4100 0.0000
v -67.7900 84.4100 42.2000
v -65.9200 89.6700 42.2000
v -54.2600 86.3700 42.2000
v -56.6300 80.3200 42.2000
v -67.7900 84.4100 42.2000
f 1446 1447 1452
f 1446 1452 1451
f 1447 1448 1453
f 1447 1453 1452
f 1448 1449 1454
f 1448 1454 1453
f 1449 1450 1455
f 1449 1455 1454
f 1450 1446 1451
f 1450 1451 1455
f 1451 1452 1453
f 1451 1453 1454
f 1451 1454 1455
v 104.7500 -10.2500 0.0000
v 107.0600 -11.1300 0.0000
v 104.9700 -16.8200 0.0000
v 102.4500 -15.8000 0.0000
v 104.7500 -10.2500 0.0000
v 104.7500 -10.2500 42.2000
v 107.0600 -11.1300 42.2000
v 104.9700 -16.8200 42.2000
v 102.4500 -15.8000 42.2000
v 104.7500 -10.2500 42.2000
f 1456 1457 1462
f 1456 1462 1461
f 1457 1458 1463
f 1457 1463 1462
f 1458 1459 1464
f 1458 1464 1463
f 1459 1460 1465
f 1459 1465 1464
f 1460 1456 1461
f 1460 1461 1465
f 1461 1462 1463
f 1461 1463 1464
f 1461 1464 1465
v 102.4500 26.5700 0.0000
v 100.8900 22.9300 0.0000
v 103.8200 21.7300 0.0000
v 105.1900 25.4700 0.0000
v 102.4500 26.5700 0.0000
v 102.4500 26.5700 42.2000
v 100.8900 22.9300 42.2000
v 103.8200 21.7300 42.2000
v 105.1900 25.4700 42.2000
v 102.4500 26.5700 42.2000
f 1466 1467 1472
f 1466 1472 1471
f 1467 1468 1473
f 1467 1473 1472
f 1468 1469 1474
f 1468 1474 1473
f 1469 1470 1475
f 1469 1475 1474
f 1470 1466 1471
f 1470 1471 1475
f 1471 1472 1473
f 1471 1473 1474
f 1471 1474 1475
v 100.1000 35.3100 0.0000
v 98.8700 31.5300 0.0000
v 101.3400 30.5200 0.0000
v 102.6900 34.2500 0.0000
v 100.1000 35.3100 0.0000
v 100.1000 35.3100 42.2000
v 98.8700 31.5300 42.2000
v 101.3400 30.5200 42.2000
v 102.6900 34.2500 42.2000
v 100.1000 35.3100 42.2000
f 1476 1477 1482
f 1476 1482 1481
f 1477 1478 1483
f 1477 1483 1482
f 1478 1479 1484
f 1478 1484 1483
f 1479 1480 1485
f 1479 1485 1484
f 1480 1476 1481
f 1480 1481 1485
f 1481 1482 1483
f 1481 1483 1484
f 1481 1484 1485
v 105.6000 6.5300 0.0000
v 103.6200 1.0000 0.0000
v 106.9100 -0.1900 0.0000
v 108.9900 5.2100 0.0000
v 105.6000 6.5300 0.0000
v 105.6000 6.5300 42.2000
v 103.6200 1.0000 42.2000
v 106.9100 -0.1900 42.2000
v 108.9900 5.2100 42.2000
v 105.6000 6.5300 42.2000
f 1486 1487 1492
f 1486 1492 1491
f 1487 1488 1493
f 1487 1493 1492
f 1488 1489 1494
f 1488 1494 1493
f 1489 1490 1495
f 1489 1495 1494
f 1490 1486 1491
f 1490 1491 1495
f 1491 1492 1493
f 1491 1493 1494
f 1491 1494 1495
v 103.8200 21.7300 0.0000
v 102.4600 18.0600 0.0000
v 105.4400 16.8000 0.0000
v 106.8300 20.4900 0.0000
v 103.8200 21.7300 0.0000
v 103.8200 21.7300 42.2000
v 102.4600 18.0600 42.2000
v 105.4400 16.8000 42.2000
v 106.8300 20.4900 42.2000
v 103.8200 21.7300 42.2000
f 1496 1497 1502
f 1496 1502 1501
f 1497 1498 1503
f 1497 1503 1502
f 1498 1499 1504
f 1498 1504 1503
f 1499 1500 1505
f 1499 1505 1504
f 1500 1496 1501
f 1500 1501 1505
f 1501 1502 1503
f 1501 1503 1504
f 1501 1504 1505
v 12.0200 99.4400 0.0000
v 18.9200 115.7600 0.0000
v 27.5700 113.5300 0.0000
v 20.1300 96.3000 0.0000
v 12.0200 99.4400 0.0000
v 12.0200 99.4400 42.2000
v 18.9200 115.7600 42.2000
v 27.5700 113.5300 42.2000
v 20.1300 96.3000 42.2000
v 12.0200 99.4400 42.2000
f 1506 1507 1512
f 1506 1512 1511
f 1507 1508 1513
f 1507 1513 1512
f 1508 1509 1514
f 1508 1514 1513
f 1509 1510 1515
f 1509 1515 1514
f 1510 1506 1511
f 1510 1511 1515
f 1511 1512 1513
f 1511 1513 1514
f 1511 1514 1515
v 99.0200 40.1100 0.0000
v 97.5900 36.3500 0.0000
v 100.1000 35.3100 0.0000
v 101.6200 38.9400 0.0000
v 99.0200 40.1100 0.0000
v 99.0200 40.1100 42.2000
v 97.5900 36.3500 42.2000
v 100.1000 35.3100 42.2000
v 101.6200 38.9400 42.2000
v 99.0200 40.1100 42.2000
f 1516 1517 1522
f 1516 1522 1521
f 1517 1518 1523
f 1517 1523 1522
f 1518 1519 1524
f 1518 1524 1523
f 1519 1520 1525
f 1519 1525 1524
f 1520 1516 1521
f 1520 1521 1525
f 1521 1522 1523
f 1521 1523 1524
f 1521 1524 1525
v -26.8700 103.1000 0.0000
v -25.4400 108.2100 0.0000
v -16.3400 105.6600 0.0000
v -17.7700 100.5500 0.0000
v -26.8700 103.1000 0.0000
v -26.8700 103.1000 42.2000
v -25.4400 108.2100 42.2000
v -16.3400 105.6600 42.2000
v -17.7700 100.5500 42.2000
v -26.8700 103.1000 42.2000
f 1526 1527 1532
f 1526 1532 1531
f 1527 1528 1533
f 1527 1533 1532
f 1528 1529 1534
f 1528 1534 1533
f 1529 1530 1535
f 1529 1535 1534
f 1530 1526 1531
f 1530 1531 1535
f 1531 1532 1533
f 1531 1533 1534
f 1531 1534 1535
v 103.2100 7.4700 0.0000
v 105.5000 13.4900 0.0000
v 111.4100 11.1500 0.0000
v 108.9900 5.2100 0.0000
v 105.6000 6.5300 0.0000
v 103.2100 7.4700 0.0000
v 103.2100 7.4700 42.2000
v 105.5000 13.4900 42.2000
v 111.4100 11.1500 42.2000
v 108.9900 5.2100 42.2000
v 105.6000 6.5300 42.2000
v 103.2100 7.4700 42.2000
f 1536 1537 1543
f 1536 1543 1542
f 1537 1538 1544
f 1537 1544 1543
f 1538 1539 1545
f 1538 1545 1544
f 1539 1540 1546
f 1539 1546 1545
f 1540 1541 1547
f 1540 1547 1546
f 1541 1536 1542
f 1541 1542 1547
f 1542 1543 1544
f 1542 1544 1545
f 1542 1545 1546
f 1542 1546 1547
v 81.5700 91.7700 0.0000
v 98.7500 85.7200 0.0000
v 87.3700 53.6900 0.0000
v 84.6100 45.9400 0.0000
v 67.2800 51.8500 0.0000
v 70.3100 60.3100 0.0000
v 81.5700 91.7700 0.0000
v 81.5700 91.7700 49.4000
v 98.7500 85.7200 49.4000
v 87.3700 53.6900 49.4000
v 84.6100 45.9400 49.4000
v 67.2800 51.8500 49.4000
v 70.3100 60.3100 49.4000
v 81.5700 91.7700 49.4000
f 1548 1549 1556
f 1548 1556 1555
f 1549 1550 1557
f 1549 1557 1556
f 1550 1551 1558
f 1550 1558 1557
f 1551 1552 1559
f 1551 1559 1558
f 1552 1553 1560
f 1552 1560 1559
f 1553 1554 1561
f 1553 1561 1560
f 1554 1548 1555
f 1554 1555 1561
f 1555 1556 1557
f 1555 1557 1558
f 1555 1558 1559
f 1555 1559 1560
f 1555 1560 1561
v 95.0100 44.8700 0.0000
v 96.2300 48.1900 0.0000
v 99.1800 46.9800 0.0000
v 97.9000 43.7400 0.0000
v 95.0100 44.8700 0.0000
v 95.0100 44.8700 42.2000
v 96.2300 48.1900 42.2000
v 99.1800 46.9800 42.2000
v 97.9000 43.7400 42.2000
v 95.0100 44.8700 42.2000
f 1562 1563 1568
f 1562 1568 1567
f 1563 1564 1569
f 1563 1569 1568
f 1564 1565 1570
f 1564 1570 1569
f 1565 1566 1571
f 1565 1571 1570
f 1566 1562 1567
f 1566 1567 1571
f 1567 1568 1569
f 1567 1569 1570
f 1567 1570 1571
v 102.6900 34.2500 0.0000
v 101.3400 30.5200 0.0000
v 103.7200 29.5700 0.0000
v 105.1000 33.2600 0.0000
v 102.6900 34.2500 0.0000
v 102.6900 34.2500 42.2000
v 101.3400 30.5200 42.2000
v 103.7200 29.5700 42.2000
v 105.1000 33.2600 42.2000
v 102.6900 34.2500 42.2000
f 1572 1573 1578
f 1572 1578 1577
f 1573 1574 1579
f 1573 1579 1578
f 1574 1575 1580
f 1574 1580 1579
f 1575 1576 1581
f 1575 1581 1580
f 1576 1572 1577
f 1576 1577 1581
f 1577 1578 1579
f 1577 1579 1580
f 1577 1580 1581
v -99.9800 48.5600 0.0000
v -103.9600 35.3900 0.0000
v -98.5400 33.7500 0.0000
v -94.5600 46.9100 0.0000
v -99.9800 48.5600 0.0000
v -99.9800 48.5600 9.7000
v -103.9600 35.3900 9.7000
v -98.5400 33.7500 9.7000
v -94.5600 46.9100 9.7000
v -99.9800 48.5600 9.7000
f 1582 1583 1588
f 1582 1588 1587
f 1583 1584 1589
f 1583 1589 1588
f 1584 1585 1590
f 1584 1590 1589
f 1585 1586 1591
f 1585 1591 1590
f 1586 1582 1587
f 1586 1587 1591
f 1587 1588 1589
f 1587 1589 1590
f 1587 1590 1591
v 23.4200 100.0200 0.0000
v 28.8900 112.9200 0.0000
v 37.5300 110.7000 0.0000
v 32.2800 97.4400 0.0000
v 23.4200 100.0200 0.0000
v 23.4200 100.0200 42.2000
v 28.8900 112.9200 42.2000
v 37.5300 110.7000 42.2000
v 32.2800 97.4400 42.2000
v 23.4200 100.0200 42.2000
f 1592 1593 1598
f 1592 1598 1597
f 1593 1594 1599
f 1593 1599 1598
f 1594 1595 1600
f 1594 1600 1599
f 1595 1596 1601
f 1595 1601 1600
f 1596 1592 1597
f 1596 1597 1601
f 1597 1598 1599
f 1597 1599 1600
f 1597 1600 1601
v 107.0600 -11.1300 0.0000
v 110.0100 -12.2600 0.0000
v 107.9200 -18.0000 0.0000
v 104.9700 -16.8200 0.0000
v 107.0600 -11.1300 0.0000
v 107.0600 -11.1300 42.2000
v 110.0100 -12.2600 42.2000
v 107.9200 -18.0000 42.2000
v 104.9700 -16.8200 42.2000
v 107.0600 -11.1300 42.2000
f 1602 1603 1608
f 1602 1608 1607
f 1603 1604 1609
f 1603 1609 1608
f 1604 1605 1610
f 1604 1610 1609
f 1605 1606 1611
f 1605 1611 1610
f 1606 1602 1607
f 1606 1607 1611
f 1607 1608 1609
f 1607 1609 1610
f 1607 1610 1611
v 105.1900 25.4700 0.0000
v 108.0500 24.3200 0.0000
v 106.8300 20.4900 0.0000
v 103.8200 21.7300 0.0000
v 105.1900 25.4700 0.0000
v 105.1900 25.4700 42.2000
v 108.0500 24.3200 42.2000
v 106.8300 20.4900 42.2000
v 103.8200 21.7300 42.2000
v 105.1900 25.4700 42.2000
f 1612 1613 1618
f 1612 1618 1617
f 1613 1614 1619
f 1613 1619 1618
f 1614 1615 1620
f 1614 1620 1619
f 1615 1616 1621
f 1615 1621 1620
f 1616 1612 1617
f 1616 1617 1621
f 1617 1618 1619
f 1617 1619 1620
f 1617 1620 1621
v 101.6200 38.9400 0.0000
v 100.1000 35.3100 0.0000
v 102.6900 34.2500 0.0000
v 104.1400 38.0500 0.0000
v 101.6200 38.9400 0.0000
v 101.6200 38.9400 42.2000
v 100.1000 35.3100 42.2000
v 102.6900 34.2500 42.2000
v 104.1400 38.0500 42.2000
v 101.6200 38.9400 42.2000
f 1622 1623 1628
f 1622 1628 1627
f 1623 1624 1629
f 1623 1629 1628
f 1624 1625 1630
f 1624 1630 1629
f 1625 1626 1631
f 1625 1631 1630
f 1626 1622 1627
f 1626 1627 1631
f 1627 1628 1629
f 1627 1629 1630
f 1627 1630 1631
v -107.5500 -19.6900 0.0000
v -108.1800 -21.9200 0.0000
v -114.1700 -20.2200 0.0000
v -108.8900 -1.6300 0.0000
v -102.9100 -3.3200 0.0000
v -106.0800 -14.4700 0.0000
v -105.6100 -14.6100 0.0000
v -107.1200 -19.8100 0.0000
v -107.5500 -19.6900 0.0000
v -107.5500 -19.6900 30.0000
v -108.1800 -21.9200 30.0000
v -114.1700 -20.2200 30.0000
v -108.8900 -1.6300 30.0000
v -102.9100 -3.3200 30.0000
v -106.0800 -14.4700 30.0000
v -105.6100 -14.6100 30.0000
v -107.1200 -19.8100 30.0000
v -107.5500 -19.6900 30.0000
f 1632 1633 1642
f 1632 1642 1641
f 1633 1634 1643
f 1633 1643 1642
f 1634 1635 1644
f 1634 1644 1643
f 1635 1636 1645
f 1635 1645 1644
f 1636 1637 1646
f 1636 1646 1645
f 1637 1638 1647
f 1637 1647 1646
f 1638 1639 1648
f 1638 1648 1647
f 1639 1640 1649
f 1639 1649 1648
f 1640 1632 1641
f 1640 1641 1649
f 1641 1642 1643
f 1641 1643 1644
f 1641 1644 1645
f 1641 1645 1646
f 1641 1646 1647
f 1641 1647 1648
f 1641 1648 1649
v -14.8900 -97.7800 0.0000
v -11.9200 -96.5300 0.0000
v 1.1600 -102.8000 0.0000
v 2.2100 -100.8800 0.0000
v 4.1800 -101.8500 0.0000
v 6.3800 -102.9300 0.0000
v -6.1900 -129.0700 0.0000
v -21.3300 -122.6300 0.0000
v -21.1700 -122.2200 0.0000
v -23.8300 -121.0800 0.0000
v -25.3900 -117.5300 0.0000
v -16.9900 -100.8100 0.0000
v -16.5700 -101.0400 0.0000
v -14.8900 -97.7800 0.0000
v -14.8900 -97.7800 40.8000
v -11.9200 -96.5300 40.8000
v 1.1600 -102.8000 40.8000
v 2.2100 -100.8800 40.8000
v 4.1800 -101.8500 40.8000
v 6.3800 -102.9300 40.8000
v -6.1900 -129.0700 40.8000
v -21.3300 -122.6300 40.8000
v -21.1700 -122.2200 40.8000
v -23.8300 -121.0800 40.8000
v -25.3900 -117.5300 40.8000
v -16.9900 -100.8100 40.8000
v -16.5700 -101.0400 40.8000
v -14.8900 -97.7800 40.8000
f 1650 1651 1665
f 1650 1665 1664
f 1651 1652 1666
f 1651 1666 1665
f 1652 1653 1667
f 1652 1667 1666
f 1653 1654 1668
f 1653 1668 1667
f 1654 1655 1669
f 1654 1669 1668
f 1655 1656 1670
f 1655 1670 1669
f 1656 1657 1671
f 1656 1671 1670
f 1657 1658 1672
f 1657 1672 1671
f 1658 1659 1673
f 1658 1673 1672
f 1659 1660 1674
f 1659 1674 1673
f 1660 1661 1675
f 1660 1675 1674
f 1661 1662 1676
f 1661 1676 1675
f 1662 1663 1677
f 1662 1677 1676
f 1663 1650 1664
f 1663 1664 1677
f 1664 1665 1666
f 1664 1666 1667
f 1664 1667 1668
f 1664 1668 1669
f 1664 1669 1670
f 1664 1670 1671
f 1664 1671 1672
f 1664 1672 1673
f 1664 1673 1674
f 1664 1674 1675
f 1664 1675 1676
f 1664 1676 1677
v -86.5500 -65.9200 0.0000
v -85.5600 -66.1900 0.0000
v -85.8300 -67.1600 0.0000
v -86.8200 -66.8900 0.0000
v -86.5500 -65.9200 0.0000
v -86.5500 -65.9200 2.4000
v -85.5600 -66.1900 2.4000
v -85.8300 -67.1600 2.4000
v -86.8200 -66.8900 2.4000
v -86.5500 -65.9200 2.4000
f 1678 1679 1684
f 1678 1684 1683
f 1679 1680 1685
f 1679 1685 1684
f 1680 1681 1686
f 1680 1686 1685
f 1681 1682 1687
f 1681 1687 1686
f 1682 1678 1683
f 1682 1683 1687
f 1683 1684 1685
f 1683 1685 1686
f 1683 1686 1687
v 106.8300 20.4900 0.0000
v 105.4400 16.8000 0.0000
v 108.0400 15.7300 0.0000
v 109.2900 19.4800 0.0000
v 106.8300 20.4900 0.0000
v 106.8300 20.4900 42.2000
v 105.4400 16.8000 42.2000
v 108.0400 15.7300 42.2000
v 109.2900 19.4800 42.2000
v 106.8300 20.4900 42.2000
f 1688 1689 1694
f 1688 1694 1693
f 1689 1690 1695
f 1689 1695 1694
f 1690 1691 1696
f 1690 1696 1695
f 1691 1692 1697
f 1691 1697 1696
f 1692 1688 1693
f 1692 1693 1697
f 1693 1694 1695
f 1693 1695 1696
f 1693 1696 1697
v -71.5000 78.0500 0.0000
v -82.4100 52.5000 0.0000
v -82.6200 52.1400 0.0000
v -82.9500 51.8700 0.0000
v -83.3300 51.7200 0.0000
v -83.7400 51.6900 0.0000
v -84.1400 51.7900 0.0000
v -84.5000 52.0100 0.0000
v -84.7700 52.3200 0.0000
v -84.9300 52.7100 0.0000
v -88.9300 54.8400 0.0000
v -89.3000 54.6800 0.0000
v -89.7200 54.6600 0.0000
v -90.1300 54.7600 0.0000
v -90.4700 54.9800 0.0000
v -90.7400 55.3000 0.0000
v -90.8900 55.6900 0.0000
v -90.9100 56.1100 0.0000
v -88.7400 63.5100 0.0000
v -88.8300 63.9200 0.0000
v -88.7800 64.3300 0.0000
v -88.6100 64.7100 0.0000
v -88.3200 65.0100 0.0000
v -86.5500 71.2600 0.0000
v -87.0900 71.4400 0.0000
v -87.7100 71.8700 0.0000
v -88.1700 72.4700 0.0000
v -88.4300 73.1800 0.0000
v -88.4500 73.9500 0.0000
v -88.2300 74.7000 0.0000
v -87.7900 75.3200 0.0000
v -87.1700 75.7900 0.0000
v -86.4500 76.0300 0.0000
v -85.7000 76.0400 0.0000
v -85.9800 77.0100 0.0000
v -85.9700 77.9600 0.0000
v -86.4500 78.5500 0.0000
v -86.7400 79.2800 0.0000
v -86.7800 80.0200 0.0000
v -86.5900 80.7600 0.0000
v -86.1900 81.4100 0.0000
v -85.5900 81.9000 0.0000
v -84.8700 82.1800 0.0000
v -84.1200 82.2200 0.0000
v -83.3800 82.0200 0.0000
v -71.5000 78.0500 0.0000
v -71.5000 78.0500 42.2000
v -82.4100 52.5000 42.2000
v -82.6200 52.1400 42.2000
v -82.9500 51.8700 42.2000
v -83.3300 51.7200 42.2000
v -83.7400 51.6900 42.2000
v -84.1400 51.7900 42.2000
v -84.5000 52.0100 42.2000
v -84.7700 52.3200 42.2000
v -84.9300 52.7100 42.2000
v -88.9300 54.8400 42.2000
v -89.3000 54.6800 42.2000
v -89.7200 54.6600 42.2000
v -90.1300 54.7600 42.2000
v -90.4700 54.9800 42.2000
v -90.7400 55.3000 42.2000
v -90.8900 55.6900 42.2000
v -90.9100 56.1100 42.2000
v -88.7400 63.5100 42.2000
v -88.8300 63.9200 42.2000
v -88.7800 64.3300 42.2000
v -88.6100 64.7100 42.2000
v -88.3200 65.0100 42.2000
v -86.5500 71.2600 42.2000
v -87.0900 71.4400 42.2000
v -87.7100 71.8700 42.2000
v -88.1700 72.4700 42.2000
v -88.4300 73.1800 42.2000
v -88.4500 73.9500 42.2000
v -88.2300 74.7000 42.2000
v -87.7900 75.3200 42.2000
v -87.1700 75.7900 42.2000
v -86.4500 76.0300 42.2000
v -85.7000 76.0400 42.2000
v -85.9800 77.0100 42.2000
v -85.9700 77.9600 42.2000
v -86.4500 78.5500 42.2000
v -86.7400 79.2800 42.2000
v -86.7800 80.0200 42.2000
v -86.5900 80.7600 42.2000
v -86.1900 81.4100 42.2000
v -85.5900 81.9000 42.2000
v -84.8700 82.1800 42.2000
v -84.1200 82.2200 42.2000
v -83.3800 82.0200 42.2000
v -71.5000 78.0500 42.2000
f 1698 1699 1745
f 1698 1745 1744
f 1699 1700 1746
f 1699 1746 1745
f 1700 1701 1747
f 1700 1747 1746
f 1701 1702 1748
f 1701 1748 1747
f 1702 1703 1749
f 1702 1749 1748
f 1703 1704 1750
f 1703 1750 1749
f 1704 1705 1751
f 1704 1751 1750
f 1705 1706 1752
f 1705 1752 1751
f 1706 1707 1753
f 1706 1753 1752
f 1707 1708 1754
f 1707 1754 1753
f 1708 1709 1755
f 1708 1755 1754
f 1709 1710 1756
f 1709 1756 1755
f 1710 1711 1757
f 1710 1757 1756
f 1711 1712 1758
f 1711 1758 1757
f 1712 1713 1759
f 1712 1759 1758
f 1713 1714 1760
f 1713 1760 1759
f 1714 1715 1761
f 1714 1761 1760
f 1715 1716 1762
f 1715 1762 1761
f 1716 1717 1763
f 1716 1763 1762
f 1717 1718 1764
f 1717 1764 1763
f 1718 1719 1765
f 1718 1765 1764
f 1719 1720 1766
f 1719 1766 1765
f 1720 1721 1767
f 1720 1767 1766
f 1721 1722 1768
f 1721 1768 1767
f 1722 1723 1769
f 1722 1769 1768
f 1723 1724 1770
f 1723 1770 1769
f 1724 1725 1771
f 1724 1771 1770
f 1725 1726 1772
f 1725 1772 1771
f 1726 1727 1773
f 1726 1773 1772
f 1727 1728 1774
f 1727 1774 1773
f 1728 1729 1775
f 1728 1775 1774
f 1729 1730 1776
f 1729 1776 1775
f 1730 1731 1777
f 1730 1777 1776
f 1731 1732 1778
f 1731 1778 1777
f 1732 1733 1779
f 1732 1779 1778
f 1733 1734 1780
f 1733 1780 1779
f 1734 1735 1781
f 1734 1781 1780
f 1735 1736 1782
f 1735 1782 1781
f 1736 1737 1783
f 1736 1783 1782
f 1737 1738 1784
f 1737 1784 1783
f 1738 1739 1785
f 1738 1785 1784
f 1739 1740 1786
f 1739 1786 1785
f 1740 1741 1787
f 1740 1787 1786
f 1741 1742 1788
f 1741 1788 1787
f 1742 1743 1789
f 1742 1789 1788
f 1743 1698 1744
f 1743 1744 1789
f 1744 1745 1746
f 1744 1746 1747
f 1744 1747 1748
f 1744 1748 1749
f 1744 1749 1750
f 1744 1750 1751
f 1744 1751 1752
f 1744 1752 1753
f 1744 1753 1754
f 1744 1754 1755
f 1744 1755 1756
f 1744 1756 1757
f 1744 1757 1758
f 1744 1758 1759
f 1744 1759 1760
f 1744 1760 1761
f 1744 1761 1762
f 1744 1762 1763
f 1744 1763 1764
f 1744 1764 1765
f 1744 1765 1766
f 1744 1766 1767
f 1744 1767 1768
f 1744 1768 1769
f 1744 1769 1770
f 1744 1770 1771
f 1744 1771 1772
f 1744 1772 1773
f 1744 1773 1774
f 1744 1774 1775
f 1744 1775 1776
f 1744 1776 1777
f 1744 1777 1778
f 1744 1778 1779
f 1744 1779 1780
f 1744 1780 1781
f 1744 1781 1782
f 1744 1782 1783
f 1744 1783 1784
f 1744 1784 1785
f 1744 1785 1786
f 1744 1786 1787
f 1744 1787 1788
f 1744 1788 1789
v 96.2300 48.1900 0.0000
v 97.1300 50.6400 0.0000
v 100.0600 49.2400 0.0000
v 99.1800 46.9800 0.0000
v 96.2300 48.1900 0.0000
v 96.2300 48.1900 42.2000
v 97.1300 50.6400 42.2000
v 100.0600 49.2400 42.2000
v 99.1800 46.9800 42.2000
v 96.2300 48.1900 42.2000
f 1790 1791 1796
f 1790 1796 1795
f 1791 1792 1797
f 1791 1797 1796
f 1792 1793 1798
f 1792 1798 1797
f 1793 1794 1799
f 1793 1799 1798
f 1794 1790 1795
f 1794 1795 1799
f 1795 1796 1797
f 1795 1797 1798
f 1795 1798 1799
v -50.2200 -97.0900 0.0000
v -55.1300 -107.2500 0.0000
v -60.7800 -104.3700 0.0000
v -57.7200 -98.0200 0.0000
v -66.2100 -93.8200 0.0000
v -63.2900 -87.8800 0.0000
v -54.5900 -92.1300 0.0000
v -50.1300 -83.0700 0.0000
v -39.8200 -86.4400 0.0000
v -45.7400 -98.5800 0.0000
v -50.2200 -97.0900 0.0000
v -50.2200 -97.0900 49.3000
v -55.1300 -107.2500 49.3000
v -60.7800 -104.3700 49.3000
v -57.7200 -98.0200 49.3000
v -66.2100 -93.8200 49.3000
v -63.2900 -87.8800 49.3000
v -54.5900 -92.1300 49.3000
v -50.1300 -83.0700 49.3000
v -39.8200 -86.4400 49.3000
v -45.7400 -98.5800 49.3000
v -50.2200 -97.0900 49.3000
f 1800 1801 1812
f 1800 1812 1811
f 1801 1802 1813
f 1801 1813 1812
f 1802 1803 1814
f 1802 1814 1813
f 1803 1804 1815
f 1803 1815 1814
f 1804 1805 1816
f 1804 1816 1815
f 1805 1806 1817
f 1805 1817 1816
f 1806 1807 1818
f 1806 1818 1817
f 1807 1808 1819
f 1807 1819 1818
f 1808 1809 1820
f 1808 1820 1819
f 1809 1810 1821
f 1809 1821 1820
f 1810 1800 1811
f 1810 1811 1821
f 1811 1812 1813
f 1811 1813 1814
f 1811 1814 1815
f 1811 1815 1816
f 1811 1816 1817
f 1811 1817 1818
f 1811 1818 1819
f 1811 1819 1820
f 1811 1820 1821
v -37.5400 111.3300 0.0000
v -28.0600 108.3900 0.0000
v -32.8000 93.1400 0.0000
v -42.2700 96.0800 0.0000
v -37.5400 111.3300 0.0000
v -37.5400 111.3300 42.2000
v -28.0600 108.3900 42.2000
v -32.8000 93.1400 42.2000
v -42.2700 96.0800 42.2000
v -37.5400 111.3300 42.2000
f 1822 1823 1828
f 1822 1828 1827
f 1823 1824 1829
f 1823 1829 1828
f 1824 1825 1830
f 1824 1830 1829
f 1825 1826 1831
f 1825 1831 1830
f 1826 1822 1827
f 1826 1827 1831
f 1827 1828 1829
f 1827 1829 1830
f 1827 1830 1831
v 2.1800 -113.4200 0.0000
v 6.8300 -115.6600 0.0000
v 12.3100 -104.4400 0.0000
v 7.3100 -102.7100 0.0000
v 2.1800 -113.4200 0.0000
v 2.1800 -113.4200 15.0000
v 6.8300 -115.6600 15.0000
v 12.3100 -104.4400 15.0000
v 7.3100 -102.7100 15.0000
v 2.1800 -113.4200 15.0000
f 1832 1833 1838
f 1832 1838 1837
f 1833 1834 1839
f 1833 1839 1838
f 1834 1835 1840
f 1834 1840 1839
f 1835 1836 1841
f 1835 1841 1840
f 1836 1832 1837
f 1836 1837 1841
f 1837 1838 1839
f 1837 1839 1840
f 1837 1840 1841
v 109.9900 5.2000 0.0000
v 107.8600 -0.7200 0.0000
v 110.4400 -1.7000 0.0000
v 112.2700 4.3000 0.0000
v 109.9900 5.2000 0.0000
v 109.9900 5.2000 42.2000
v 107.8600 -0.7200 42.2000
v 110.4400 -1.7000 42.2000
v 112.2700 4.3000 42.2000
v 109.9900 5.2000 42.2000
f 1842 1843 1848
f 1842 1848 1847
f 1843 1844 1849
f 1843 1849 1848
f 1844 1845 1850
f 1844 1850 1849
f 1845 1846 1851
f 1845 1851 1850
f 1846 1842 1847
f 1846 1847 1851
f 1847 1848 1849
f 1847 1849 1850
f 1847 1850 1851
v 105.1000 33.2600 0.0000
v 103.7200 29.5700 0.0000
v 106.6600 28.3800 0.0000
v 107.8100 32.1500 0.0000
v 105.1000 33.2600 0.0000
v 105.1000 33.2600 42.2000
v 103.7200 29.5700 42.2000
v 106.6600 28.3800 42.2000
v 107.8100 32.1500 42.2000
v 105.1000 33.2600 42.2000
f 1852 1853 1858
f 1852 1858 1857
f 1853 1854 1859
f 1853 1859 1858
f 1854 1855 1860
f 1854 1860 1859
f 1855 1856 1861
f 1855 1861 1860
f 1856 1852 1857
f 1856 1857 1861
f 1857 1858 1859
f 1857 1859 1860
f 1857 1860 1861
v 104.1400 38.0500 0.0000
v 102.6900 34.2500 0.0000
v 105.1000 33.2600 0.0000
v 106.6600 37.0400 0.0000
v 104.1400 38.0500 0.0000
v 104.1400 38.0500 42.2000
v 102.6900 34.2500 42.2000
v 105.1000 33.2600 42.2000
v 106.6600 37.0400 42.2000
v 104.1400 38.0500 42.2000
f 1862 1863 1868
f 1862 1868 1867
f 1863 1864 1869
f 1863 1869 1868
f 1864 1865 1870
f 1864 1870 1869
f 1865 1866 1871
f 1865 1871 1870
f 1866 1862 1867
f 1866 1867 1871
f 1867 1868 1869
f 1867 1869 1870
f 1867 1870 1871
v -106.1900 -30.1600 0.0000
v -111.4100 -28.7100 0.0000
v -110.4900 -25.3800 0.0000
v -105.2700 -26.8300 0.0000
v -105.3300 -27.0500 0.0000
v -105.7300 -28.5000 0.0000
v -106.1300 -29.9300 0.0000
v -106.1900 -30.1600 0.0000
v -106.1900 -30.1600 3.0000
v -111.4100 -28.7100 3.0000
v -110.4900 -25.3800 3.0000
v -105.2700 -26.8300 3.0000
v -105.3300 -27.0500 3.0000
v -105.7300 -28.5000 3.0000
v -106.1300 -29.9300 3.0000
v -106.1900 -30.1600 3.0000
f 1872 1873 1881
f 1872 1881 1880
f 1873 1874 1882
f 1873 1882 1881
f 1874 1875 1883
f 1874 1883 1882
f 1875 1876 1884
f 1875 1884 1883
f 1876 1877 1885
f 1876 1885 1884
f 1877 1878 1886
f 1877 1886 1885
f 1878 1879 1887
f 1878 1887 1886
f 1879 1872 1880
f 1879 1880 1887
f 1880 1881 1882
f 1880 1882 1883
f 1880 1883 1884
f 1880 1884 1885
f 1880 1885 1886
f 1880 1886 1887
v 108.0500 24.3200 0.0000
v 110.5100 23.3300 0.0000
v 109.2900 19.4800 0.0000
v 106.8300 20.4900 0.0000
v 108.0500 24.3200 0.0000
v 108.0500 24.3200 42.2000
v 110.5100 23.3300 42.2000
v 109.2900 19.4800 42.2000
v 106.8300 20.4900 42.2000
v 108.0500 24.3200 42.2000
f 1888 1889 1894
f 1888 1894 1893
f 1889 1890 1895
f 1889 1895 1894
f 1890 1891 1896
f 1890 1896 1895
f 1891 1892 1897
f 1891 1897 1896
f 1892 1888 1893
f 1892 1893 1897
f 1893 1894 1895
f 1893 1895 1896
f 1893 1896 1897
v 101.4800 46.6500 0.0000
v 99.6200 42.1600 0.0000
v 102.1200 41.1800 0.0000
v 103.8700 45.7000 0.0000
v 101.4800 46.6500 0.0000
v 101.4800 46.6500 42.2000
v 99.6200 42.1600 42.2000
v 102.1200 41.1800 42.2000
v 103.8700 45.7000 42.2000
v 101.4800 46.6500 42.2000
f 1898 1899 1904
f 1898 1904 1903
f 1899 1900 1905
f 1899 1905 1904
f 1900 1901 1906
f 1900 1906 1905
f 1901 1902 1907
f 1901 1907 1906
f 1902 1898 1903
f 1902 1903 1907
f 1903 1904 1905
f 1903 1905 1906
f 1903 1906 1907
v 109.2900 19.4800 0.0000
v 108.0400 15.7300 0.0000
v 110.4300 14.8400 0.0000
v 111.7700 18.4700 0.0000
v 109.2900 19.4800 0.0000
v 109.2900 19.4800 42.2000
v 108.0400 15.7300 42.2000
v 110.4300 14.8400 42.2000
v 111.7700 18.4700 42.2000
v 109.2900 19.4800 42.2000
f 1908 1909 1914
f 1908 1914 1913
f 1909 1910 1915
f 1909 1915 1914
f 1910 1911 1916
f 1910 1916 1915
f 1911 1912 1917
f 1911 1917 1916
f 1912 1908 1913
f 1912 1913 1917
f 1913 1914 1915
f 1913 1915 1916
f 1913 1916 1917
v 97.1300 50.6400 0.0000
v 98.1600 53.4100 0.0000
v 101.1500 51.9900 0.0000
v 100.0600 49.2400 0.0000
v 97.1300 50.6400 0.0000
v 97.1300 50.6400 42.2000
v 98.1600 53.4100 42.2000
v 101.1500 51.9900 42.2000
v 100.0600 49.2400 42.2000
v 97.1300 50.6400 42.2000
f 1918 1919 1924
f 1918 1924 1923
f 1919 1920 1925
f 1919 1925 1924
f 1920 1921 1926
f 1920 1926 1925
f 1921 1922 1927
f 1921 1927 1926
f 1922 1918 1923
f 1922 1923 1927
f 1923 1924 1925
f 1923 1925 1926
f 1923 1926 1927
v -90.4100 66.2800 0.0000
v -88.7300 65.7700 0.0000
v -88.9700 64.9700 0.0000
v -90.6500 65.4800 0.0000
v -90.4100 66.2800 0.0000
v -90.4100 66.2800 6.0000
v -88.7300 65.7700 6.0000
v -88.9700 64.9700 6.0000
v -90.6500 65.4800 6.0000
v -90.4100 66.2800 6.0000
f 1928 1929 1934
f 1928 1934 1933
f 1929 1930 1935
f 1929 1935 1934
f 1930 1931 1936
f 1930 1936 1935
f 1931 1932 1937
f 1931 1937 1936
f 1932 1928 1933
f 1932 1933 1937
f 1933 1934 1935
f 1933 1935 1936
f 1933 1936 1937
v -70.9000 90.8600 0.0000
v -67.1500 89.7600 0.0000
v -71.0100 79.3000 0.0000
v -74.1400 80.2600 0.0000
v -70.9000 90.8600 0.0000
v -70.9000 90.8600 42.2000
v -67.1500 89.7600 42.2000
v -71.0100 79.3000 42.2000
v -74.1400 80.2600 42.2000
v -70.9000 90.8600 42.2000
f 1938 1939 1944
f 1938 1944 1943
f 1939 1940 1945
f 1939 1945 1944
f 1940 1941 1946
f 1940 1946 1945
f 1941 1942 1947
f 1941 1947 1946
f 1942 1938 1943
f 1942 1943 1947
f 1943 1944 1945
f 1943 1945 1946
f 1943 1946 1947
v 39.3900 109.1700 0.0000
v 62.6300 100.2900 0.0000
v 61.4800 97.1700 0.0000
v 53.5100 99.9600 0.0000
v 50.1000 91.4200 0.0000
v 34.6900 97.1200 0.0000
v 39.3900 109.1700 0.0000
v 39.3900 109.1700 42.2000
v 62.6300 100.2900 42.2000
v 61.4800 97.1700 42.2000
v 53.5100 99.9600 42.2000
v 50.1000 91.4200 42.2000
v 34.6900 97.1200 42.2000
v 39.3900 109.1700 42.2000
f 1948 1949 1956
f 1948 1956 1955
f 1949 1950 1957
f 1949 1957 1956
f 1950 1951 1958
f 1950 1958 1957
f 1951 1952 1959
f 1951 1959 1958
f 1952 1953 1960
f 1952 1960 1959
f 1953 1954 1961
f 1953 1961 1960
f 1954 1948 1955
f 1954 1955 1961
f 1955 1956 1957
f 1955 1957 1958
f 1955 1958 1959
f 1955 1959 1960
f 1955 1960 1961
v -112.4700 15.0700 0.0000
v -106.6900 13.3800 0.0000
v -110.1800 1.5000 0.0000
v -111.9200 2.0000 0.0000
v -111.7700 2.5200 0.0000
v -115.8000 3.7000 0.0000
v -112.4700 15.0700 0.0000
v -112.4700 15.0700 12.3000
v -106.6900 13.3800 12.3000
v -110.1800 1.5000 12.3000
v -111.9200 2.0000 12.3000
v -111.7700 2.5200 12.3000
v -115.8000 3.7000 12.3000
v -112.4700 15.0700 12.3000
f 1962 1963 1970
f 1962 1970 1969
f 1963 1964 1971
f 1963 1971 1970
f 1964 1965 1972
f 1964 1972 1971
f 1965 1966 1973
f 1965 1973 1972
f 1966 1967 1974
f 1966 1974 1973
f 1967 1968 1975
f 1967 1975 1974
f 1968 1962 1969
f 1968 1969 1975
f 1969 1970 1971
f 1969 1971 1972
f 1969 1972 1973
f 1969 1973 1974
f 1969 1974 1975
v -61.5500 96.5700 0.0000
v -60.2900 100.5800 0.0000
v -50.2600 97.4400 0.0000
v -50.9100 95.3700 0.0000
v -53.4300 94.0300 0.0000
v -61.5500 96.5700 0.0000
v -61.5500 96.5700 42.2000
v -60.2900 100.5800 42.2000
v -50.2600 97.4400 42.2000
v -50.9100 95.3700 42.2000
v -53.4300 94.0300 42.2000
v -61.5500 96.5700 42.2000
f 1976 1977 1983
f 1976 1983 1982
f 1977 1978 1984
f 1977 1984 1983
f 1978 1979 1985
f 1978 1985 1984
f 1979 1980 1986
f 1979 1986 1985
f 1980 1981 1987
f 1980 1987 1986
f 1981 1976 1982
f 1981 1982 1987
f 1982 1983 1984
f 1982 1984 1985
f 1982 1985 1986
f 1982 1986 1987
v 110.8800 -12.5900 0.0000
v 108.7200 -18.3200 0.0000
v 111.3300 -19.3700 0.0000
v 113.3600 -13.5500 0.0000
v 110.8800 -12.5900 0.0000
v 110.8800 -12.5900 42.2000
v 108.7200 -18.3200 42.2000
v 111.3300 -19.3700 42.2000
v 113.3600 -13.5500 42.2000
v 110.8800 -12.5900 42.2000
f 1988 1989 1994
f 1988 1994 1993
f 1989 1990 1995
f 1989 1995 1994
f 1990 1991 1996
f 1990 1996 1995
f 1991 1992 1997
f 1991 1997 1996
f 1992 1988 1993
f 1992 1993 1997
f 1993 1994 1995
f 1993 1995 1996
f 1993 1996 1997
v 111.9700 10.6200 0.0000
v 114.4300 9.7200 0.0000
v 112.2700 4.3000 0.0000
v 109.9900 5.2000 0.0000
v 111.9700 10.6200 0.0000
v 111.9700 10.6200 42.2000
v 114.4300 9.7200 42.2000
v 112.2700 4.3000 42.2000
v 109.9900 5.2000 42.2000
v 111.9700 10.6200 42.2000
f 1998 1999 2004
f 1998 2004 2003
f 1999 2000 2005
f 1999 2005 2004
f 2000 2001 2006
f 2000 2006 2005
f 2001 2002 2007
f 2001 2007 2006
f 2002 1998 2003
f 2002 2003 2007
f 2003 2004 2005
f 2003 2005 2006
f 2003 2006 2007
v 107.8100 32.1500 0.0000
v 106.6600 28.3800 0.0000
v 108.9300 27.4600 0.0000
v 110.2100 31.1700 0.0000
v 107.8100 32.1500 0.0000
v 107.8100 32.1500 42.2000
v 106.6600 28.3800 42.2000
v 108.9300 27.4600 42.2000
v 110.2100 31.1700 42.2000
v 107.8100 32.1500 42.2000
f 2008 2009 2014
f 2008 2014 2013
f 2009 2010 2015
f 2009 2015 2014
f 2010 2011 2016
f 2010 2016 2015
f 2011 2012 2017
f 2011 2017 2016
f 2012 2008 2013
f 2012 2013 2017
f 2013 2014 2015
f 2013 2015 2016
f 2013 2016 2017
v 106.6600 37.0400 0.0000
v 105.1000 33.2600 0.0000
v 107.8100 32.1500 0.0000
v 109.4000 35.9300 0.0000
v 106.6600 37.0400 0.0000
v 106.6600 37.0400 42.2000
v 105.1000 33.2600 42.2000
v 107.8100 32.1500 42.2000
v 109.4000 35.9300 42.2000
v 106.6600 37.0400 42.2000
f 2018 2019 2024
f 2018 2024 2023
f 2019 2020 2025
f 2019 2025 2024
f 2020 2021 2026
f 2020 2026 2025
f 2021 2022 2027
f 2021 2027 2026
f 2022 2018 2023
f 2022 2023 2027
f 2023 2024 2025
f 2023 2025 2026
f 2023 2026 2027
v -24.6800 108.9400 0.0000
v -22.8600 116.4700 0.0000
v -14.6900 114.4900 0.0000
v -16.5200 106.9600 0.0000
v -24.6800 108.9400 0.0000
v -24.6800 108.9400 42.2000
v -22.8600 116.4700 42.2000
v -14.6900 114.4900 42.2000
v -16.5200 106.9600 42.2000
v -24.6800 108.9400 42.2000
f 2028 2029 2034
f 2028 2034 2033
f 2029 2030 2035
f 2029 2035 2034
f 2030 2031 2036
f 2030 2036 2035
f 2031 2032 2037
f 2031 2037 2036
f 2032 2028 2033
f 2032 2033 2037
f 2033 2034 2035
f 2033 2035 2036
f 2033 2036 2037
v 110.5100 23.3300 0.0000
v 113.2500 22.2300 0.0000
v 111.7700 18.4700 0.0000
v 109.2900 19.4800 0.0000
v 110.5100 23.3300 0.0000
v 110.5100 23.3300 42.2000
v 113.2500 22.2300 42.2000
v 111.7700 18.4700 42.2000
v 109.2900 19.4800 42.2000
v 110.5100 23.3300 42.2000
f 2038 2039 2044
f 2038 2044 2043
f 2039 2040 2045
f 2039 2045 2044
f 2040 2041 2046
f 2040 2046 2045
f 2041 2042 2047
f 2041 2047 2046
f 2042 2038 2043
f 2042 2043 2047
f 2043 2044 2045
f 2043 2045 2046
f 2043 2046 2047
v 85.9200 -60.5100 0.0000
v 91.6900 -62.4600 0.0000
v 91.3200 -63.5600 0.0000
v 99.8600 -66.4500 0.0000
v 92.4000 -88.5900 0.0000
v 78.0900 -83.7700 0.0000
v 85.9200 -60.5100 0.0000
v 85.9200 -60.5100 40.0000
v 91.6900 -62.4600 40.0000
v 91.3200 -63.5600 40.0000
v 99.8600 -66.4500 40.0000
v 92.4000 -88.5900 40.0000
v 78.0900 -83.7700 40.0000
v 85.9200 -60.5100 40.0000
f 2048 2049 2056
f 2048 2056 2055
f 2049 2050 2057
f 2049 2057 2056
f 2050 2051 2058
f 2050 2058 2057
f 2051 2052 2059
f 2051 2059 2058
f 2052 2053 2060
f 2052 2060 2059
f 2053 2054 2061
f 2053 2061 2060
f 2054 2048 2055
f 2054 2055 2061
f 2055 2056 2057
f 2055 2057 2058
f 2055 2058 2059
f 2055 2059 2060
f 2055 2060 2061
v 103.8700 45.7000 0.0000
v 102.1200 41.1800 0.0000
v 104.6300 40.2100 0.0000
v 106.3600 44.6900 0.0000
v 105.9400 44.8700 0.0000
v 103.8700 45.7000 0.0000
v 103.8700 45.7000 42.2000
v 102.1200 41.1800 42.2000
v 104.6300 40.2100 42.2000
v 106.3600 44.6900 42.2000
v 105.9400 44.8700 42.2000
v 103.8700 45.7000 42.2000
f 2062 2063 2069
f 2062 2069 2068
f 2063 2064 2070
f 2063 2070 2069
f 2064 2065 2071
f 2064 2071 2070
f 2065 2066 2072
f 2065 2072 2071
f 2066 2067 2073
f 2066 2073 2072
f 2067 2062 2068
f 2067 2068 2073
f 2068 2069 2070
f 2068 2070 2071
f 2068 2071 2072
f 2068 2072 2073
v 98.1600 53.4100 0.0000
v 99.0100 55.7300 0.0000
v 102.0800 54.3500 0.0000
v 101.1500 51.9900 0.0000
v 98.1600 53.4100 0.0000
v 98.1600 53.4100 42.2000
v 99.0100 55.7300 42.2000
v 102.0800 54.3500 42.2000
v 101.1500 51.9900 42.2000
v 98.1600 53.4100 42.2000
f 2074 2075 2080
f 2074 2080 2079
f 2075 2076 2081
f 2075 2081 2080
f 2076 2077 2082
f 2076 2082 2081
f 2077 2078 2083
f 2077 2083 2082
f 2078 2074 2079
f 2078 2079 2083
f 2079 2080 2081
f 2079 2081 2082
f 2079 2082 2083
v -92.6400 67.2300 0.0000
v -91.1800 72.1500 0.0000
v -87.2300 70.9800 0.0000
v -88.7200 66.0000 0.0000
v -90.5700 66.5800 0.0000
v -92.1900 67.0800 0.0000
v -92.6400 67.2300 0.0000
v -92.6400 67.2300 6.0000
v -91.1800 72.1500 6.0000
v -87.2300 70.9800 6.0000
v -88.7200 66.0000 6.0000
v -90.5700 66.5800 6.0000
v -92.1900 67.0800 6.0000
v -92.6400 67.2300 6.0000
f 2084 2085 2092
f 2084 2092 2091
f 2085 2086 2093
f 2085 2093 2092
f 2086 2087 2094
f 2086 2094 2093
f 2087 2088 2095
f 2087 2095 2094
f 2088 2089 2096
f 2088 2096 2095
f 2089 2090 2097
f 2089 2097 2096
f 2090 2084 2091
f 2090 2091 2097
f 2091 2092 2093
f 2091 2093 2094
f 2091 2094 2095
f 2091 2095 2096
f 2091 2096 2097
v 112.9600 -7.0700 0.0000
v 115.3200 -7.9600 0.0000
v 113.3600 -13.5500 0.0000
v 110.8800 -12.5900 0.0000
v 112.9600 -7.0700 0.0000
v 112.9600 -7.0700 42.2000
v 115.3200 -7.9600 42.2000
v 113.3600 -13.5500 42.2000
v 110.8800 -12.5900 42.2000
v 112.9600 -7.0700 42.2000
f 2098 2099 2104
f 2098 2104 2103
f 2099 2100 2105
f 2099 2105 2104
f 2100 2101 2106
f 2100 2106 2105
f 2101 2102 2107
f 2101 2107 2106
f 2102 2098 2103
f 2102 2103 2107
f 2103 2104 2105
f 2103 2105 2106
f 2103 2106 2107
v 111.7700 18.4700 0.0000
v 110.4300 14.8400 0.0000
v 113.1400 13.7500 0.0000
v 114.4600 17.3700 0.0000
v 111.7700 18.4700 0.0000
v 111.7700 18.4700 42.2000
v 110.4300 14.8400 42.2000
v 113.1400 13.7500 42.2000
v 114.4600 17.3700 42.2000
v 111.7700 18.4700 42.2000
f 2108 2109 2114
f 2108 2114 2113
f 2109 2110 2115
f 2109 2115 2114
f 2110 2111 2116
f 2110 2116 2115
f 2111 2112 2117
f 2111 2117 2116
f 2112 2108 2113
f 2112 2113 2117
f 2113 2114 2115
f 2113 2115 2116
f 2113 2116 2117
v 101.4800 46.6500 0.0000
v 102.5000 49.1100 0.0000
v 107.0700 47.5000 0.0000
v 105.9400 44.8700 0.0000
v 103.8700 45.7000 0.0000
v 101.4800 46.6500 0.0000
v 101.4800 46.6500 42.2000
v 102.5000 49.1100 42.2000
v 107.0700 47.5000 42.2000
v 105.9400 44.8700 42.2000
v 103.8700 45.7000 42.2000
v 101.4800 46.6500 42.2000
f 2118 2119 2125
f 2118 2125 2124
f 2119 2120 2126
f 2119 2126 2125
f 2120 2121 2127
f 2120 2127 2126
f 2121 2122 2128
f 2121 2128 2127
f 2122 2123 2129
f 2122 2129 2128
f 2123 2118 2124
f 2123 2124 2129
f 2124 2125 2126
f 2124 2126 2127
f 2124 2127 2128
f 2124 2128 2129
v 112.2700 4.3000 0.0000
v 110.4400 -1.7000 0.0000
v 115.4700 -3.6300 0.0000
v 117.4400 2.2500 0.0000
v 114.7300 3.3200 0.0000
v 112.2700 4.3000 0.0000
v 112.2700 4.3000 42.2000
v 110.4400 -1.7000 42.2000
v 115.4700 -3.6300 42.2000
v 117.4400 2.2500 42.2000
v 114.7300 3.3200 42.2000
v 112.2700 4.3000 42.2000
f 2130 2131 2137
f 2130 2137 2136
f 2131 2132 2138
f 2131 2138 2137
f 2132 2133 2139
f 2132 2139 2138
f 2133 2134 2140
f 2133 2140 2139
f 2134 2135 2141
f 2134 2141 2140
f 2135 2130 2136
f 2135 2136 2141
f 2136 2137 2138
f 2136 2138 2139
f 2136 2139 2140
f 2136 2140 2141
v -94.4700 -67.0700 0.0000
v -94.4000 -66.8500 0.0000
v -94.0000 -65.3800 0.0000
v -93.6000 -63.9300 0.0000
v -93.5300 -63.6900 0.0000
v -88.2700 -65.1600 0.0000
v -89.2100 -68.5400 0.0000
v -94.4700 -67.0700 0.0000
v -94.4700 -67.0700 3.0000
v -94.4000 -66.8500 3.0000
v -94.0000 -65.3800 3.0000
v -93.6000 -63.9300 3.0000
v -93.5300 -63.6900 3.0000
v -88.2700 -65.1600 3.0000
v -89.2100 -68.5400 3.0000
v -94.4700 -67.0700 3.0000
f 2142 2143 2151
f 2142 2151 2150
f 2143 2144 2152
f 2143 2152 2151
f 2144 2145 2153
f 2144 2153 2152
f 2145 2146 2154
f 2145 2154 2153
f 2146 2147 2155
f 2146 2155 2154
f 2147 2148 2156
f 2147 2156 2155
f 2148 2149 2157
f 2148 2157 2156
f 2149 2142 2150
f 2149 2150 2157
f 2150 2151 2152
f 2150 2152 2153
f 2150 2153 2154
f 2150 2154 2155
f 2150 2155 2156
f 2150 2156 2157
v -42.3800 -101.1700 0.0000
v -37.4900 -103.6500 0.0000
v -42.5600 -113.7600 0.0000
v -47.4500 -111.2400 0.0000
v -42.3800 -101.1700 0.0000
v -42.3800 -101.1700 12.2000
v -37.4900 -103.6500 12.2000
v -42.5600 -113.7600 12.2000
v -47.4500 -111.2400 12.2000
v -42.3800 -101.1700 12.2000
f 2158 2159 2164
f 2158 2164 2163
f 2159 2160 2165
f 2159 2165 2164
f 2160 2161 2166
f 2160 2166 2165
f 2161 2162 2167
f 2161 2167 2166
f 2162 2158 2163
f 2162 2163 2167
f 2163 2164 2165
f 2163 2165 2166
f 2163 2166 2167
v -70.9300 -89.0300 0.0000
v -68.7400 -90.1200 0.0000
v -69.7700 -92.2100 0.0000
v -71.9600 -91.1200 0.0000
v -70.9300 -89.0300 0.0000
v -70.9300 -89.0300 6.0000
v -68.7400 -90.1200 6.0000
v -69.7700 -92.2100 6.0000
v -71.9600 -91.1200 6.0000
v -70.9300 -89.0300 6.0000
f 2168 2169 2174
f 2168 2174 2173
f 2169 2170 2175
f 2169 2175 2174
f 2170 2171 2176
f 2170 2176 2175
f 2171 2172 2177
f 2171 2177 2176
f 2172 2168 2173
f 2172 2173 2177
f 2173 2174 2175
f 2173 2175 2176
f 2173 2176 2177
v -106.2400 50.5600 0.0000
v -110.2500 37.5500 0.0000
v -104.3800 35.7300 0.0000
v -100.3700 48.7500 0.0000
v -106.2400 50.5600 0.0000
v -106.2400 50.5600 14.7000
v -110.2500 37.5500 14.7000
v -104.3800 35.7300 14.7000
v -100.3700 48.7500 14.7000
v -106.2400 50.5600 14.7000
f 2178 2179 2184
f 2178 2184 2183
f 2179 2180 2185
f 2179 2185 2184
f 2180 2181 2186
f 2180 2186 2185
f 2181 2182 2187
f 2181 2187 2186
f 2182 2178 2183
f 2182 2183 2187
f 2183 2184 2185
f 2183 2185 2186
f 2183 2186 2187
v 110.2100 31.1700 0.0000
v 108.9300 27.4600 0.0000
v 111.9100 26.2700 0.0000
v 113.1500 29.9600 0.0000
v 110.2100 31.1700 0.0000
v 110.2100 31.1700 42.2000
v 108.9300 27.4600 42.2000
v 111.9100 26.2700 42.2000
v 113.1500 29.9600 42.2000
v 110.2100 31.1700 42.2000
f 2188 2189 2194
f 2188 2194 2193
f 2189 2190 2195
f 2189 2195 2194
f 2190 2191 2196
f 2190 2196 2195
f 2191 2192 2197
f 2191 2197 2196
f 2192 2188 2193
f 2192 2193 2197
f 2193 2194 2195
f 2193 2195 2196
f 2193 2196 2197
v 106.3600 44.6900 0.0000
v 104.6300 40.2100 0.0000
v 106.8600 39.3400 0.0000
v 108.6600 43.7600 0.0000
v 106.3600 44.6900 0.0000
v 106.3600 44.6900 42.2000
v 104.6300 40.2100 42.2000
v 106.8600 39.3400 42.2000
v 108.6600 43.7600 42.2000
v 106.3600 44.6900 42.2000
f 2198 2199 2204
f 2198 2204 2203
f 2199 2200 2205
f 2199 2205 2204
f 2200 2201 2206
f 2200 2206 2205
f 2201 2202 2207
f 2201 2207 2206
f 2202 2198 2203
f 2202 2203 2207
f 2203 2204 2205
f 2203 2205 2206
f 2203 2206 2207
v 114.4300 9.7200 0.0000
v 116.9400 8.7800 0.0000
v 114.7300 3.3200 0.0000
v 112.2700 4.3000 0.0000
v 114.4300 9.7200 0.0000
v 114.4300 9.7200 42.2000
v 116.9400 8.7800 42.2000
v 114.7300 3.3200 42.2000
v 112.2700 4.3000 42.2000
v 114.4300 9.7200 42.2000
f 2208 2209 2214
f 2208 2214 2213
f 2209 2210 2215
f 2209 2215 2214
f 2210 2211 2216
f 2210 2216 2215
f 2211 2212 2217
f 2211 2217 2216
f 2212 2208 2213
f 2212 2213 2217
f 2213 2214 2215
f 2213 2215 2216
f 2213 2216 2217
v 113.3600 -13.5500 0.0000
v 111.3300 -19.3700 0.0000
v 114.0900 -20.4700 0.0000
v 116.1000 -14.5700 0.0000
v 113.3600 -13.5500 0.0000
v 113.3600 -13.5500 42.2000
v 111.3300 -19.3700 42.2000
v 114.0900 -20.4700 42.2000
v 116.1000 -14.5700 42.2000
v 113.3600 -13.5500 42.2000
f 2218 2219 2224
f 2218 2224 2223
f 2219 2220 2225
f 2219 2225 2224
f 2220 2221 2226
f 2220 2226 2225
f 2221 2222 2227
f 2221 2227 2226
f 2222 2218 2223
f 2222 2223 2227
f 2223 2224 2225
f 2223 2225 2226
f 2223 2226 2227
v -59.3400 101.2100 0.0000
v -58.3000 104.3500 0.0000
v -48.9500 101.2500 0.0000
v -49.9900 98.1200 0.0000
v -59.3400 101.2100 0.0000
v -59.3400 101.2100 42.2000
v -58.3000 104.3500 42.2000
v -48.9500 101.2500 42.2000
v -49.9900 98.1200 42.2000
v -59.3400 101.2100 42.2000
f 2228 2229 2234
f 2228 2234 2233
f 2229 2230 2235
f 2229 2235 2234
f 2230 2231 2236
f 2230 2236 2235
f 2231 2232 2237
f 2231 2237 2236
f 2232 2228 2233
f 2232 2233 2237
f 2233 2234 2235
f 2233 2235 2236
f 2233 2236 2237
v 99.0100 55.7300 0.0000
v 100.0000 58.4000 0.0000
v 103.1900 57.1600 0.0000
v 102.0800 54.3500 0.0000
v 99.0100 55.7300 0.0000
v 99.0100 55.7300 42.2000
v 100.0000 58.4000 42.2000
v 103.1900 57.1600 42.2000
v 102.0800 54.3500 42.2000
v 99.0100 55.7300 42.2000
f 2238 2239 2244
f 2238 2244 2243
f 2239 2240 2245
f 2239 2245 2244
f 2240 2241 2246
f 2240 2246 2245
f 2241 2242 2247
f 2241 2247 2246
f 2242 2238 2243
f 2242 2243 2247
f 2243 2244 2245
f 2243 2245 2246
f 2243 2246 2247
v 113.2500 22.2300 0.0000
v 111.7700 18.4700 0.0000
v 114.4600 17.3700 0.0000
v 115.9800 21.1400 0.0000
v 113.2500 22.2300 0.0000
v 113.2500 22.2300 42.2000
v 111.7700 18.4700 42.2000
v 114.4600 17.3700 42.2000
v 115.9800 21.1400 42.2000
v 113.2500 22.2300 42.2000
f 2248 2249 2254
f 2248 2254 2253
f 2249 2250 2255
f 2249 2255 2254
f 2250 2251 2256
f 2250 2256 2255
f 2251 2252 2257
f 2251 2257 2256
f 2252 2248 2253
f 2252 2253 2257
f 2253 2254 2255
f 2253 2255 2256
f 2253 2256 2257
v 102.5000 49.1100 0.0000
v 103.7300 52.1200 0.0000
v 108.2500 50.4400 0.0000
v 107.0700 47.5000 0.0000
v 102.5000 49.1100 0.0000
v 102.5000 49.1100 42.2000
v 103.7300 52.1200 42.2000
v 108.2500 50.4400 42.2000
v 107.0700 47.5000 42.2000
v 102.5000 49.1100 42.2000
f 2258 2259 2264
f 2258 2264 2263
f 2259 2260 2265
f 2259 2265 2264
f 2260 2261 2266
f 2260 2266 2265
f 2261 2262 2267
f 2261 2267 2266
f 2262 2258 2263
f 2262 2263 2267
f 2263 2264 2265
f 2263 2265 2266
f 2263 2266 2267
v 115.3200 -7.9600 0.0000
v 118.0200 -8.9800 0.0000
v 116.1000 -14.5700 0.0000
v 113.3600 -13.5500 0.0000
v 115.3200 -7.9600 0.0000
v 115.3200 -7.9600 42.2000
v 118.0200 -8.9800 42.2000
v 116.1000 -14.5700 42.2000
v 113.3600 -13.5500 42.2000
v 115.3200 -7.9600 42.2000
f 2268 2269 2274
f 2268 2274 2273
f 2269 2270 2275
f 2269 2275 2274
f 2270 2271 2276
f 2270 2276 2275
f 2271 2272 2277
f 2271 2277 2276
f 2272 2268 2273
f 2272 2273 2277
f 2273 2274 2275
f 2273 2275 2276
f 2273 2276 2277
v -116.3700 1.0800 0.0000
v -109.5700 -0.8300 0.0000
v -115.1300 -20.6400 0.0000
v -121.9300 -18.7100 0.0000
v -116.3700 1.0800 0.0000
v -116.3700 1.0800 39.8000
v -109.5700 -0.8300 39.8000
v -115.1300 -20.6400 39.8000
v -121.9300 -18.7100 39.8000
v -116.3700 1.0800 39.8000
f 2278 2279 2284
f 2278 2284 2283
f 2279 2280 2285
f 2279 2285 2284
f 2280 2281 2286
f 2280 2286 2285
f 2281 2282 2287
f 2281 2287 2286
f 2282 2278 2283
f 2282 2283 2287
f 2283 2284 2285
f 2283 2285 2286
f 2283 2286 2287
v -47.8500 -111.0400 0.0000
v -51.7200 -109.0500 0.0000
v -46.5900 -98.8400 0.0000
v -42.7100 -100.7900 0.0000
v -47.8500 -111.0400 0.0000
v -47.8500 -111.0400 13.0000
v -51.7200 -109.0500 13.0000
v -46.5900 -98.8400 13.0000
v -42.7100 -100.7900 13.0000
v -47.8500 -111.0400 13.0000
f 2288 2289 2294
f 2288 2294 2293
f 2289 2290 2295
f 2289 2295 2294
f 2290 2291 2296
f 2290 2296 2295
f 2291 2292 2297
f 2291 2297 2296
f 2292 2288 2293
f 2292 2293 2297
f 2293 2294 2295
f 2293 2295 2296
f 2293 2296 2297
v -52.1500 -108.8400 0.0000
v -54.6800 -107.5700 0.0000
v -49.7300 -97.7600 0.0000
v -47.2000 -99.0300 0.0000
v -52.1500 -108.8400 0.0000
v -52.1500 -108.8400 11.3000
v -54.6800 -107.5700 11.3000
v -49.7300 -97.7600 11.3000
v -47.2000 -99.0300 11.3000
v -52.1500 -108.8400 11.3000
f 2298 2299 2304
f 2298 2304 2303
f 2299 2300 2305
f 2299 2305 2304
f 2300 2301 2306
f 2300 2306 2305
f 2301 2302 2307
f 2301 2307 2306
f 2302 2298 2303
f 2302 2303 2307
f 2303 2304 2305
f 2303 2305 2306
f 2303 2306 2307
v 109.4000 35.9300 0.0000
v 107.8100 32.1500 0.0000
v 110.2100 31.1700 0.0000
v 113.1500 29.9600 0.0000
v 115.9800 28.8000 0.0000
v 117.4700 32.6900 0.0000
v 109.4000 35.9300 0.0000
v 109.4000 35.9300 42.2000
v 107.8100 32.1500 42.2000
v 110.2100 31.1700 42.2000
v 113.1500 29.9600 42.2000
v 115.9800 28.8000 42.2000
v 117.4700 32.6900 42.2000
v 109.4000 35.9300 42.2000
f 2308 2309 2316
f 2308 2316 2315
f 2309 2310 2317
f 2309 2317 2316
f 2310 2311 2318
f 2310 2318 2317
f 2311 2312 2319
f 2311 2319 2318
f 2312 2313 2320
f 2312 2320 2319
f 2313 2314 2321
f 2313 2321 2320
f 2314 2308 2315
f 2314 2315 2321
f 2315 2316 2317
f 2315 2317 2318
f 2315 2318 2319
f 2315 2319 2320
f 2315 2320 2321
v 108.6600 43.7600 0.0000
v 106.8600 39.3400 0.0000
v 109.2000 38.4300 0.0000
v 110.9600 42.5900 0.0000
v 108.6600 43.7600 0.0000
v 108.6600 43.7600 42.2000
v 106.8600 39.3400 42.2000
v 109.2000 38.4300 42.2000
v 110.9600 42.5900 42.2000
v 108.6600 43.7600 42.2000
f 2322 2323 2328
f 2322 2328 2327
f 2323 2324 2329
f 2323 2329 2328
f 2324 2325 2330
f 2324 2330 2329
f 2325 2326 2331
f 2325 2331 2330
f 2326 2322 2327
f 2326 2327 2331
f 2327 2328 2329
f 2327 2329 2330
f 2327 2330 2331
v -78.0700 92.8700 0.0000
v -81.3200 82.3400 0.0000
v -74.5300 80.2400 0.0000
v -71.2800 90.7800 0.0000
v -78.0700 92.8700 0.0000
v -78.0700 92.8700 42.2000
v -81.3200 82.3400 42.2000
v -74.5300 80.2400 42.2000
v -71.2800 90.7800 42.2000
v -78.0700 92.8700 42.2000
f 2332 2333 2338
f 2332 2338 2337
f 2333 2334 2339
f 2333 2339 2338
f 2334 2335 2340
f 2334 2340 2339
f 2335 2336 2341
f 2335 2341 2340
f 2336 2332 2337
f 2336 2337 2341
f 2337 2338 2339
f 2337 2339 2340
f 2337 2340 2341
v 39.0000 109.7600 0.0000
v 39.4600 111.0300 0.0000
v 44.8200 109.4200 0.0000
v 44.2400 107.7600 0.0000
v 39.0000 109.7600 0.0000
v 39.0000 109.7600 42.2000
v 39.4600 111.0300 42.2000
v 44.8200 109.4200 42.2000
v 44.2400 107.7600 42.2000
v 39.0000 109.7600 42.2000
f 2342 2343 2348
f 2342 2348 2347
f 2343 2344 2349
f 2343 2349 2348
f 2344 2345 2350
f 2344 2350 2349
f 2345 2346 2351
f 2345 2351 2350
f 2346 2342 2347
f 2346 2347 2351
f 2347 2348 2349
f 2347 2349 2350
f 2347 2350 2351
v -37.2200 112.3700 0.0000
v -36.2700 115.4800 0.0000
v -26.3900 112.4700 0.0000
v -27.3400 109.3500 0.0000
v -37.2200 112.3700 0.0000
v -37.2200 112.3700 42.2000
v -36.2700 115.4800 42.2000
v -26.3900 112.4700 42.2000
v -27.3400 109.3500 42.2000
v -37.2200 112.3700 42.2000
f 2352 2353 2358
f 2352 2358 2357
f 2353 2354 2359
f 2353 2359 2358
f 2354 2355 2360
f 2354 2360 2359
f 2355 2356 2361
f 2355 2361 2360
f 2356 2352 2357
f 2356 2357 2361
f 2357 2358 2359
f 2357 2359 2360
f 2357 2360 2361
v 113.1500 29.9600 0.0000
v 111.9100 26.2700 0.0000
v 114.6500 25.1700 0.0000
v 115.9800 28.8000 0.0000
v 113.1500 29.9600 0.0000
v 113.1500 29.9600 42.2000
v 111.9100 26.2700 42.2000
v 114.6500 25.1700 42.2000
v 115.9800 28.8000 42.2000
v 113.1500 29.9600 42.2000
f 2362 2363 2368
f 2362 2368 2367
f 2363 2364 2369
f 2363 2369 2368
f 2364 2365 2370
f 2364 2370 2369
f 2365 2366 2371
f 2365 2371 2370
f 2366 2362 2367
f 2366 2367 2371
f 2367 2368 2369
f 2367 2369 2370
f 2367 2370 2371
v 116.9400 8.7800 0.0000
v 119.4600 7.8600 0.0000
v 117.4400 2.2500 0.0000
v 114.7300 3.3200 0.0000
v 116.9400 8.7800 0.0000
v 116.9400 8.7800 42.2000
v 119.4600 7.8600 42.2000
v 117.4400 2.2500 42.2000
v 114.7300 3.3200 42.2000
v 116.9400 8.7800 42.2000
f 2372 2373 2378
f 2372 2378 2377
f 2373 2374 2379
f 2373 2379 2378
f 2374 2375 2380
f 2374 2380 2379
f 2375 2376 2381
f 2375 2381 2380
f 2376 2372 2377
f 2376 2377 2381
f 2377 2378 2379
f 2377 2379 2380
f 2377 2380 2381
v 115.8600 16.9700 0.0000
v 114.5100 13.2000 0.0000
v 117.1600 12.1900 0.0000
v 118.7500 15.8400 0.0000
v 115.8600 16.9700 0.0000
v 115.8600 16.9700 42.2000
v 114.5100 13.2000 42.2000
v 117.1600 12.1900 42.2000
v 118.7500 15.8400 42.2000
v 115.8600 16.9700 42.2000
f 2382 2383 2388
f 2382 2388 2387
f 2383 2384 2389
f 2383 2389 2388
f 2384 2385 2390
f 2384 2390 2389
f 2385 2386 2391
f 2385 2391 2390
f 2386 2382 2387
f 2386 2387 2391
f 2387 2388 2389
f 2387 2389 2390
f 2387 2390 2391
v 100.0000 58.4000 0.0000
v 100.8300 60.6700 0.0000
v 104.0800 59.4100 0.0000
v 103.1900 57.1600 0.0000
v 100.0000 58.4000 0.0000
v 100.0000 58.4000 42.2000
v 100.8300 60.6700 42.2000
v 104.0800 59.4100 42.2000
v 103.1900 57.1600 42.2000
v 100.0000 58.4000 42.2000
f 2392 2393 2398
f 2392 2398 2397
f 2393 2394 2399
f 2393 2399 2398
f 2394 2395 2400
f 2394 2400 2399
f 2395 2396 2401
f 2395 2401 2400
f 2396 2392 2397
f 2396 2397 2401
f 2397 2398 2399
f 2397 2399 2400
f 2397 2400 2401
v -66.3500 -94.3100 0.0000
v -58.5300 -98.3000 0.0000
v -61.4700 -104.0500 0.0000
v -69.2900 -100.0500 0.0000
v -66.3500 -94.3100 0.0000
v -66.3500 -94.3100 42.5000
v -58.5300 -98.3000 42.5000
v -61.4700 -104.0500 42.5000
v -69.2900 -100.0500 42.5000
v -66.3500 -94.3100 42.5000
f 2402 2403 2408
f 2402 2408 2407
f 2403 2404 2409
f 2403 2409 2408
f 2404 2405 2410
f 2404 2410 2409
f 2405 2406 2411
f 2405 2411 2410
f 2406 2402 2407
f 2406 2407 2411
f 2407 2408 2409
f 2407 2409 2410
f 2407 2410 2411
v 116.1000 -14.5700 0.0000
v 114.0900 -20.4700 0.0000
v 116.4600 -21.4100 0.0000
v 118.5300 -15.5200 0.0000
v 116.1000 -14.5700 0.0000
v 116.1000 -14.5700 42.2000
v 114.0900 -20.4700 42.2000
v 116.4600 -21.4100 42.2000
v 118.5300 -15.5200 42.2000
v 116.1000 -14.5700 42.2000
f 2412 2413 2418
f 2412 2418 2417
f 2413 2414 2419
f 2413 2419 2418
f 2414 2415 2420
f 2414 2420 2419
f 2415 2416 2421
f 2415 2421 2420
f 2416 2412 2417
f 2416 2417 2421
f 2417 2418 2419
f 2417 2419 2420
f 2417 2420 2421
v 103.7300 52.1200 0.0000
v 104.6700 54.3900 0.0000
v 109.1300 52.8400 0.0000
v 108.2500 50.4400 0.0000
v 103.7300 52.1200 0.0000
v 103.7300 52.1200 42.2000
v 104.6700 54.3900 42.2000
v 109.1300 52.8400 42.2000
v 108.2500 50.4400 42.2000
v 103.7300 52.1200 42.2000
f 2422 2423 2428
f 2422 2428 2427
f 2423 2424 2429
f 2423 2429 2428
f 2424 2425 2430
f 2424 2430 2429
f 2425 2426 2431
f 2425 2431 2430
f 2426 2422 2427
f 2426 2427 2431
f 2427 2428 2429
f 2427 2429 2430
f 2427 2430 2431
v -59.0400 104.8600 0.0000
v -58.2600 107.4200 0.0000
v -48.7500 104.5400 0.0000
v -49.5300 101.9800 0.0000
v -59.0400 104.8600 0.0000
v -59.0400 104.8600 42.2000
v -58.2600 107.4200 42.2000
v -48.7500 104.5400 42.2000
v -49.5300 101.9800 42.2000
v -59.0400 104.8600 42.2000
f 2432 2433 2438
f 2432 2438 2437
f 2433 2434 2439
f 2433 2439 2438
f 2434 2435 2440
f 2434 2440 2439
f 2435 2436 2441
f 2435 2441 2440
f 2436 2432 2437
f 2436 2437 2441
f 2437 2438 2439
f 2437 2439 2440
f 2437 2440 2441
v -97.5200 71.4200 0.0000
v -96.9600 72.2700 0.0000
v -96.1100 72.7400 0.0000
v -95.1200 72.8500 0.0000
v -94.0900 72.6600 0.0000
v -93.1000 72.2000 0.0000
v -92.3700 71.5600 0.0000
v -91.9800 70.7000 0.0000
v -91.9900 69.7100 0.0000
v -92.5600 68.8400 0.0000
v -93.3800 68.3400 0.0000
v -94.3800 68.2500 0.0000
v -95.4000 68.4800 0.0000
v -96.3900 68.9000 0.0000
v -97.1300 69.5200 0.0000
v -97.5400 70.4000 0.0000
v -97.5200 71.4200 0.0000
v -97.5200 71.4200 6.0000
v -96.9600 72.2700 6.0000
v -96.1100 72.7400 6.0000
v -95.1200 72.8500 6.0000
v -94.0900 72.6600 6.0000
v -93.1000 72.2000 6.0000
v -92.3700 71.5600 6.0000
v -91.9800 70.7000 6.0000
v -91.9900 69.7100 6.0000
v -92.5600 68.8400 6.0000
v -93.3800 68.3400 6.0000
v -94.3800 68.2500 6.0000
v -95.4000 68.4800 6.0000
v -96.3900 68.9000 6.0000
v -97.1300 69.5200 6.0000
v -97.5400 70.4000 6.0000
v -97.5200 71.4200 6.0000
f 2442 2443 2460
f 2442 2460 2459
f 2443 2444 2461
f 2443 2461 2460
f 2444 2445 2462
f 2444 2462 2461
f 2445 2446 2463
f 2445 2463 2462
f 2446 2447 2464
f 2446 2464 2463
f 2447 2448 2465
f 2447 2465 2464
f 2448 2449 2466
f 2448 2466 2465
f 2449 2450 2467
f 2449 2467 2466
f 2450 2451 2468
f 2450 2468 2467
f 2451 2452 2469
f 2451 2469 2468
f 2452 2453 2470
f 2452 2470 2469
f 2453 2454 2471
f 2453 2471 2470
f 2454 2455 2472
f 2454 2472 2471
f 2455 2456 2473
f 2455 2473 2472
f 2456 2457 2474
f 2456 2474 2473
f 2457 2458 2475
f 2457 2475 2474
f 2458 2442 2459
f 2458 2459 2475
f 2459 2460 2461
f 2459 2461 2462
f 2459 2462 2463
f 2459 2463 2464
f 2459 2464 2465
f 2459 2465 2466
f 2459 2466 2467
f 2459 2467 2468
f 2459 2468 2469
f 2459 2469 2470
f 2459 2470 2471
f 2459 2471 2472
f 2459 2472 2473
f 2459 2473 2474
f 2459 2474 2475
v 45.5700 107.4000 0.0000
v 45.9100 108.7600 0.0000
v 47.9700 108.3400 0.0000
v 52.1000 109.2900 0.0000
v 52.2200 108.5100 0.0000
v 50.8000 105.4000 0.0000
v 45.5700 107.4000 0.0000
v 45.5700 107.4000 42.2000
v 45.9100 108.7600 42.2000
v 47.9700 108.3400 42.2000
v 52.1000 109.2900 42.2000
v 52.2200 108.5100 42.2000
v 50.8000 105.4000 42.2000
v 45.5700 107.4000 42.2000
f 2476 2477 2484
f 2476 2484 2483
f 2477 2478 2485
f 2477 2485 2484
f 2478 2479 2486
f 2478 2486 2485
f 2479 2480 2487
f 2479 2487 2486
f 2480 2481 2488
f 2480 2488 2487
f 2481 2482 2489
f 2481 2489 2488
f 2482 2476 2483
f 2482 2483 2489
f 2483 2484 2485
f 2483 2485 2486
f 2483 2486 2487
f 2483 2487 2488
f 2483 2488 2489
v 110.9600 42.5900 0.0000
v 109.2000 38.4300 0.0000
v 112.1000 37.2900 0.0000
v 113.8000 41.5100 0.0000
v 110.9600 42.5900 0.0000
v 110.9600 42.5900 42.2000
v 109.2000 38.4300 42.2000
v 112.1000 37.2900 42.2000
v 113.8000 41.5100 42.2000
v 110.9600 42.5900 42.2000
f 2490 2491 2496
f 2490 2496 2495
f 2491 2492 2497
f 2491 2497 2496
f 2492 2493 2498
f 2492 2498 2497
f 2493 2494 2499
f 2493 2499 2498
f 2494 2490 2495
f 2494 2495 2499
f 2495 2496 2497
f 2495 2497 2498
f 2495 2498 2499
v -118.3300 17.7200 0.0000
v -112.6800 16.0500 0.0000
v -116.4200 3.4600 0.0000
v -119.2200 4.2900 0.0000
v -119.7000 2.6600 0.0000
v -122.5500 3.5100 0.0000
v -118.3300 17.7200 0.0000
v -118.3300 17.7200 10.5000
v -112.6800 16.0500 10.5000
v -116.4200 3.4600 10.5000
v -119.2200 4.2900 10.5000
v -119.7000 2.6600 10.5000
v -122.5500 3.5100 10.5000
v -118.3300 17.7200 10.5000
f 2500 2501 2508
f 2500 2508 2507
f 2501 2502 2509
f 2501 2509 2508
f 2502 2503 2510
f 2502 2510 2509
f 2503 2504 2511
f 2503 2511 2510
f 2504 2505 2512
f 2504 2512 2511
f 2505 2506 2513
f 2505 2513 2512
f 2506 2500 2507
f 2506 2507 2513
f 2507 2508 2509
f 2507 2509 2510
f 2507 2510 2511
f 2507 2511 2512
f 2507 2512 2513
v -126.6700 41.9100 0.0000
v -119.3300 39.6500 0.0000
v -119.4700 39.1700 0.0000
v -114.0000 37.4900 0.0000
v -113.8500 37.9800 0.0000
v -103.0600 34.6800 0.0000
v -103.3900 33.5900 0.0000
v -100.6400 32.7400 0.0000
v -102.8500 25.5400 0.0000
v -104.0600 25.9000 0.0000
v -105.8800 25.1200 0.0000
v -107.8900 25.7300 0.0000
v -108.2800 24.4500 0.0000
v -129.6500 30.8900 0.0000
v -130.5400 32.4900 0.0000
v -129.0400 37.9000 0.0000
v -126.6700 41.9100 0.0000
v -126.6700 41.9100 28.2000
v -119.3300 39.6500 28.2000
v -119.4700 39.1700 28.2000
v -114.0000 37.4900 28.2000
v -113.8500 37.9800 28.2000
v -103.0600 34.6800 28.2000
v -103.3900 33.5900 28.2000
v -100.6400 32.7400 28.2000
v -102.8500 25.5400 28.2000
v -104.0600 25.9000 28.2000
v -105.8800 25.1200 28.2000
v -107.8900 25.7300 28.2000
v -108.2800 24.4500 28.2000
v -129.6500 30.8900 28.2000
v -130.5400 32.4900 28.2000
v -129.0400 37.9000 28.2000
v -126.6700 41.9100 28.2000
f 2514 2515 2532
f 2514 2532 2531
f 2515 2516 2533
f 2515 2533 2532
f 2516 2517 2534
f 2516 2534 2533
f 2517 2518 2535
f 2517 2535 2534
f 2518 2519 2536
f 2518 2536 2535
f 2519 2520 2537
f 2519 2537 2536
f 2520 2521 2538
f 2520 2538 2537
f 2521 2522 2539
f 2521 2539 2538
f 2522 2523 2540
f 2522 2540 2539
f 2523 2524 2541
f 2523 2541 2540
f 2524 2525 2542
f 2524 2542 2541
f 2525 2526 2543
f 2525 2543 2542
f 2526 2527 2544
f 2526 2544 2543
f 2527 2528 2545
f 2527 2545 2544
f 2528 2529 2546
f 2528 2546 2545
f 2529 2530 2547
f 2529 2547 2546
f 2530 2514 2531
f 2530 2531 2547
f 2531 2532 2533
f 2531 2533 2534
f 2531 2534 2535
f 2531 2535 2536
f 2531 2536 2537
f 2531 2537 2538
f 2531 2538 2539
f 2531 2539 2540
f 2531 2540 2541
f 2531 2541 2542
f 2531 2542 2543
f 2531 2543 2544
f 2531 2544 2545
f 2531 2545 2546
f 2531 2546 2547
v -6.9700 117.1500 0.0000
v -3.6300 127.1800 0.0000
v 11.7300 122.4000 0.0000
v 8.2600 112.1300 0.0000
v -6.9700 117.1500 0.0000
v -6.9700 117.1500 42.2000
v -3.6300 127.1800 42.2000
v 11.7300 122.4000 42.2000
v 8.2600 112.1300 42.2000
v -6.9700 117.1500 42.2000
f 2548 2549 2554
f 2548 2554 2553
f 2549 2550 2555
f 2549 2555 2554
f 2550 2551 2556
f 2550 2556 2555
f 2551 2552 2557
f 2551 2557 2556
f 2552 2548 2553
f 2552 2553 2557
f 2553 2554 2555
f 2553 2555 2556
f 2553 2556 2557
v 117.2500 20.6900 0.0000
v 115.8600 16.9700 0.0000
v 118.7500 15.8400 0.0000
v 119.8900 19.6300 0.0000
v 117.2500 20.6900 0.0000
v 117.2500 20.6900 42.2000
v 115.8600 16.9700 42.2000
v 118.7500 15.8400 42.2000
v 119.8900 19.6300 42.2000
v 117.2500 20.6900 42.2000
f 2558 2559 2564
f 2558 2564 2563
f 2559 2560 2565
f 2559 2565 2564
f 2560 2561 2566
f 2560 2566 2565
f 2561 2562 2567
f 2561 2567 2566
f 2562 2558 2563
f 2562 2563 2567
f 2563 2564 2565
f 2563 2565 2566
f 2563 2566 2567
v 119.4600 7.8600 0.0000
v 124.1400 6.1200 0.0000
v 120.0100 -5.3700 0.0000
v 115.4700 -3.6300 0.0000
v 117.4400 2.2500 0.0000
v 119.4600 7.8600 0.0000
v 119.4600 7.8600 42.2000
v 124.1400 6.1200 42.2000
v 120.0100 -5.3700 42.2000
v 115.4700 -3.6300 42.2000
v 117.4400 2.2500 42.2000
v 119.4600 7.8600 42.2000
f 2568 2569 2575
f 2568 2575 2574
f 2569 2570 2576
f 2569 2576 2575
f 2570 2571 2577
f 2570 2577 2576
f 2571 2572 2578
f 2571 2578 2577
f 2572 2573 2579
f 2572 2579 2578
f 2573 2568 2574
f 2573 2574 2579
f 2574 2575 2576
f 2574 2576 2577
f 2574 2577 2578
f 2574 2578 2579
v 115.9800 28.8000 0.0000
v 114.6500 25.1700 0.0000
v 117.3500 24.0800 0.0000
v 118.6700 27.7000 0.0000
v 115.9800 28.8000 0.0000
v 115.9800 28.8000 42.2000
v 114.6500 25.1700 42.2000
v 117.3500 24.0800 42.2000
v 118.6700 27.7000 42.2000
v 115.9800 28.8000 42.2000
f 2580 2581 2586
f 2580 2586 2585
f 2581 2582 2587
f 2581 2587 2586
f 2582 2583 2588
f 2582 2588 2587
f 2583 2584 2589
f 2583 2589 2588
f 2584 2580 2585
f 2584 2585 2589
f 2585 2586 2587
f 2585 2587 2588
f 2585 2588 2589
v 118.0200 -8.9800 0.0000
v 123.3900 -11.0200 0.0000
v 121.2500 -16.5900 0.0000
v 118.5300 -15.5200 0.0000
v 116.1000 -14.5700 0.0000
v 118.0200 -8.9800 0.0000
v 118.0200 -8.9800 42.2000
v 123.3900 -11.0200 42.2000
v 121.2500 -16.5900 42.2000
v 118.5300 -15.5200 42.2000
v 116.1000 -14.5700 42.2000
v 118.0200 -8.9800 42.2000
f 2590 2591 2597
f 2590 2597 2596
f 2591 2592 2598
f 2591 2598 2597
f 2592 2593 2599
f 2592 2599 2598
f 2593 2594 2600
f 2593 2600 2599
f 2594 2595 2601
f 2594 2601 2600
f 2595 2590 2596
f 2595 2596 2601
f 2596 2597 2598
f 2596 2598 2599
f 2596 2599 2600
f 2596 2600 2601
v 118.7500 15.8400 0.0000
v 117.1600 12.1900 0.0000
v 119.6500 11.2300 0.0000
v 121.0800 14.9300 0.0000
v 118.7500 15.8400 0.0000
v 118.7500 15.8400 42.2000
v 117.1600 12.1900 42.2000
v 119.6500 11.2300 42.2000
v 121.0800 14.9300 42.2000
v 118.7500 15.8400 42.2000
f 2602 2603 2608
f 2602 2608 2607
f 2603 2604 2609
f 2603 2609 2608
f 2604 2605 2610
f 2604 2610 2609
f 2605 2606 2611
f 2605 2611 2610
f 2606 2602 2607
f 2606 2607 2611
f 2607 2608 2609
f 2607 2609 2610
f 2607 2610 2611
v -81.8000 -87.2600 0.0000
v -82.5000 -88.7000 0.0000
v -81.2100 -89.3200 0.0000
v -80.5200 -87.8900 0.0000
v -81.8000 -87.2600 0.0000
v -81.8000 -87.2600 0.3000
v -82.5000 -88.7000 0.3000
v -81.2100 -89.3200 0.3000
v -80.5200 -87.8900 0.3000
v -81.8000 -87.2600 0.3000
f 2612 2613 2618
f 2612 2618 2617
f 2613 2614 2619
f 2613 2619 2618
f 2614 2615 2620
f 2614 2620 2619
f 2615 2616 2621
f 2615 2621 2620
f 2616 2612 2617
f 2616 2617 2621
f 2617 2618 2619
f 2617 2619 2620
f 2617 2620 2621
v 118.5300 -15.5200 0.0000
v 116.4600 -21.4100 0.0000
v 119.0100 -22.4200 0.0000
v 121.2500 -16.5900 0.0000
v 118.5300 -15.5200 0.0000
v 118.5300 -15.5200 42.2000
v 116.4600 -21.4100 42.2000
v 119.0100 -22.4200 42.2000
v 121.2500 -16.5900 42.2000
v 118.5300 -15.5200 42.2000
f 2622 2623 2628
f 2622 2628 2627
f 2623 2624 2629
f 2623 2629 2628
f 2624 2625 2630
f 2624 2630 2629
f 2625 2626 2631
f 2625 2631 2630
f 2626 2622 2627
f 2626 2627 2631
f 2627 2628 2629
f 2627 2629 2630
f 2627 2630 2631
v 113.6700 47.9600 0.0000
v 111.8300 42.9000 0.0000
v 106.3600 44.6900 0.0000
v 108.5600 49.9900 0.0000
v 113.6700 47.9600 0.0000
v 113.6700 47.9600 42.2000
v 111.8300 42.9000 42.2000
v 106.3600 44.6900 42.2000
v 108.5600 49.9900 42.2000
v 113.6700 47.9600 42.2000
f 2632 2633 2638
f 2632 2638 2637
f 2633 2634 2639
f 2633 2639 2638
f 2634 2635 2640
f 2634 2640 2639
f 2635 2636 2641
f 2635 2641 2640
f 2636 2632 2637
f 2636 2637 2641
f 2637 2638 2639
f 2637 2639 2640
f 2637 2640 2641
v -58.1300 107.8500 0.0000
v -57.2100 110.8000 0.0000
v -47.0200 107.6300 0.0000
v -47.9300 104.6700 0.0000
v -58.1300 107.8500 0.0000
v -58.1300 107.8500 42.2000
v -57.2100 110.8000 42.2000
v -47.0200 107.6300 42.2000
v -47.9300 104.6700 42.2000
v -58.1300 107.8500 42.2000
f 2642 2643 2648
f 2642 2648 2647
f 2643 2644 2649
f 2643 2649 2648
f 2644 2645 2650
f 2644 2650 2649
f 2645 2646 2651
f 2645 2651 2650
f 2646 2642 2647
f 2646 2647 2651
f 2647 2648 2649
f 2647 2649 2650
f 2647 2650 2651
v 100.8300 60.6700 0.0000
v 102.9000 66.2600 0.0000
v 106.2600 64.9500 0.0000
v 104.0800 59.4100 0.0000
v 100.8300 60.6700 0.0000
v 100.8300 60.6700 42.2000
v 102.9000 66.2600 42.2000
v 106.2600 64.9500 42.2000
v 104.0800 59.4100 42.2000
v 100.8300 60.6700 42.2000
f 2652 2653 2658
f 2652 2658 2657
f 2653 2654 2659
f 2653 2659 2658
f 2654 2655 2660
f 2654 2660 2659
f 2655 2656 2661
f 2655 2661 2660
f 2656 2652 2657
f 2656 2657 2661
f 2657 2658 2659
f 2657 2659 2660
f 2657 2660 2661
v 104.6700 54.3900 0.0000
v 105.6800 56.8400 0.0000
v 110.0500 55.3400 0.0000
v 109.8000 54.5100 0.0000
v 109.1300 52.8400 0.0000
v 104.6700 54.3900 0.0000
v 104.6700 54.3900 42.2000
v 105.6800 56.8400 42.2000
v 110.0500 55.3400 42.2000
v 109.8000 54.5100 42.2000
v 109.1300 52.8400 42.2000
v 104.6700 54.3900 42.2000
f 2662 2663 2669
f 2662 2669 2668
f 2663 2664 2670
f 2663 2670 2669
f 2664 2665 2671
f 2664 2671 2670
f 2665 2666 2672
f 2665 2672 2671
f 2666 2667 2673
f 2666 2673 2672
f 2667 2662 2668
f 2667 2668 2673
f 2668 2669 2670
f 2668 2670 2671
f 2668 2671 2672
f 2668 2672 2673
v 113.8000 41.5100 0.0000
v 112.1000 37.2900 0.0000
v 114.9900 36.1700 0.0000
v 116.6800 40.4900 0.0000
v 113.8000 41.5100 0.0000
v 113.8000 41.5100 42.2000
v 112.1000 37.2900 42.2000
v 114.9900 36.1700 42.2000
v 116.6800 40.4900 42.2000
v 113.8000 41.5100 42.2000
f 2674 2675 2680
f 2674 2680 2679
f 2675 2676 2681
f 2675 2681 2680
f 2676 2677 2682
f 2676 2682 2681
f 2677 2678 2683
f 2677 2683 2682
f 2678 2674 2679
f 2678 2679 2683
f 2679 2680 2681
f 2679 2681 2682
f 2679 2682 2683
v 51.8300 105.5800 0.0000
v 54.3800 112.0700 0.0000
v 66.2600 107.5700 0.0000
v 63.9100 101.4200 0.0000
v 51.8300 105.5800 0.0000
v 51.8300 105.5800 42.2000
v 54.3800 112.0700 42.2000
v 66.2600 107.5700 42.2000
v 63.9100 101.4200 42.2000
v 51.8300 105.5800 42.2000
f 2684 2685 2690
f 2684 2690 2689
f 2685 2686 2691
f 2685 2691 2690
f 2686 2687 2692
f 2686 2692 2691
f 2687 2688 2693
f 2687 2693 2692
f 2688 2684 2689
f 2688 2689 2693
f 2689 2690 2691
f 2689 2691 2692
f 2689 2692 2693
v -72.7300 99.7500 0.0000
v -71.4500 103.8900 0.0000
v -61.7000 100.8800 0.0000
v -62.9900 96.7400 0.0000
v -72.7300 99.7500 0.0000
v -72.7300 99.7500 42.2000
v -71.4500 103.8900 42.2000
v -61.7000 100.8800 42.2000
v -62.9900 96.7400 42.2000
v -72.7300 99.7500 42.2000
f 2694 2695 2700
f 2694 2700 2699
f 2695 2696 2701
f 2695 2701 2700
f 2696 2697 2702
f 2696 2702 2701
f 2697 2698 2703
f 2697 2703 2702
f 2698 2694 2699
f 2698 2699 2703
f 2699 2700 2701
f 2699 2701 2702
f 2699 2702 2703
v 119.8900 19.6300 0.0000
v 118.7500 15.8400 0.0000
v 121.0800 14.9300 0.0000
v 122.3700 18.6300 0.0000
v 119.8900 19.6300 0.0000
v 119.8900 19.6300 42.2000
v 118.7500 15.8400 42.2000
v 121.0800 14.9300 42.2000
v 122.3700 18.6300 42.2000
v 119.8900 19.6300 42.2000
f 2704 2705 2710
f 2704 2710 2709
f 2705 2706 2711
f 2705 2711 2710
f 2706 2707 2712
f 2706 2712 2711
f 2707 2708 2713
f 2707 2713 2712
f 2708 2704 2709
f 2708 2709 2713
f 2709 2710 2711
f 2709 2711 2712
f 2709 2712 2713
v -113.3600 52.7000 0.0000
v -117.3900 39.6200 0.0000
v -110.6200 37.5400 0.0000
v -107.0100 49.2800 0.0000
v -111.1300 50.5500 0.0000
v -110.7200 51.8900 0.0000
v -113.3600 52.7000 0.0000
v -113.3600 52.7000 26.9000
v -117.3900 39.6200 26.9000
v -110.6200 37.5400 26.9000
v -107.0100 49.2800 26.9000
v -111.1300 50.5500 26.9000
v -110.7200 51.8900 26.9000
v -113.3600 52.7000 26.9000
f 2714 2715 2722
f 2714 2722 2721
f 2715 2716 2723
f 2715 2723 2722
f 2716 2717 2724
f 2716 2724 2723
f 2717 2718 2725
f 2717 2725 2724
f 2718 2719 2726
f 2718 2726 2725
f 2719 2720 2727
f 2719 2727 2726
f 2720 2714 2721
f 2720 2721 2727
f 2721 2722 2723
f 2721 2723 2724
f 2721 2724 2725
f 2721 2725 2726
f 2721 2726 2727
v 117.4700 32.6900 0.0000
v 115.9800 28.8000 0.0000
v 118.6700 27.7000 0.0000
v 120.1900 31.6000 0.0000
v 117.4700 32.6900 0.0000
v 117.4700 32.6900 42.2000
v 115.9800 28.8000 42.2000
v 118.6700 27.7000 42.2000
v 120.1900 31.6000 42.2000
v 117.4700 32.6900 42.2000
f 2728 2729 2734
f 2728 2734 2733
f 2729 2730 2735
f 2729 2735 2734
f 2730 2731 2736
f 2730 2736 2735
f 2731 2732 2737
f 2731 2737 2736
f 2732 2728 2733
f 2732 2733 2737
f 2733 2734 2735
f 2733 2735 2736
f 2733 2736 2737
v -88.2800 84.7500 0.0000
v -85.1400 95.0400 0.0000
v -78.4200 92.9900 0.0000
v -81.5700 82.7000 0.0000
v -88.2800 84.7500 0.0000
v -88.2800 84.7500 42.2000
v -85.1400 95.0400 42.2000
v -78.4200 92.9900 42.2000
v -81.5700 82.7000 42.2000
v -88.2800 84.7500 42.2000
f 2738 2739 2744
f 2738 2744 2743
f 2739 2740 2745
f 2739 2745 2744
f 2740 2741 2746
f 2740 2746 2745
f 2741 2742 2747
f 2741 2747 2746
f 2742 2738 2743
f 2742 2743 2747
f 2743 2744 2745
f 2743 2745 2746
f 2743 2746 2747
v 105.6800 56.8400 0.0000
v 106.7100 59.3200 0.0000
v 110.9700 57.8300 0.0000
v 110.0500 55.3400 0.0000
v 105.6800 56.8400 0.0000
v 105.6800 56.8400 42.2000
v 106.7100 59.3200 42.2000
v 110.9700 57.8300 42.2000
v 110.0500 55.3400 42.2000
v 105.6800 56.8400 42.2000
f 2748 2749 2754
f 2748 2754 2753
f 2749 2750 2755
f 2749 2755 2754
f 2750 2751 2756
f 2750 2756 2755
f 2751 2752 2757
f 2751 2757 2756
f 2752 2748 2753
f 2752 2753 2757
f 2753 2754 2755
f 2753 2755 2756
f 2753 2756 2757
v 121.0800 14.9300 0.0000
v 119.6500 11.2300 0.0000
v 122.0400 10.3200 0.0000
v 123.4900 13.9900 0.0000
v 121.0800 14.9300 0.0000
v 121.0800 14.9300 42.2000
v 119.6500 11.2300 42.2000
v 122.0400 10.3200 42.2000
v 123.4900 13.9900 42.2000
v 121.0800 14.9300 42.2000
f 2758 2759 2764
f 2758 2764 2763
f 2759 2760 2765
f 2759 2765 2764
f 2760 2761 2766
f 2760 2766 2765
f 2761 2762 2767
f 2761 2767 2766
f 2762 2758 2763
f 2762 2763 2767
f 2763 2764 2765
f 2763 2765 2766
f 2763 2766 2767
v 109.6900 52.7200 0.0000
v 114.7100 50.8200 0.0000
v 113.6700 47.9600 0.0000
v 108.5600 49.9900 0.0000
v 109.6900 52.7200 0.0000
v 109.6900 52.7200 42.2000
v 114.7100 50.8200 42.2000
v 113.6700 47.9600 42.2000
v 108.5600 49.9900 42.2000
v 109.6900 52.7200 42.2000
f 2768 2769 2774
f 2768 2774 2773
f 2769 2770 2775
f 2769 2775 2774
f 2770 2771 2776
f 2770 2776 2775
f 2771 2772 2777
f 2771 2777 2776
f 2772 2768 2773
f 2772 2773 2777
f 2773 2774 2775
f 2773 2775 2776
f 2773 2776 2777
v -124.3700 -0.5500 0.0000
v -123.5300 2.3800 0.0000
v -117.0500 0.5100 0.0000
v -117.8900 -2.4000 0.0000
v -122.5700 -18.7400 0.0000
v -129.0700 -16.8800 0.0000
v -124.3700 -0.5500 0.0000
v -124.3700 -0.5500 45.4000
v -123.5300 2.3800 45.4000
v -117.0500 0.5100 45.4000
v -117.8900 -2.4000 45.4000
v -122.5700 -18.7400 45.4000
v -129.0700 -16.8800 45.4000
v -124.3700 -0.5500 45.4000
f 2778 2779 2786
f 2778 2786 2785
f 2779 2780 2787
f 2779 2787 2786
f 2780 2781 2788
f 2780 2788 2787
f 2781 2782 2789
f 2781 2789 2788
f 2782 2783 2790
f 2782 2790 2789
f 2783 2784 2791
f 2783 2791 2790
f 2784 2778 2785
f 2784 2785 2791
f 2785 2786 2787
f 2785 2787 2788
f 2785 2788 2789
f 2785 2789 2790
f 2785 2790 2791
v -102.4700 70.2600 0.0000
v -100.9100 75.3600 0.0000
v -97.0800 74.1800 0.0000
v -98.6000 69.0700 0.0000
v -99.3100 69.2900 0.0000
v -100.0300 69.5100 0.0000
v -102.2200 70.1900 0.0000
v -102.4700 70.2600 0.0000
v -102.4700 70.2600 6.0000
v -100.9100 75.3600 6.0000
v -97.0800 74.1800 6.0000
v -98.6000 69.0700 6.0000
v -99.3100 69.2900 6.0000
v -100.0300 69.5100 6.0000
v -102.2200 70.1900 6.0000
v -102.4700 70.2600 6.0000
f 2792 2793 2801
f 2792 2801 2800
f 2793 2794 2802
f 2793 2802 2801
f 2794 2795 2803
f 2794 2803 2802
f 2795 2796 2804
f 2795 2804 2803
f 2796 2797 2805
f 2796 2805 2804
f 2797 2798 2806
f 2797 2806 2805
f 2798 2799 2807
f 2798 2807 2806
f 2799 2792 2800
f 2799 2800 2807
f 2800 2801 2802
f 2800 2802 2803
f 2800 2803 2804
f 2800 2804 2805
f 2800 2805 2806
f 2800 2806 2807
v -100.4600 76.8000 0.0000
v -90.3100 73.6800 0.0000
v -89.2300 77.1900 0.0000
v -99.3900 80.3200 0.0000
v -100.4600 76.8000 0.0000
v -100.4600 76.8000 42.2000
v -90.3100 73.6800 42.2000
v -89.2300 77.1900 42.2000
v -99.3900 80.3200 42.2000
v -100.4600 76.8000 42.2000
f 2808 2809 2814
f 2808 2814 2813
f 2809 2810 2815
f 2809 2815 2814
f 2810 2811 2816
f 2810 2816 2815
f 2811 2812 2817
f 2811 2817 2816
f 2812 2808 2813
f 2812 2813 2817
f 2813 2814 2815
f 2813 2815 2816
f 2813 2816 2817
v -36.2400 116.2700 0.0000
v -33.1100 125.7700 0.0000
v -23.7400 122.4400 0.0000
v -26.4500 114.3500 0.0000
v -36.2400 116.2700 0.0000
v -36.2400 116.2700 42.2000
v -33.1100 125.7700 42.2000
v -23.7400 122.4400 42.2000
v -26.4500 114.3500 42.2000
v -36.2400 116.2700 42.2000
f 2818 2819 2824
f 2818 2824 2823
f 2819 2820 2825
f 2819 2825 2824
f 2820 2821 2826
f 2820 2826 2825
f 2821 2822 2827
f 2821 2827 2826
f 2822 2818 2823
f 2822 2823 2827
f 2823 2824 2825
f 2823 2825 2826
f 2823 2826 2827
v 43.5300 113.2300 0.0000
v 44.5600 116.8100 0.0000
v 47.9000 116.2200 0.0000
v 46.6800 112.5900 0.0000
v 43.5300 113.2300 0.0000
v 43.5300 113.2300 42.2000
v 44.5600 116.8100 42.2000
v 47.9000 116.2200 42.2000
v 46.6800 112.5900 42.2000
v 43.5300 113.2300 42.2000
f 2828 2829 2834
f 2828 2834 2833
f 2829 2830 2835
f 2829 2835 2834
f 2830 2831 2836
f 2830 2836 2835
f 2831 2832 2837
f 2831 2837 2836
f 2832 2828 2833
f 2832 2833 2837
f 2833 2834 2835
f 2833 2835 2836
f 2833 2836 2837
v 116.6800 40.4900 0.0000
v 114.9900 36.1700 0.0000
v 117.5300 35.1900 0.0000
v 119.0300 39.4200 0.0000
v 116.6800 40.4900 0.0000
v 116.6800 40.4900 42.2000
v 114.9900 36.1700 42.2000
v 117.5300 35.1900 42.2000
v 119.0300 39.4200 42.2000
v 116.6800 40.4900 42.2000
f 2838 2839 2844
f 2838 2844 2843
f 2839 2840 2845
f 2839 2845 2844
f 2840 2841 2846
f 2840 2846 2845
f 2841 2842 2847
f 2841 2847 2846
f 2842 2838 2843
f 2842 2843 2847
f 2843 2844 2845
f 2843 2845 2846
f 2843 2846 2847
v 120.4700 27.3100 0.0000
v 118.7100 23.5400 0.0000
v 121.2500 22.6100 0.0000
v 122.9300 26.3600 0.0000
v 120.4700 27.3100 0.0000
v 120.4700 27.3100 42.2000
v 118.7100 23.5400 42.2000
v 121.2500 22.6100 42.2000
v 122.9300 26.3600 42.2000
v 120.4700 27.3100 42.2000
f 2848 2849 2854
f 2848 2854 2853
f 2849 2850 2855
f 2849 2855 2854
f 2850 2851 2856
f 2850 2856 2855
f 2851 2852 2857
f 2851 2857 2856
f 2852 2848 2853
f 2852 2853 2857
f 2853 2854 2855
f 2853 2855 2856
f 2853 2856 2857
v -82.4700 -92.0600 0.0000
v -85.5100 -90.6000 0.0000
v -85.0800 -89.7200 0.0000
v -82.0500 -91.1800 0.0000
v -82.4700 -92.0600 0.0000
v -82.4700 -92.0600 1.0000
v -85.5100 -90.6000 1.0000
v -85.0800 -89.7200 1.0000
v -82.0500 -91.1800 1.0000
v -82.4700 -92.0600 1.0000
f 2858 2859 2864
f 2858 2864 2863
f 2859 2860 2865
f 2859 2865 2864
f 2860 2861 2866
f 2860 2866 2865
f 2861 2862 2867
f 2861 2867 2866
f 2862 2858 2863
f 2862 2863 2867
f 2863 2864 2865
f 2863 2865 2866
f 2863 2866 2867
v 20.3900 120.3600 0.0000
v 23.5900 127.8700 0.0000
v 37.9200 123.2800 0.0000
v 35.1100 114.4400 0.0000
v 21.1600 118.2100 0.0000
v 20.3900 120.3600 0.0000
v 20.3900 120.3600 42.2000
v 23.5900 127.8700 42.2000
v 37.9200 123.2800 42.2000
v 35.1100 114.4400 42.2000
v 21.1600 118.2100 42.2000
v 20.3900 120.3600 42.2000
f 2868 2869 2875
f 2868 2875 2874
f 2869 2870 2876
f 2869 2876 2875
f 2870 2871 2877
f 2870 2877 2876
f 2871 2872 2878
f 2871 2878 2877
f 2872 2873 2879
f 2872 2879 2878
f 2873 2868 2874
f 2873 2874 2879
f 2874 2875 2876
f 2874 2876 2877
f 2874 2877 2878
f 2874 2878 2879
v -56.6500 112.0200 0.0000
v -55.7400 114.8100 0.0000
v -46.3000 111.7400 0.0000
v -47.2100 108.9500 0.0000
v -56.6500 112.0200 0.0000
v -56.6500 112.0200 42.2000
v -55.7400 114.8100 42.2000
v -46.3000 111.7400 42.2000
v -47.2100 108.9500 42.2000
v -56.6500 112.0200 42.2000
f 2880 2881 2886
f 2880 2886 2885
f 2881 2882 2887
f 2881 2887 2886
f 2882 2883 2888
f 2882 2888 2887
f 2883 2884 2889
f 2883 2889 2888
f 2884 2880 2885
f 2884 2885 2889
f 2885 2886 2887
f 2885 2887 2888
f 2885 2888 2889
v 46.6800 112.5900 0.0000
v 47.9000 116.2200 0.0000
v 50.9300 115.5900 0.0000
v 49.5700 112.0000 0.0000
v 46.6800 112.5900 0.0000
v 46.6800 112.5900 42.2000
v 47.9000 116.2200 42.2000
v 50.9300 115.5900 42.2000
v 49.5700 112.0000 42.2000
v 46.6800 112.5900 42.2000
f 2890 2891 2896
f 2890 2896 2895
f 2891 2892 2897
f 2891 2897 2896
f 2892 2893 2898
f 2892 2898 2897
f 2893 2894 2899
f 2893 2899 2898
f 2894 2890 2895
f 2894 2895 2899
f 2895 2896 2897
f 2895 2897 2898
f 2895 2898 2899
v 122.3700 18.6300 0.0000
v 121.0800 14.9300 0.0000
v 123.4900 13.9900 0.0000
v 124.8900 17.6200 0.0000
v 122.3700 18.6300 0.0000
v 122.3700 18.6300 42.2000
v 121.0800 14.9300 42.2000
v 123.4900 13.9900 42.2000
v 124.8900 17.6200 42.2000
v 122.3700 18.6300 42.2000
f 2900 2901 2906
f 2900 2906 2905
f 2901 2902 2907
f 2901 2907 2906
f 2902 2903 2908
f 2902 2908 2907
f 2903 2904 2909
f 2903 2909 2908
f 2904 2900 2905
f 2904 2905 2909
f 2905 2906 2907
f 2905 2907 2908
f 2905 2908 2909
v 36.3400 114.2500 0.0000
v 39.0200 122.7900 0.0000
v 45.7400 120.9800 0.0000
v 44.5600 116.8100 0.0000
v 43.5300 113.2300 0.0000
v 36.3400 114.2500 0.0000
v 36.3400 114.2500 42.2000
v 39.0200 122.7900 42.2000
v 45.7400 120.9800 42.2000
v 44.5600 116.8100 42.2000
v 43.5300 113.2300 42.2000
v 36.3400 114.2500 42.2000
f 2910 2911 2917
f 2910 2917 2916
f 2911 2912 2918
f 2911 2918 2917
f 2912 2913 2919
f 2912 2919 2918
f 2913 2914 2920
f 2913 2920 2919
f 2914 2915 2921
f 2914 2921 2920
f 2915 2910 2916
f 2915 2916 2921
f 2916 2917 2918
f 2916 2918 2919
f 2916 2919 2920
f 2916 2920 2921
v 102.9000 66.2600 0.0000
v 103.8800 68.9200 0.0000
v 107.3000 67.6000 0.0000
v 106.2600 64.9500 0.0000
v 102.9000 66.2600 0.0000
v 102.9000 66.2600 42.2000
v 103.8800 68.9200 42.2000
v 107.3000 67.6000 42.2000
v 106.2600 64.9500 42.2000
v 102.9000 66.2600 42.2000
f 2922 2923 2928
f 2922 2928 2927
f 2923 2924 2929
f 2923 2929 2928
f 2924 2925 2930
f 2924 2930 2929
f 2925 2926 2931
f 2925 2931 2930
f 2926 2922 2927
f 2926 2927 2931
f 2927 2928 2929
f 2927 2929 2930
f 2927 2930 2931
v -99.7000 -72.6400 0.0000
v -109.1400 -67.9400 0.0000
v -108.3000 -66.2900 0.0000
v -97.9700 -69.2100 0.0000
v -99.7000 -72.6400 0.0000
v -99.7000 -72.6400 12.7000
v -109.1400 -67.9400 12.7000
v -108.3000 -66.2900 12.7000
v -97.9700 -69.2100 12.7000
v -99.7000 -72.6400 12.7000
f 2932 2933 2938
f 2932 2938 2937
f 2933 2934 2939
f 2933 2939 2938
f 2934 2935 2940
f 2934 2940 2939
f 2935 2936 2941
f 2935 2941 2940
f 2936 2932 2937
f 2936 2937 2941
f 2937 2938 2939
f 2937 2939 2940
f 2937 2940 2941
v 123.4900 13.9900 0.0000
v 122.0400 10.3200 0.0000
v 125.0200 9.1800 0.0000
v 126.4000 12.8700 0.0000
v 123.4900 13.9900 0.0000
v 123.4900 13.9900 42.2000
v 122.0400 10.3200 42.2000
v 125.0200 9.1800 42.2000
v 126.4000 12.8700 42.2000
v 123.4900 13.9900 42.2000
f 2942 2943 2948
f 2942 2948 2947
f 2943 2944 2949
f 2943 2949 2948
f 2944 2945 2950
f 2944 2950 2949
f 2945 2946 2951
f 2945 2951 2950
f 2946 2942 2947
f 2946 2947 2951
f 2947 2948 2949
f 2947 2949 2950
f 2947 2950 2951
v -71.6300 104.6400 0.0000
v -70.8600 107.3100 0.0000
v -62.1800 104.8100 0.0000
v -62.9500 102.1400 0.0000
v -71.6300 104.6400 0.0000
v -71.6300 104.6400 42.2000
v -70.8600 107.3100 42.2000
v -62.1800 104.8100 42.2000
v -62.9500 102.1400 42.2000
v -71.6300 104.6400 42.2000
f 2952 2953 2958
f 2952 2958 2957
f 2953 2954 2959
f 2953 2959 2958
f 2954 2955 2960
f 2954 2960 2959
f 2955 2956 2961
f 2955 2961 2960
f 2956 2952 2957
f 2956 2957 2961
f 2957 2958 2959
f 2957 2959 2960
f 2957 2960 2961
v 122.1300 -16.9300 0.0000
v 119.8500 -22.7400 0.0000
v 124.9000 -24.7200 0.0000
v 127.3300 -18.9900 0.0000
v 122.1300 -16.9300 0.0000
v 122.1300 -16.9300 42.2000
v 119.8500 -22.7400 42.2000
v 124.9000 -24.7200 42.2000
v 127.3300 -18.9900 42.2000
v 122.1300 -16.9300 42.2000
f 2962 2963 2968
f 2962 2968 2967
f 2963 2964 2969
f 2963 2969 2968
f 2964 2965 2970
f 2964 2970 2969
f 2965 2966 2971
f 2965 2971 2970
f 2966 2962 2967
f 2966 2967 2971
f 2967 2968 2969
f 2967 2969 2970
f 2967 2970 2971
v -97.0600 88.0900 0.0000
v -88.5800 85.4900 0.0000
v -88.9900 84.1700 0.0000
v -87.4000 83.6900 0.0000
v -89.2000 77.8000 0.0000
v -99.2600 80.8800 0.0000
v -97.0600 88.0900 0.0000
v -97.0600 88.0900 42.2000
v -88.5800 85.4900 42.2000
v -88.9900 84.1700 42.2000
v -87.4000 83.6900 42.2000
v -89.2000 77.8000 42.2000
v -99.2600 80.8800 42.2000
v -97.0600 88.0900 42.2000
f 2972 2973 2980
f 2972 2980 2979
f 2973 2974 2981
f 2973 2981 2980
f 2974 2975 2982
f 2974 2982 2981
f 2975 2976 2983
f 2975 2983 2982
f 2976 2977 2984
f 2976 2984 2983
f 2977 2978 2985
f 2977 2985 2984
f 2978 2972 2979
f 2978 2979 2985
f 2979 2980 2981
f 2979 2981 2982
f 2979 2982 2983
f 2979 2983 2984
f 2979 2984 2985
v 119.0300 39.4200 0.0000
v 117.5300 35.1900 0.0000
v 119.9200 34.2500 0.0000
v 121.3700 38.6800 0.0000
v 119.0300 39.4200 0.0000
v 119.0300 39.4200 42.2000
v 117.5300 35.1900 42.2000
v 119.9200 34.2500 42.2000
v 121.3700 38.6800 42.2000
v 119.0300 39.4200 42.2000
f 2986 2987 2992
f 2986 2992 2991
f 2987 2988 2993
f 2987 2993 2992
f 2988 2989 2994
f 2988 2994 2993
f 2989 2990 2995
f 2989 2995 2994
f 2990 2986 2991
f 2990 2991 2995
f 2991 2992 2993
f 2991 2993 2994
f 2991 2994 2995
v 106.7100 59.3200 0.0000
v 108.8500 65.0300 0.0000
v 113.1300 63.3300 0.0000
v 110.9700 57.8300 0.0000
v 106.7100 59.3200 0.0000
v 106.7100 59.3200 42.2000
v 108.8500 65.0300 42.2000
v 113.1300 63.3300 42.2000
v 110.9700 57.8300 42.2000
v 106.7100 59.3200 42.2000
f 2996 2997 3002
f 2996 3002 3001
f 2997 2998 3003
f 2997 3003 3002
f 2998 2999 3004
f 2998 3004 3003
f 2999 3000 3005
f 2999 3005 3004
f 3000 2996 3001
f 3000 3001 3005
f 3001 3002 3003
f 3001 3003 3004
f 3001 3004 3005
v -46.0900 112.6100 0.0000
v -55.3400 115.5300 0.0000
v -54.3400 118.7400 0.0000
v -45.1100 115.6600 0.0000
v -46.0900 112.6100 0.0000
v -46.0900 112.6100 42.2000
v -55.3400 115.5300 42.2000
v -54.3400 118.7400 42.2000
v -45.1100 115.6600 42.2000
v -46.0900 112.6100 42.2000
f 3006 3007 3012
f 3006 3012 3011
f 3007 3008 3013
f 3007 3013 3012
f 3008 3009 3014
f 3008 3014 3013
f 3009 3010 3015
f 3009 3015 3014
f 3010 3006 3011
f 3010 3011 3015
f 3011 3012 3013
f 3011 3013 3014
f 3011 3014 3015
v -98.2600 -92.8100 0.0000
v -94.1100 -84.5000 0.0000
v -96.7900 -83.1600 0.0000
v -90.8100 -71.2200 0.0000
v -89.2500 -71.6700 0.0000
v -85.0000 -80.9400 0.0000
v -92.3500 -95.7600 0.0000
v -98.2600 -92.8100 0.0000
v -98.2600 -92.8100 39.2000
v -94.1100 -84.5000 39.2000
v -96.7900 -83.1600 39.2000
v -90.8100 -71.2200 39.2000
v -89.2500 -71.6700 39.2000
v -85.0000 -80.9400 39.2000
v -92.3500 -95.7600 39.2000
v -98.2600 -92.8100 39.2000
f 3016 3017 3025
f 3016 3025 3024
f 3017 3018 3026
f 3017 3026 3025
f 3018 3019 3027
f 3018 3027 3026
f 3019 3020 3028
f 3019 3028 3027
f 3020 3021 3029
f 3020 3029 3028
f 3021 3022 3030
f 3021 3030 3029
f 3022 3023 3031
f 3022 3031 3030
f 3023 3016 3024
f 3023 3024 3031
f 3024 3025 3026
f 3024 3026 3027
f 3024 3027 3028
f 3024 3028 3029
f 3024 3029 3030
f 3024 3030 3031
v 122.9300 26.3600 0.0000
v 121.2500 22.6100 0.0000
v 123.7000 21.7100 0.0000
v 125.4100 25.4000 0.0000
v 122.9300 26.3600 0.0000
v 122.9300 26.3600 42.2000
v 121.2500 22.6100 42.2000
v 123.7000 21.7100 42.2000
v 125.4100 25.4000 42.2000
v 122.9300 26.3600 42.2000
f 3032 3033 3038
f 3032 3038 3037
f 3033 3034 3039
f 3033 3039 3038
f 3034 3035 3040
f 3034 3040 3039
f 3035 3036 3041
f 3035 3041 3040
f 3036 3032 3037
f 3036 3037 3041
f 3037 3038 3039
f 3037 3039 3040
f 3037 3040 3041
v 116.9500 55.2500 0.0000
v 127.4900 51.0300 0.0000
v 122.8600 39.7600 0.0000
v 118.0300 41.8000 0.0000
v 118.1600 42.7000 0.0000
v 115.6800 43.5900 0.0000
v 115.0900 41.9700 0.0000
v 112.3900 42.9800 0.0000
v 112.9500 44.5600 0.0000
v 112.6000 44.8200 0.0000
v 116.9500 55.2500 0.0000
v 116.9500 55.2500 42.2000
v 127.4900 51.0300 42.2000
v 122.8600 39.7600 42.2000
v 118.0300 41.8000 42.2000
v 118.1600 42.7000 42.2000
v 115.6800 43.5900 42.2000
v 115.0900 41.9700 42.2000
v 112.3900 42.9800 42.2000
v 112.9500 44.5600 42.2000
v 112.6000 44.8200 42.2000
v 116.9500 55.2500 42.2000
f 3042 3043 3054
f 3042 3054 3053
f 3043 3044 3055
f 3043 3055 3054
f 3044 3045 3056
f 3044 3056 3055
f 3045 3046 3057
f 3045 3057 3056
f 3046 3047 3058
f 3046 3058 3057
f 3047 3048 3059
f 3047 3059 3058
f 3048 3049 3060
f 3048 3060 3059
f 3049 3050 3061
f 3049 3061 3060
f 3050 3051 3062
f 3050 3062 3061
f 3051 3052 3063
f 3051 3063 3062
f 3052 3042 3053
f 3052 3053 3063
f 3053 3054 3055
f 3053 3055 3056
f 3053 3056 3057
f 3053 3057 3058
f 3053 3058 3059
f 3053 3059 3060
f 3053 3060 3061
f 3053 3061 3062
f 3053 3062 3063
v -97.5100 -69.3300 0.0000
v -90.8100 -71.2200 0.0000
v -96.7900 -83.1600 0.0000
v -94.1100 -84.5000 0.0000
v -98.2600 -92.8100 0.0000
v -107.1400 -88.3800 0.0000
v -97.5100 -69.3300 0.0000
v -97.5100 -69.3300 39.2000
v -90.8100 -71.2200 39.2000
v -96.7900 -83.1600 39.2000
v -94.1100 -84.5000 39.2000
v -98.2600 -92.8100 39.2000
v -107.1400 -88.3800 39.2000
v -97.5100 -69.3300 39.2000
f 3064 3065 3072
f 3064 3072 3071
f 3065 3066 3073
f 3065 3073 3072
f 3066 3067 3074
f 3066 3074 3073
f 3067 3068 3075
f 3067 3075 3074
f 3068 3069 3076
f 3068 3076 3075
f 3069 3070 3077
f 3069 3077 3076
f 3070 3064 3071
f 3070 3071 3077
f 3071 3072 3073
f 3071 3073 3074
f 3071 3074 3075
f 3071 3075 3076
f 3071 3076 3077
v 103.8800 68.9200 0.0000
v 104.7200 71.1900 0.0000
v 108.2000 69.8900 0.0000
v 107.3000 67.6000 0.0000
v 103.8800 68.9200 0.0000
v 103.8800 68.9200 42.2000
v 104.7200 71.1900 42.2000
v 108.2000 69.8900 42.2000
v 107.3000 67.6000 42.2000
v 103.8800 68.9200 42.2000
f 3078 3079 3084
f 3078 3084 3083
f 3079 3080 3085
f 3079 3085 3084
f 3080 3081 3086
f 3080 3086 3085
f 3081 3082 3087
f 3081 3087 3086
f 3082 3078 3083
f 3082 3083 3087
f 3083 3084 3085
f 3083 3085 3086
f 3083 3086 3087
v 124.3100 -11.3700 0.0000
v 122.1300 -16.9300 0.0000
v 127.3300 -18.9900 0.0000
v 129.7000 -13.4100 0.0000
v 124.3100 -11.3700 0.0000
v 124.3100 -11.3700 42.2000
v 122.1300 -16.9300 42.2000
v 127.3300 -18.9900 42.2000
v 129.7000 -13.4100 42.2000
v 124.3100 -11.3700 42.2000
f 3088 3089 3094
f 3088 3094 3093
f 3089 3090 3095
f 3089 3095 3094
f 3090 3091 3096
f 3090 3096 3095
f 3091 3092 3097
f 3091 3097 3096
f 3092 3088 3093
f 3092 3093 3097
f 3093 3094 3095
f 3093 3095 3096
f 3093 3096 3097
v -84.9100 -97.1200 0.0000
v -82.4700 -92.0600 0.0000
v -81.7900 -92.4000 0.0000
v -84.2100 -97.4500 0.0000
v -84.9100 -97.1200 0.0000
v -84.9100 -97.1200 1.0000
v -82.4700 -92.0600 1.0000
v -81.7900 -92.4000 1.0000
v -84.2100 -97.4500 1.0000
v -84.9100 -97.1200 1.0000
f 3098 3099 3104
f 3098 3104 3103
f 3099 3100 3105
f 3099 3105 3104
f 3100 3101 3106
f 3100 3106 3105
f 3101 3102 3107
f 3101 3107 3106
f 3102 3098 3103
f 3102 3103 3107
f 3103 3104 3105
f 3103 3105 3106
f 3103 3106 3107
v 125.4100 25.4000 0.0000
v 122.9300 26.3600 0.0000
v 120.4700 27.3100 0.0000
v 121.9300 30.8400 0.0000
v 126.9300 28.8500 0.0000
v 125.4100 25.4000 0.0000
v 125.4100 25.4000 42.2000
v 122.9300 26.3600 42.2000
v 120.4700 27.3100 42.2000
v 121.9300 30.8400 42.2000
v 126.9300 28.8500 42.2000
v 125.4100 25.4000 42.2000
f 3108 3109 3115
f 3108 3115 3114
f 3109 3110 3116
f 3109 3116 3115
f 3110 3111 3117
f 3110 3117 3116
f 3111 3112 3118
f 3111 3118 3117
f 3112 3113 3119
f 3112 3119 3118
f 3113 3108 3114
f 3113 3114 3119
f 3114 3115 3116
f 3114 3116 3117
f 3114 3117 3118
f 3114 3118 3119
v 44.5600 116.8100 0.0000
v 45.7400 120.9800 0.0000
v 48.9600 120.1100 0.0000
v 47.9000 116.2200 0.0000
v 44.5600 116.8100 0.0000
v 44.5600 116.8100 42.2000
v 45.7400 120.9800 42.2000
v 48.9600 120.1100 42.2000
v 47.9000 116.2200 42.2000
v 44.5600 116.8100 42.2000
f 3120 3121 3126
f 3120 3126 3125
f 3121 3122 3127
f 3121 3127 3126
f 3122 3123 3128
f 3122 3128 3127
f 3123 3124 3129
f 3123 3129 3128
f 3124 3120 3125
f 3124 3125 3129
f 3125 3126 3127
f 3125 3127 3128
f 3125 3128 3129
v -128.4900 20.7500 0.0000
v -118.7500 17.9200 0.0000
v -122.8900 3.6700 0.0000
v -132.6300 6.5000 0.0000
v -128.4900 20.7500 0.0000
v -128.4900 20.7500 30.0000
v -118.7500 17.9200 30.0000
v -122.8900 3.6700 30.0000
v -132.6300 6.5000 30.0000
v -128.4900 20.7500 30.0000
f 3130 3131 3136
f 3130 3136 3135
f 3131 3132 3137
f 3131 3137 3136
f 3132 3133 3138
f 3132 3138 3137
f 3133 3134 3139
f 3133 3139 3138
f 3134 3130 3135
f 3134 3135 3139
f 3135 3136 3137
f 3135 3137 3138
f 3135 3138 3139
v -2.4400 -130.5800 0.0000
v -5.4700 -129.2800 0.0000
v -1.8400 -121.5900 0.0000
v -1.2400 -121.8700 0.0000
v 2.1200 -114.7600 0.0000
v 8.2900 -116.8300 0.0000
v 14.1000 -105.2500 0.0000
v 14.2000 -105.0500 0.0000
v 38.5900 -113.3800 0.0000
v 51.5900 -117.8100 0.0000
v 50.4400 -121.0400 0.0000
v 51.6200 -121.4700 0.0000
v 50.6600 -124.1100 0.0000
v 51.8300 -124.5200 0.0000
v 49.9600 -129.8300 0.0000
v 43.9300 -142.6700 0.0000
v 42.8800 -142.2800 0.0000
v 40.4900 -148.9700 0.0000
v -2.4400 -130.5800 0.0000
v -2.4400 -130.5800 59.1000
v -5.4700 -129.2800 59.1000
v -1.8400 -121.5900 59.1000
v -1.2400 -121.8700 59.1000
v 2.1200 -114.7600 59.1000
v 8.2900 -116.8300 59.1000
v 14.1000 -105.2500 59.1000
v 14.2000 -105.0500 59.1000
v 38.5900 -113.3800 59.1000
v 51.5900 -117.8100 59.1000
v 50.4400 -121.0400 59.1000
v 51.6200 -121.4700 59.1000
v 50.6600 -124.1100 59.1000
v 51.8300 -124.5200 59.1000
v 49.9600 -129.8300 59.1000
v 43.9300 -142.6700 59.1000
v 42.8800 -142.2800 59.1000
v 40.4900 -148.9700 59.1000
v -2.4400 -130.5800 59.1000
f 3140 3141 3160
f 3140 3160 3159
f 3141 3142 3161
f 3141 3161 3160
f 3142 3143 3162
f 3142 3162 3161
f 3143 3144 3163
f 3143 3163 3162
f 3144 3145 3164
f 3144 3164 3163
f 3145 3146 3165
f 3145 3165 3164
f 3146 3147 3166
f 3146 3166 3165
f 3147 3148 3167
f 3147 3167 3166
f 3148 3149 3168
f 3148 3168 3167
f 3149 3150 3169
f 3149 3169 3168
f 3150 3151 3170
f 3150 3170 3169
f 3151 3152 3171
f 3151 3171 3170
f 3152 3153 3172
f 3152 3172 3171
f 3153 3154 3173
f 3153 3173 3172
f 3154 3155 3174
f 3154 3174 3173
f 3155 3156 3175
f 3155 3175 3174
f 3156 3157 3176
f 3156 3176 3175
f 3157 3158 3177
f 3157 3177 3176
f 3158 3140 3159
f 3158 3159 3177
f 3159 3160 3161
f 3159 3161 3162
f 3159 3162 3163
f 3159 3163 3164
f 3159 3164 3165
f 3159 3165 3166
f 3159 3166 3167
f 3159 3167 3168
f 3159 3168 3169
f 3159 3169 3170
f 3159 3170 3171
f 3159 3171 3172
f 3159 3172 3173
f 3159 3173 3174
f 3159 3174 3175
f 3159 3175 3176
f 3159 3176 3177
v -70.9300 107.9600 0.0000
v -69.9400 111.4600 0.0000
v -60.4500 108.7800 0.0000
v -61.4400 105.2600 0.0000
v -70.9300 107.9600 0.0000
v -70.9300 107.9600 42.2000
v -69.9400 111.4600 42.2000
v -60.4500 108.7800 42.2000
v -61.4400 105.2600 42.2000
v -70.9300 107.9600 42.2000
f 3178 3179 3184
f 3178 3184 3183
f 3179 3180 3185
f 3179 3185 3184
f 3180 3181 3186
f 3180 3186 3185
f 3181 3182 3187
f 3181 3187 3186
f 3182 3178 3183
f 3182 3183 3187
f 3183 3184 3185
f 3183 3185 3186
f 3183 3186 3187
v 121.3700 38.6800 0.0000
v 119.9200 34.2500 0.0000
v 122.5100 33.2400 0.0000
v 124.3100 37.4100 0.0000
v 121.3700 38.6800 0.0000
v 121.3700 38.6800 42.2000
v 119.9200 34.2500 42.2000
v 122.5100 33.2400 42.2000
v 124.3100 37.4100 42.2000
v 121.3700 38.6800 42.2000
f 3188 3189 3194
f 3188 3194 3193
f 3189 3190 3195
f 3189 3195 3194
f 3190 3191 3196
f 3190 3196 3195
f 3191 3192 3197
f 3191 3197 3196
f 3192 3188 3193
f 3192 3193 3197
f 3193 3194 3195
f 3193 3195 3196
f 3193 3196 3197
v 124.8900 17.6200 0.0000
v 130.4900 15.3700 0.0000
v 129.2100 11.7700 0.0000
v 126.4000 12.8700 0.0000
v 123.4900 13.9900 0.0000
v 124.8900 17.6200 0.0000
v 124.8900 17.6200 42.2000
v 130.4900 15.3700 42.2000
v 129.2100 11.7700 42.2000
v 126.4000 12.8700 42.2000
v 123.4900 13.9900 42.2000
v 124.8900 17.6200 42.2000
f 3198 3199 3205
f 3198 3205 3204
f 3199 3200 3206
f 3199 3206 3205
f 3200 3201 3207
f 3200 3207 3206
f 3201 3202 3208
f 3201 3208 3207
f 3202 3203 3209
f 3202 3209 3208
f 3203 3198 3204
f 3203 3204 3209
f 3204 3205 3206
f 3204 3206 3207
f 3204 3207 3208
f 3204 3208 3209
v 126.4000 12.8700 0.0000
v 125.0200 9.1800 0.0000
v 128.0900 8.0000 0.0000
v 129.2100 11.7700 0.0000
v 126.4000 12.8700 0.0000
v 126.4000 12.8700 42.2000
v 125.0200 9.1800 42.2000
v 128.0900 8.0000 42.2000
v 129.2100 11.7700 42.2000
v 126.4000 12.8700 42.2000
f 3210 3211 3216
f 3210 3216 3215
f 3211 3212 3217
f 3211 3217 3216
f 3212 3213 3218
f 3212 3218 3217
f 3213 3214 3219
f 3213 3219 3218
f 3214 3210 3215
f 3214 3215 3219
f 3215 3216 3217
f 3215 3217 3218
f 3215 3218 3219
v 47.9000 116.2200 0.0000
v 48.9600 120.1100 0.0000
v 52.3800 119.1900 0.0000
v 50.9300 115.5900 0.0000
v 47.9000 116.2200 0.0000
v 47.9000 116.2200 42.2000
v 48.9600 120.1100 42.2000
v 52.3800 119.1900 42.2000
v 50.9300 115.5900 42.2000
v 47.9000 116.2200 42.2000
f 3220 3221 3226
f 3220 3226 3225
f 3221 3222 3227
f 3221 3227 3226
f 3222 3223 3228
f 3222 3228 3227
f 3223 3224 3229
f 3223 3229 3228
f 3224 3220 3225
f 3224 3225 3229
f 3225 3226 3227
f 3225 3227 3228
f 3225 3228 3229
v -101.6700 -76.5200 0.0000
v -111.0900 -71.8000 0.0000
v -109.3500 -68.3200 0.0000
v -99.9000 -73.0600 0.0000
v -101.6700 -76.5200 0.0000
v -101.6700 -76.5200 12.7000
v -111.0900 -71.8000 12.7000
v -109.3500 -68.3200 12.7000
v -99.9000 -73.0600 12.7000
v -101.6700 -76.5200 12.7000
f 3230 3231 3236
f 3230 3236 3235
f 3231 3232 3237
f 3231 3237 3236
f 3232 3233 3238
f 3232 3238 3237
f 3233 3234 3239
f 3233 3239 3238
f 3234 3230 3235
f 3234 3235 3239
f 3235 3236 3237
f 3235 3237 3238
f 3235 3238 3239
v 125.4100 25.4000 0.0000
v 123.7000 21.7100 0.0000
v 126.4100 20.7100 0.0000
v 127.7600 24.4900 0.0000
v 125.4100 25.4000 0.0000
v 125.4100 25.4000 42.2000
v 123.7000 21.7100 42.2000
v 126.4100 20.7100 42.2000
v 127.7600 24.4900 42.2000
v 125.4100 25.4000 42.2000
f 3240 3241 3246
f 3240 3246 3245
f 3241 3242 3247
f 3241 3247 3246
f 3242 3243 3248
f 3242 3248 3247
f 3243 3244 3249
f 3243 3249 3248
f 3244 3240 3245
f 3244 3245 3249
f 3245 3246 3247
f 3245 3247 3248
f 3245 3248 3249
v 113.1900 63.2200 0.0000
v 117.6900 61.4700 0.0000
v 114.3100 52.7500 0.0000
v 109.8000 54.5100 0.0000
v 113.1900 63.2200 0.0000
v 113.1900 63.2200 42.2000
v 117.6900 61.4700 42.2000
v 114.3100 52.7500 42.2000
v 109.8000 54.5100 42.2000
v 113.1900 63.2200 42.2000
f 3250 3251 3256
f 3250 3256 3255
f 3251 3252 3257
f 3251 3257 3256
f 3252 3253 3258
f 3252 3258 3257
f 3253 3254 3259
f 3253 3259 3258
f 3254 3250 3255
f 3254 3255 3259
f 3255 3256 3257
f 3255 3257 3258
f 3255 3258 3259
v -119.1900 54.5900 0.0000
v -123.0800 41.9200 0.0000
v -117.5400 40.2200 0.0000
v -113.6500 52.8900 0.0000
v -119.1900 54.5900 0.0000
v -119.1900 54.5900 15.9000
v -123.0800 41.9200 15.9000
v -117.5400 40.2200 15.9000
v -113.6500 52.8900 15.9000
v -119.1900 54.5900 15.9000
f 3260 3261 3266
f 3260 3266 3265
f 3261 3262 3267
f 3261 3267 3266
f 3262 3263 3268
f 3262 3268 3267
f 3263 3264 3269
f 3263 3269 3268
f 3264 3260 3265
f 3264 3265 3269
f 3265 3266 3267
f 3265 3267 3268
f 3265 3268 3269
v 93.2300 -89.0000 0.0000
v 100.1400 -68.6600 0.0000
v 102.6300 -69.5100 0.0000
v 102.8700 -68.7700 0.0000
v 105.0200 -69.5000 0.0000
v 104.7700 -70.2300 0.0000
v 114.5400 -73.5500 0.0000
v 107.6300 -93.8900 0.0000
v 93.2300 -89.0000 0.0000
v 93.2300 -89.0000 38.1000
v 100.1400 -68.6600 38.1000
v 102.6300 -69.5100 38.1000
v 102.8700 -68.7700 38.1000
v 105.0200 -69.5000 38.1000
v 104.7700 -70.2300 38.1000
v 114.5400 -73.5500 38.1000
v 107.6300 -93.8900 38.1000
v 93.2300 -89.0000 38.1000
f 3270 3271 3280
f 3270 3280 3279
f 3271 3272 3281
f 3271 3281 3280
f 3272 3273 3282
f 3272 3282 3281
f 3273 3274 3283
f 3273 3283 3282
f 3274 3275 3284
f 3274 3284 3283
f 3275 3276 3285
f 3275 3285 3284
f 3276 3277 3286
f 3276 3286 3285
f 3277 3278 3287
f 3277 3287 3286
f 3278 3270 3279
f 3278 3279 3287
f 3279 3280 3281
f 3279 3281 3282
f 3279 3282 3283
f 3279 3283 3284
f 3279 3284 3285
f 3279 3285 3286
f 3279 3286 3287
v 104.7200 71.1900 0.0000
v 105.8800 74.3200 0.0000
v 109.2900 72.6600 0.0000
v 108.2000 69.8900 0.0000
v 104.7200 71.1900 0.0000
v 104.7200 71.1900 42.2000
v 105.8800 74.3200 42.2000
v 109.2900 72.6600 42.2000
v 108.2000 69.8900 42.2000
v 104.7200 71.1900 42.2000
f 3288 3289 3294
f 3288 3294 3293
f 3289 3290 3295
f 3289 3295 3294
f 3290 3291 3296
f 3290 3296 3295
f 3291 3292 3297
f 3291 3297 3296
f 3292 3288 3293
f 3292 3293 3297
f 3293 3294 3295
f 3293 3295 3296
f 3293 3296 3297
v 124.3100 37.4100 0.0000
v 122.5100 33.2400 0.0000
v 125.2900 32.1700 0.0000
v 127.1400 36.4800 0.0000
v 124.3100 37.4100 0.0000
v 124.3100 37.4100 42.2000
v 122.5100 33.2400 42.2000
v 125.2900 32.1700 42.2000
v 127.1400 36.4800 42.2000
v 124.3100 37.4100 42.2000
f 3298 3299 3304
f 3298 3304 3303
f 3299 3300 3305
f 3299 3305 3304
f 3300 3301 3306
f 3300 3306 3305
f 3301 3302 3307
f 3301 3307 3306
f 3302 3298 3303
f 3302 3303 3307
f 3303 3304 3305
f 3303 3305 3306
f 3303 3306 3307
v -54.2700 119.1900 0.0000
v -52.5000 124.4600 0.0000
v -43.2300 121.3400 0.0000
v -45.0000 116.0600 0.0000
v -54.2700 119.1900 0.0000
v -54.2700 119.1900 42.2000
v -52.5000 124.4600 42.2000
v -43.2300 121.3400 42.2000
v -45.0000 116.0600 42.2000
v -54.2700 119.1900 42.2000
f 3308 3309 3314
f 3308 3314 3313
f 3309 3310 3315
f 3309 3315 3314
f 3310 3311 3316
f 3310 3316 3315
f 3311 3312 3317
f 3311 3317 3316
f 3312 3308 3313
f 3312 3313 3317
f 3313 3314 3315
f 3313 3315 3316
f 3313 3316 3317
v 127.7600 24.4900 0.0000
v 125.4100 25.4000 0.0000
v 126.9300 28.8500 0.0000
v 129.2400 27.9500 0.0000
v 127.7600 24.4900 0.0000
v 127.7600 24.4900 42.2000
v 125.4100 25.4000 42.2000
v 126.9300 28.8500 42.2000
v 129.2400 27.9500 42.2000
v 127.7600 24.4900 42.2000
f 3318 3319 3324
f 3318 3324 3323
f 3319 3320 3325
f 3319 3325 3324
f 3320 3321 3326
f 3320 3326 3325
f 3321 3322 3327
f 3321 3327 3326
f 3322 3318 3323
f 3322 3323 3327
f 3323 3324 3325
f 3323 3325 3326
f 3323 3326 3327
v -69.5000 112.0400 0.0000
v -68.4600 115.6800 0.0000
v -59.3000 113.0800 0.0000
v -60.3400 109.4300 0.0000
v -69.5000 112.0400 0.0000
v -69.5000 112.0400 42.2000
v -68.4600 115.6800 42.2000
v -59.3000 113.0800 42.2000
v -60.3400 109.4300 42.2000
v -69.5000 112.0400 42.2000
f 3328 3329 3334
f 3328 3334 3333
f 3329 3330 3335
f 3329 3335 3334
f 3330 3331 3336
f 3330 3336 3335
f 3331 3332 3337
f 3331 3337 3336
f 3332 3328 3333
f 3332 3333 3337
f 3333 3334 3335
f 3333 3335 3336
f 3333 3336 3337
v 129.2100 11.7700 0.0000
v 128.0900 8.0000 0.0000
v 130.7300 7.0000 0.0000
v 131.8400 10.7500 0.0000
v 129.2100 11.7700 0.0000
v 129.2100 11.7700 42.2000
v 128.0900 8.0000 42.2000
v 130.7300 7.0000 42.2000
v 131.8400 10.7500 42.2000
v 129.2100 11.7700 42.2000
f 3338 3339 3344
f 3338 3344 3343
f 3339 3340 3345
f 3339 3345 3344
f 3340 3341 3346
f 3340 3346 3345
f 3341 3342 3347
f 3341 3347 3346
f 3342 3338 3343
f 3342 3343 3347
f 3343 3344 3345
f 3343 3345 3346
f 3343 3346 3347
v 127.7600 24.4900 0.0000
v 126.4100 20.7100 0.0000
v 129.1900 19.6800 0.0000
v 130.4900 23.4400 0.0000
v 127.7600 24.4900 0.0000
v 127.7600 24.4900 42.2000
v 126.4100 20.7100 42.2000
v 129.1900 19.6800 42.2000
v 130.4900 23.4400 42.2000
v 127.7600 24.4900 42.2000
f 3348 3349 3354
f 3348 3354 3353
f 3349 3350 3355
f 3349 3355 3354
f 3350 3351 3356
f 3350 3356 3355
f 3351 3352 3357
f 3351 3357 3356
f 3352 3348 3353
f 3352 3353 3357
f 3353 3354 3355
f 3353 3355 3356
f 3353 3356 3357
v 127.3300 -18.9900 0.0000
v 124.9000 -24.7200 0.0000
v 130.8000 -27.0500 0.0000
v 132.9800 -21.2300 0.0000
v 127.3300 -18.9900 0.0000
v 127.3300 -18.9900 42.2000
v 124.9000 -24.7200 42.2000
v 130.8000 -27.0500 42.2000
v 132.9800 -21.2300 42.2000
v 127.3300 -18.9900 42.2000
f 3358 3359 3364
f 3358 3364 3363
f 3359 3360 3365
f 3359 3365 3364
f 3360 3361 3366
f 3360 3366 3365
f 3361 3362 3367
f 3361 3367 3366
f 3362 3358 3363
f 3362 3363 3367
f 3363 3364 3365
f 3363 3365 3366
f 3363 3366 3367
v -92.8100 97.1600 0.0000
v -85.8100 95.0100 0.0000
v -88.4300 86.4500 0.0000
v -96.8100 89.0200 0.0000
v -94.6800 95.9700 0.0000
v -92.8100 97.1600 0.0000
v -92.8100 97.1600 42.2000
v -85.8100 95.0100 42.2000
v -88.4300 86.4500 42.2000
v -96.8100 89.0200 42.2000
v -94.6800 95.9700 42.2000
v -92.8100 97.1600 42.2000
f 3368 3369 3375
f 3368 3375 3374
f 3369 3370 3376
f 3369 3376 3375
f 3370 3371 3377
f 3370 3377 3376
f 3371 3372 3378
f 3371 3378 3377
f 3372 3373 3379
f 3372 3379 3378
f 3373 3368 3374
f 3373 3374 3379
f 3374 3375 3376
f 3374 3376 3377
f 3374 3377 3378
f 3374 3378 3379
v 130.4900 15.3700 0.0000
v 132.9400 14.3800 0.0000
v 131.8400 10.7500 0.0000
v 129.2100 11.7700 0.0000
v 130.4900 15.3700 0.0000
v 130.4900 15.3700 42.2000
v 132.9400 14.3800 42.2000
v 131.8400 10.7500 42.2000
v 129.2100 11.7700 42.2000
v 130.4900 15.3700 42.2000
f 3380 3381 3386
f 3380 3386 3385
f 3381 3382 3387
f 3381 3387 3386
f 3382 3383 3388
f 3382 3388 3387
f 3383 3384 3389
f 3383 3389 3388
f 3384 3380 3385
f 3384 3385 3389
f 3385 3386 3387
f 3385 3387 3388
f 3385 3388 3389
v 127.1400 36.4800 0.0000
v 125.2900 32.1700 0.0000
v 127.8500 31.1700 0.0000
v 129.4900 35.3600 0.0000
v 127.1400 36.4800 0.0000
v 127.1400 36.4800 42.2000
v 125.2900 32.1700 42.2000
v 127.8500 31.1700 42.2000
v 129.4900 35.3600 42.2000
v 127.1400 36.4800 42.2000
f 3390 3391 3396
f 3390 3396 3395
f 3391 3392 3397
f 3391 3397 3396
f 3392 3393 3398
f 3392 3398 3397
f 3393 3394 3399
f 3393 3399 3398
f 3394 3390 3395
f 3394 3395 3399
f 3395 3396 3397
f 3395 3397 3398
f 3395 3398 3399
v 129.7000 -13.4100 0.0000
v 127.3300 -18.9900 0.0000
v 132.9800 -21.2300 0.0000
v 135.1200 -15.4700 0.0000
v 129.7000 -13.4100 0.0000
v 129.7000 -13.4100 42.2000
v 127.3300 -18.9900 42.2000
v 132.9800 -21.2300 42.2000
v 135.1200 -15.4700 42.2000
v 129.7000 -13.4100 42.2000
f 3400 3401 3406
f 3400 3406 3405
f 3401 3402 3407
f 3401 3407 3406
f 3402 3403 3408
f 3402 3408 3407
f 3403 3404 3409
f 3403 3409 3408
f 3404 3400 3405
f 3404 3405 3409
f 3405 3406 3407
f 3405 3407 3408
f 3405 3408 3409
v -137.0500 6.8400 0.0000
v -124.6800 3.2500 0.0000
v -127.2500 -5.6200 0.0000
v -126.6200 -5.8100 0.0000
v -129.7000 -16.4300 0.0000
v -142.7100 -12.6600 0.0000
v -137.0500 6.8400 0.0000
v -137.0500 6.8400 52.7000
v -124.6800 3.2500 52.7000
v -127.2500 -5.6200 52.7000
v -126.6200 -5.8100 52.7000
v -129.7000 -16.4300 52.7000
v -142.7100 -12.6600 52.7000
v -137.0500 6.8400 52.7000
f 3410 3411 3418
f 3410 3418 3417
f 3411 3412 3419
f 3411 3419 3418
f 3412 3413 3420
f 3412 3420 3419
f 3413 3414 3421
f 3413 3421 3420
f 3414 3415 3422
f 3414 3422 3421
f 3415 3416 3423
f 3415 3423 3422
f 3416 3410 3417
f 3416 3417 3423
f 3417 3418 3419
f 3417 3419 3420
f 3417 3420 3421
f 3417 3421 3422
f 3417 3422 3423
v 130.4900 23.4400 0.0000
v 127.7600 24.4900 0.0000
v 129.2400 27.9500 0.0000
v 132.0700 26.8300 0.0000
v 130.4900 23.4400 0.0000
v 130.4900 23.4400 42.2000
v 127.7600 24.4900 42.2000
v 129.2400 27.9500 42.2000
v 132.0700 26.8300 42.2000
v 130.4900 23.4400 42.2000
f 3424 3425 3430
f 3424 3430 3429
f 3425 3426 3431
f 3425 3431 3430
f 3426 3427 3432
f 3426 3432 3431
f 3427 3428 3433
f 3427 3433 3432
f 3428 3424 3429
f 3428 3429 3433
f 3429 3430 3431
f 3429 3431 3432
f 3429 3432 3433
v -80.1500 -106.2800 0.0000
v -79.4700 -104.8700 0.0000
v -76.3900 -106.3400 0.0000
v -77.0700 -107.7500 0.0000
v -77.2500 -107.6600 0.0000
v -78.6100 -107.0100 0.0000
v -79.9700 -106.3700 0.0000
v -80.1500 -106.2800 0.0000
v -80.1500 -106.2800 1.0000
v -79.4700 -104.8700 1.0000
v -76.3900 -106.3400 1.0000
v -77.0700 -107.7500 1.0000
v -77.2500 -107.6600 1.0000
v -78.6100 -107.0100 1.0000
v -79.9700 -106.3700 1.0000
v -80.1500 -106.2800 1.0000
f 3434 3435 3443
f 3434 3443 3442
f 3435 3436 3444
f 3435 3444 3443
f 3436 3437 3445
f 3436 3445 3444
f 3437 3438 3446
f 3437 3446 3445
f 3438 3439 3447
f 3438 3447 3446
f 3439 3440 3448
f 3439 3448 3447
f 3440 3441 3449
f 3440 3449 3448
f 3441 3434 3442
f 3441 3442 3449
f 3442 3443 3444
f 3442 3444 3445
f 3442 3445 3446
f 3442 3446 3447
f 3442 3447 3448
f 3442 3448 3449
v 131.8400 10.7500 0.0000
v 130.7300 7.0000 0.0000
v 133.1400 6.0800 0.0000
v 134.2700 9.8000 0.0000
v 131.8400 10.7500 0.0000
v 131.8400 10.7500 42.2000
v 130.7300 7.0000 42.2000
v 133.1400 6.0800 42.2000
v 134.2700 9.8000 42.2000
v 131.8400 10.7500 42.2000
f 3450 3451 3456
f 3450 3456 3455
f 3451 3452 3457
f 3451 3457 3456
f 3452 3453 3458
f 3452 3458 3457
f 3453 3454 3459
f 3453 3459 3458
f 3454 3450 3455
f 3454 3455 3459
f 3455 3456 3457
f 3455 3457 3458
f 3455 3458 3459
v -101.8600 -76.9300 0.0000
v -105.9800 -85.0800 0.0000
v -115.4200 -80.3700 0.0000
v -111.3000 -72.2100 0.0000
v -101.8600 -76.9300 0.0000
v -101.8600 -76.9300 38.2000
v -105.9800 -85.0800 38.2000
v -115.4200 -80.3700 38.2000
v -111.3000 -72.2100 38.2000
v -101.8600 -76.9300 38.2000
f 3460 3461 3466
f 3460 3466 3465
f 3461 3462 3467
f 3461 3467 3466
f 3462 3463 3468
f 3462 3468 3467
f 3463 3464 3469
f 3463 3469 3468
f 3464 3460 3465
f 3464 3465 3469
f 3465 3466 3467
f 3465 3467 3468
f 3465 3468 3469
v -120.9800 -55.8200 0.0000
v -120.1900 -56.0300 0.0000
v -120.4600 -57.0200 0.0000
v -121.2500 -56.8000 0.0000
v -121.1200 -56.3100 0.0000
v -120.9800 -55.8200 0.0000
v -120.9800 -55.8200 2.4000
v -120.1900 -56.0300 2.4000
v -120.4600 -57.0200 2.4000
v -121.2500 -56.8000 2.4000
v -121.1200 -56.3100 2.4000
v -120.9800 -55.8200 2.4000
f 3470 3471 3477
f 3470 3477 3476
f 3471 3472 3478
f 3471 3478 3477
f 3472 3473 3479
f 3472 3479 3478
f 3473 3474 3480
f 3473 3480 3479
f 3474 3475 3481
f 3474 3481 3480
f 3475 3470 3476
f 3475 3476 3481
f 3476 3477 3478
f 3476 3478 3479
f 3476 3479 3480
f 3476 3480 3481
v -68.3600 116.6700 0.0000
v -67.2500 120.1700 0.0000
v -57.7700 117.1900 0.0000
v -58.8600 113.6900 0.0000
v -68.3600 116.6700 0.0000
v -68.3600 116.6700 42.2000
v -67.2500 120.1700 42.2000
v -57.7700 117.1900 42.2000
v -58.8600 113.6900 42.2000
v -68.3600 116.6700 42.2000
f 3482 3483 3488
f 3482 3488 3487
f 3483 3484 3489
f 3483 3489 3488
f 3484 3485 3490
f 3484 3490 3489
f 3485 3486 3491
f 3485 3491 3490
f 3486 3482 3487
f 3486 3487 3491
f 3487 3488 3489
f 3487 3489 3490
f 3487 3490 3491
v -50.6400 -114.7500 0.0000
v -37.6200 -121.5200 0.0000
v -44.5000 -135.1000 0.0000
v -52.8800 -130.7600 0.0000
v -51.1300 -127.3000 0.0000
v -55.8500 -124.8600 0.0000
v -50.6400 -114.7500 0.0000
v -50.6400 -114.7500 24.9000
v -37.6200 -121.5200 24.9000
v -44.5000 -135.1000 24.9000
v -52.8800 -130.7600 24.9000
v -51.1300 -127.3000 24.9000
v -55.8500 -124.8600 24.9000
v -50.6400 -114.7500 24.9000
f 3492 3493 3500
f 3492 3500 3499
f 3493 3494 3501
f 3493 3501 3500
f 3494 3495 3502
f 3494 3502 3501
f 3495 3496 3503
f 3495 3503 3502
f 3496 3497 3504
f 3496 3504 3503
f 3497 3498 3505
f 3497 3505 3504
f 3498 3492 3499
f 3498 3499 3505
f 3499 3500 3501
f 3499 3501 3502
f 3499 3502 3503
f 3499 3503 3504
f 3499 3504 3505
v -121.7800 -55.5900 0.0000
v -120.9800 -55.8200 0.0000
v -121.1200 -56.3100 0.0000
v -121.2500 -56.8000 0.0000
v -122.0500 -56.5700 0.0000
v -121.7800 -55.5900 0.0000
v -121.7800 -55.5900 2.4000
v -120.9800 -55.8200 2.4000
v -121.1200 -56.3100 2.4000
v -121.2500 -56.8000 2.4000
v -122.0500 -56.5700 2.4000
v -121.7800 -55.5900 2.4000
f 3506 3507 3513
f 3506 3513 3512
f 3507 3508 3514
f 3507 3514 3513
f 3508 3509 3515
f 3508 3515 3514
f 3509 3510 3516
f 3509 3516 3515
f 3510 3511 3517
f 3510 3517 3516
f 3511 3506 3512
f 3511 3512 3517
f 3512 3513 3514
f 3512 3514 3515
f 3512 3515 3516
f 3512 3516 3517
v -12.5100 136.4100 0.0000
v -14.8500 127.2000 0.0000
v -19.1500 128.3000 0.0000
v -16.8100 137.5000 0.0000
v -12.5100 136.4100 0.0000
v -12.5100 136.4100 42.2000
v -14.8500 127.2000 42.2000
v -19.1500 128.3000 42.2000
v -16.8100 137.5000 42.2000
v -12.5100 136.4100 42.2000
f 3518 3519 3524
f 3518 3524 3523
f 3519 3520 3525
f 3519 3525 3524
f 3520 3521 3526
f 3520 3526 3525
f 3521 3522 3527
f 3521 3527 3526
f 3522 3518 3523
f 3522 3523 3527
f 3523 3524 3525
f 3523 3525 3526
f 3523 3526 3527
v 58.3400 128.5600 0.0000
v 60.0800 128.0400 0.0000
v 53.4900 111.2900 0.0000
v 51.7000 111.9900 0.0000
v 58.3400 128.5600 0.0000
v 58.3400 128.5600 42.2000
v 60.0800 128.0400 42.2000
v 53.4900 111.2900 42.2000
v 51.7000 111.9900 42.2000
v 58.3400 128.5600 42.2000
f 3528 3529 3534
f 3528 3534 3533
f 3529 3530 3535
f 3529 3535 3534
f 3530 3531 3536
f 3530 3536 3535
f 3531 3532 3537
f 3531 3537 3536
f 3532 3528 3533
f 3532 3533 3537
f 3533 3534 3535
f 3533 3535 3536
f 3533 3536 3537
v 132.9400 14.3800 0.0000
v 135.6900 13.2800 0.0000
v 134.2700 9.8000 0.0000
v 131.8400 10.7500 0.0000
v 132.9400 14.3800 0.0000
v 132.9400 14.3800 42.2000
v 135.6900 13.2800 42.2000
v 134.2700 9.8000 42.2000
v 131.8400 10.7500 42.2000
v 132.9400 14.3800 42.2000
f 3538 3539 3544
f 3538 3544 3543
f 3539 3540 3545
f 3539 3545 3544
f 3540 3541 3546
f 3540 3546 3545
f 3541 3542 3547
f 3541 3547 3546
f 3542 3538 3543
f 3542 3543 3547
f 3543 3544 3545
f 3543 3545 3546
f 3543 3546 3547
v -125.1200 56.3700 0.0000
v -129.0800 43.4900 0.0000
v -123.7100 41.8600 0.0000
v -119.7700 54.7400 0.0000
v -125.1200 56.3700 0.0000
v -125.1200 56.3700 22.0000
v -129.0800 43.4900 22.0000
v -123.7100 41.8600 22.0000
v -119.7700 54.7400 22.0000
v -125.1200 56.3700 22.0000
f 3548 3549 3554
f 3548 3554 3553
f 3549 3550 3555
f 3549 3555 3554
f 3550 3551 3556
f 3550 3556 3555
f 3551 3552 3557
f 3551 3557 3556
f 3552 3548 3553
f 3552 3553 3557
f 3553 3554 3555
f 3553 3555 3556
f 3553 3556 3557
v 41.7000 130.0800 0.0000
v 44.5000 129.1400 0.0000
v 43.4000 124.3900 0.0000
v 40.1700 125.2600 0.0000
v 41.7000 130.0800 0.0000
v 41.7000 130.0800 42.2000
v 44.5000 129.1400 42.2000
v 43.4000 124.3900 42.2000
v 40.1700 125.2600 42.2000
v 41.7000 130.0800 42.2000
f 3558 3559 3564
f 3558 3564 3563
f 3559 3560 3565
f 3559 3565 3564
f 3560 3561 3566
f 3560 3566 3565
f 3561 3562 3567
f 3561 3567 3566
f 3562 3558 3563
f 3562 3563 3567
f 3563 3564 3565
f 3563 3565 3566
f 3563 3566 3567
v -134.1100 22.3500 0.0000
v -128.9100 20.8500 0.0000
v -133.0700 6.4700 0.0000
v -138.2700 7.9700 0.0000
v -134.1100 22.3500 0.0000
v -134.1100 22.3500 10.6000
v -128.9100 20.8500 10.6000
v -133.0700 6.4700 10.6000
v -138.2700 7.9700 10.6000
v -134.1100 22.3500 10.6000
f 3568 3569 3574
f 3568 3574 3573
f 3569 3570 3575
f 3569 3575 3574
f 3570 3571 3576
f 3570 3576 3575
f 3571 3572 3577
f 3571 3577 3576
f 3572 3568 3573
f 3572 3573 3577
f 3573 3574 3575
f 3573 3575 3576
f 3573 3576 3577
v 44.5000 129.1400 0.0000
v 48.1500 128.0100 0.0000
v 46.8900 123.2100 0.0000
v 43.4000 124.3900 0.0000
v 44.5000 129.1400 0.0000
v 44.5000 129.1400 42.2000
v 48.1500 128.0100 42.2000
v 46.8900 123.2100 42.2000
v 43.4000 124.3900 42.2000
v 44.5000 129.1400 42.2000
f 3578 3579 3584
f 3578 3584 3583
f 3579 3580 3585
f 3579 3585 3584
f 3580 3581 3586
f 3580 3586 3585
f 3581 3582 3587
f 3581 3587 3586
f 3582 3578 3583
f 3582 3583 3587
f 3583 3584 3585
f 3583 3585 3586
f 3583 3586 3587
v -82.0400 -110.2200 0.0000
v -82.6700 -109.9200 0.0000
v -80.1100 -104.5600 0.0000
v -79.4700 -104.8700 0.0000
v -80.1500 -106.2800 0.0000
v -82.0400 -110.2200 0.0000
v -82.0400 -110.2200 1.0000
v -82.6700 -109.9200 1.0000
v -80.1100 -104.5600 1.0000
v -79.4700 -104.8700 1.0000
v -80.1500 -106.2800 1.0000
v -82.0400 -110.2200 1.0000
f 3588 3589 3595
f 3588 3595 3594
f 3589 3590 3596
f 3589 3596 3595
f 3590 3591 3597
f 3590 3597 3596
f 3591 3592 3598
f 3591 3598 3597
f 3592 3593 3599
f 3592 3599 3598
f 3593 3588 3594
f 3593 3594 3599
f 3594 3595 3596
f 3594 3596 3597
f 3594 3597 3598
f 3594 3598 3599
v 133.0700 22.4400 0.0000
v 130.4900 23.4400 0.0000
v 132.0700 26.8300 0.0000
v 134.3200 25.9400 0.0000
v 133.0700 22.4400 0.0000
v 133.0700 22.4400 42.2000
v 130.4900 23.4400 42.2000
v 132.0700 26.8300 42.2000
v 134.3200 25.9400 42.2000
v 133.0700 22.4400 42.2000
f 3600 3601 3606
f 3600 3606 3605
f 3601 3602 3607
f 3601 3607 3606
f 3602 3603 3608
f 3602 3608 3607
f 3603 3604 3609
f 3603 3609 3608
f 3604 3600 3605
f 3604 3605 3609
f 3605 3606 3607
f 3605 3607 3608
f 3605 3608 3609
v 129.1900 19.6800 0.0000
v 136.9300 16.8200 0.0000
v 138.3500 20.4200 0.0000
v 135.6000 21.4700 0.0000
v 133.0700 22.4400 0.0000
v 130.4900 23.4400 0.0000
v 129.1900 19.6800 0.0000
v 129.1900 19.6800 42.2000
v 136.9300 16.8200 42.2000
v 138.3500 20.4200 42.2000
v 135.6000 21.4700 42.2000
v 133.0700 22.4400 42.2000
v 130.4900 23.4400 42.2000
v 129.1900 19.6800 42.2000
f 3610 3611 3618
f 3610 3618 3617
f 3611 3612 3619
f 3611 3619 3618
f 3612 3613 3620
f 3612 3620 3619
f 3613 3614 3621
f 3613 3621 3620
f 3614 3615 3622
f 3614 3622 3621
f 3615 3616 3623
f 3615 3623 3622
f 3616 3610 3617
f 3616 3617 3623
f 3617 3618 3619
f 3617 3619 3620
f 3617 3620 3621
f 3617 3621 3622
f 3617 3622 3623
v 129.4900 35.3600 0.0000
v 127.8500 31.1700 0.0000
v 132.8400 29.2300 0.0000
v 134.3700 33.4500 0.0000
v 129.4900 35.3600 0.0000
v 129.4900 35.3600 42.2000
v 127.8500 31.1700 42.2000
v 132.8400 29.2300 42.2000
v 134.3700 33.4500 42.2000
v 129.4900 35.3600 42.2000
f 3624 3625 3630
f 3624 3630 3629
f 3625 3626 3631
f 3625 3631 3630
f 3626 3627 3632
f 3626 3632 3631
f 3627 3628 3633
f 3627 3633 3632
f 3628 3624 3629
f 3628 3629 3633
f 3629 3630 3631
f 3629 3631 3632
f 3629 3632 3633
v 134.2700 9.8000 0.0000
v 133.1400 6.0800 0.0000
v 135.6900 5.1000 0.0000
v 137.0000 8.7400 0.0000
v 134.2700 9.8000 0.0000
v 134.2700 9.8000 42.2000
v 133.1400 6.0800 42.2000
v 135.6900 5.1000 42.2000
v 137.0000 8.7400 42.2000
v 134.2700 9.8000 42.2000
f 3634 3635 3640
f 3634 3640 3639
f 3635 3636 3641
f 3635 3641 3640
f 3636 3637 3642
f 3636 3642 3641
f 3637 3638 3643
f 3637 3643 3642
f 3638 3634 3639
f 3638 3639 3643
f 3639 3640 3641
f 3639 3641 3642
f 3639 3642 3643
v -51.9800 128.4800 0.0000
v -42.6000 125.6100 0.0000
v -43.5800 122.4400 0.0000
v -52.9500 125.3100 0.0000
v -51.9800 128.4800 0.0000
v -51.9800 128.4800 42.2000
v -42.6000 125.6100 42.2000
v -43.5800 122.4400 42.2000
v -52.9500 125.3100 42.2000
v -51.9800 128.4800 42.2000
f 3644 3645 3650
f 3644 3650 3649
f 3645 3646 3651
f 3645 3651 3650
f 3646 3647 3652
f 3646 3652 3651
f 3647 3648 3653
f 3647 3653 3652
f 3648 3644 3649
f 3648 3649 3653
f 3649 3650 3651
f 3649 3651 3652
f 3649 3652 3653
v -107.1300 76.3000 0.0000
v -108.5400 71.9200 0.0000
v -119.7900 75.5600 0.0000
v -118.3800 79.9300 0.0000
v -107.1300 76.3000 0.0000
v -107.1300 76.3000 42.2000
v -108.5400 71.9200 42.2000
v -119.7900 75.5600 42.2000
v -118.3800 79.9300 42.2000
v -107.1300 76.3000 42.2000
f 3654 3655 3660
f 3654 3660 3659
f 3655 3656 3661
f 3655 3661 3660
f 3656 3657 3662
f 3656 3662 3661
f 3657 3658 3663
f 3657 3663 3662
f 3658 3654 3659
f 3658 3659 3663
f 3659 3660 3661
f 3659 3661 3662
f 3659 3662 3663
v 11.6400 141.9800 0.0000
v 20.3700 139.8600 0.0000
v 20.9900 138.0100 0.0000
v 15.0600 122.8600 0.0000
v 6.2900 125.2500 0.0000
v 11.6400 141.9800 0.0000
v 11.6400 141.9800 42.2000
v 20.3700 139.8600 42.2000
v 20.9900 138.0100 42.2000
v 15.0600 122.8600 42.2000
v 6.2900 125.2500 42.2000
v 11.6400 141.9800 42.2000
f 3664 3665 3671
f 3664 3671 3670
f 3665 3666 3672
f 3665 3672 3671
f 3666 3667 3673
f 3666 3673 3672
f 3667 3668 3674
f 3667 3674 3673
f 3668 3669 3675
f 3668 3675 3674
f 3669 3664 3670
f 3669 3670 3675
f 3670 3671 3672
f 3670 3672 3673
f 3670 3673 3674
f 3670 3674 3675
v -116.8800 -63.9000 0.0000
v -113.4800 -64.8500 0.0000
v -119.3600 -76.6000 0.0000
v -121.2400 -75.8900 0.0000
v -116.8800 -63.9000 0.0000
v -116.8800 -63.9000 7.6000
v -113.4800 -64.8500 7.6000
v -119.3600 -76.6000 7.6000
v -121.2400 -75.8900 7.6000
v -116.8800 -63.9000 7.6000
f 3676 3677 3682
f 3676 3682 3681
f 3677 3678 3683
f 3677 3683 3682
f 3678 3679 3684
f 3678 3684 3683
f 3679 3680 3685
f 3679 3685 3684
f 3680 3676 3681
f 3680 3681 3685
f 3681 3682 3683
f 3681 3683 3684
f 3681 3684 3685
v -120.6000 74.8800 0.0000
v -109.1400 70.9100 0.0000
v -112.5300 61.1300 0.0000
v -124.0000 65.1000 0.0000
v -120.6000 74.8800 0.0000
v -120.6000 74.8800 42.2000
v -109.1400 70.9100 42.2000
v -112.5300 61.1300 42.2000
v -124.0000 65.1000 42.2000
v -120.6000 74.8800 42.2000
f 3686 3687 3692
f 3686 3692 3691
f 3687 3688 3693
f 3687 3693 3692
f 3688 3689 3694
f 3688 3694 3693
f 3689 3690 3695
f 3689 3695 3694
f 3690 3686 3691
f 3690 3691 3695
f 3691 3692 3693
f 3691 3693 3694
f 3691 3694 3695
v 33.7500 135.8500 0.0000
v 40.8800 133.8700 0.0000
v 38.2800 125.7500 0.0000
v 31.3300 127.6100 0.0000
v 33.7500 135.8500 0.0000
v 33.7500 135.8500 42.2000
v 40.8800 133.8700 42.2000
v 38.2800 125.7500 42.2000
v 31.3300 127.6100 42.2000
v 33.7500 135.8500 42.2000
f 3696 3697 3702
f 3696 3702 3701
f 3697 3698 3703
f 3697 3703 3702
f 3698 3699 3704
f 3698 3704 3703
f 3699 3700 3705
f 3699 3705 3704
f 3700 3696 3701
f 3700 3701 3705
f 3701 3702 3703
f 3701 3703 3704
f 3701 3704 3705
v 60.5400 128.4400 0.0000
v 68.7200 125.9400 0.0000
v 71.4200 121.0200 0.0000
v 66.4600 108.1500 0.0000
v 54.7600 112.4400 0.0000
v 60.5400 128.4400 0.0000
v 60.5400 128.4400 42.2000
v 68.7200 125.9400 42.2000
v 71.4200 121.0200 42.2000
v 66.4600 108.1500 42.2000
v 54.7600 112.4400 42.2000
v 60.5400 128.4400 42.2000
f 3706 3707 3713
f 3706 3713 3712
f 3707 3708 3714
f 3707 3714 3713
f 3708 3709 3715
f 3708 3715 3714
f 3709 3710 3716
f 3709 3716 3715
f 3710 3711 3717
f 3710 3717 3716
f 3711 3706 3712
f 3711 3712 3717
f 3712 3713 3714
f 3712 3714 3715
f 3712 3715 3716
f 3712 3716 3717
v 135.6900 13.2800 0.0000
v 134.2700 9.8000 0.0000
v 137.0000 8.7400 0.0000
v 138.2200 12.2600 0.0000
v 135.6900 13.2800 0.0000
v 135.6900 13.2800 42.2000
v 134.2700 9.8000 42.2000
v 137.0000 8.7400 42.2000
v 138.2200 12.2600 42.2000
v 135.6900 13.2800 42.2000
f 3718 3719 3724
f 3718 3724 3723
f 3719 3720 3725
f 3719 3725 3724
f 3720 3721 3726
f 3720 3726 3725
f 3721 3722 3727
f 3721 3727 3726
f 3722 3718 3723
f 3722 3723 3727
f 3723 3724 3725
f 3723 3725 3726
f 3723 3726 3727
v -66.9600 121.0900 0.0000
v -65.8400 125.1600 0.0000
v -56.3100 122.5400 0.0000
v -57.4300 118.4800 0.0000
v -66.9600 121.0900 0.0000
v -66.9600 121.0900 42.2000
v -65.8400 125.1600 42.2000
v -56.3100 122.5400 42.2000
v -57.4300 118.4800 42.2000
v -66.9600 121.0900 42.2000
f 3728 3729 3734
f 3728 3734 3733
f 3729 3730 3735
f 3729 3735 3734
f 3730 3731 3736
f 3730 3736 3735
f 3731 3732 3737
f 3731 3737 3736
f 3732 3728 3733
f 3732 3733 3737
f 3733 3734 3735
f 3733 3735 3736
f 3733 3736 3737
v 135.6000 21.4700 0.0000
v 133.0700 22.4400 0.0000
v 134.3200 25.9400 0.0000
v 136.8100 24.9600 0.0000
v 135.6000 21.4700 0.0000
v 135.6000 21.4700 42.2000
v 133.0700 22.4400 42.2000
v 134.3200 25.9400 42.2000
v 136.8100 24.9600 42.2000
v 135.6000 21.4700 42.2000
f 3738 3739 3744
f 3738 3744 3743
f 3739 3740 3745
f 3739 3745 3744
f 3740 3741 3746
f 3740 3746 3745
f 3741 3742 3747
f 3741 3747 3746
f 3742 3738 3743
f 3742 3743 3747
f 3743 3744 3745
f 3743 3745 3746
f 3743 3746 3747
v 49.1300 131.5900 0.0000
v 56.3800 129.5800 0.0000
v 53.1100 121.5800 0.0000
v 46.8900 123.2100 0.0000
v 48.1500 128.0100 0.0000
v 49.1300 131.5900 0.0000
v 49.1300 131.5900 42.2000
v 56.3800 129.5800 42.2000
v 53.1100 121.5800 42.2000
v 46.8900 123.2100 42.2000
v 48.1500 128.0100 42.2000
v 49.1300 131.5900 42.2000
f 3748 3749 3755
f 3748 3755 3754
f 3749 3750 3756
f 3749 3756 3755
f 3750 3751 3757
f 3750 3757 3756
f 3751 3752 3758
f 3751 3758 3757
f 3752 3753 3759
f 3752 3759 3758
f 3753 3748 3754
f 3753 3754 3759
f 3754 3755 3756
f 3754 3756 3757
f 3754 3757 3758
f 3754 3758 3759
v 108.2500 73.8600 0.0000
v 114.9200 88.6900 0.0000
v 121.5400 85.7800 0.0000
v 116.2600 72.7000 0.0000
v 112.6400 73.8300 0.0000
v 111.9400 72.2000 0.0000
v 108.2500 73.8600 0.0000
v 108.2500 73.8600 42.2000
v 114.9200 88.6900 42.2000
v 121.5400 85.7800 42.2000
v 116.2600 72.7000 42.2000
v 112.6400 73.8300 42.2000
v 111.9400 72.2000 42.2000
v 108.2500 73.8600 42.2000
f 3760 3761 3768
f 3760 3768 3767
f 3761 3762 3769
f 3761 3769 3768
f 3762 3763 3770
f 3762 3770 3769
f 3763 3764 3771
f 3763 3771 3770
f 3764 3765 3772
f 3764 3772 3771
f 3765 3766 3773
f 3765 3773 3772
f 3766 3760 3767
f 3766 3767 3773
f 3767 3768 3769
f 3767 3769 3770
f 3767 3770 3771
f 3767 3771 3772
f 3767 3772 3773
v 27.7600 136.8800 0.0000
v 28.8900 137.2000 0.0000
v 33.7500 135.8500 0.0000
v 31.3300 127.6100 0.0000
v 24.1400 129.6400 0.0000
v 26.3400 135.5200 0.0000
v 27.7600 136.8800 0.0000
v 27.7600 136.8800 42.2000
v 28.8900 137.2000 42.2000
v 33.7500 135.8500 42.2000
v 31.3300 127.6100 42.2000
v 24.1400 129.6400 42.2000
v 26.3400 135.5200 42.2000
v 27.7600 136.8800 42.2000
f 3774 3775 3782
f 3774 3782 3781
f 3775 3776 3783
f 3775 3783 3782
f 3776 3777 3784
f 3776 3784 3783
f 3777 3778 3785
f 3777 3785 3784
f 3778 3779 3786
f 3778 3786 3785
f 3779 3780 3787
f 3779 3787 3786
f 3780 3774 3781
f 3780 3781 3787
f 3781 3782 3783
f 3781 3783 3784
f 3781 3784 3785
f 3781 3785 3786
f 3781 3786 3787
v -34.9700 -136.0000 0.0000
v -32.6000 -131.3800 0.0000
v -28.0000 -129.5100 0.0000
v -22.5500 -131.9000 0.0000
v -26.7100 -140.1600 0.0000
v -34.9700 -136.0000 0.0000
v -34.9700 -136.0000 13.9000
v -32.6000 -131.3800 13.9000
v -28.0000 -129.5100 13.9000
v -22.5500 -131.9000 13.9000
v -26.7100 -140.1600 13.9000
v -34.9700 -136.0000 13.9000
f 3788 3789 3795
f 3788 3795 3794
f 3789 3790 3796
f 3789 3796 3795
f 3790 3791 3797
f 3790 3797 3796
f 3791 3792 3798
f 3791 3798 3797
f 3792 3793 3799
f 3792 3799 3798
f 3793 3788 3794
f 3793 3794 3799
f 3794 3795 3796
f 3794 3796 3797
f 3794 3797 3798
f 3794 3798 3799
v 137.0000 8.7400 0.0000
v 135.6900 5.1000 0.0000
v 138.5800 4.0000 0.0000
v 139.9400 7.6000 0.0000
v 137.0000 8.7400 0.0000
v 137.0000 8.7400 42.2000
v 135.6900 5.1000 42.2000
v 138.5800 4.0000 42.2000
v 139.9400 7.6000 42.2000
v 137.0000 8.7400 42.2000
f 3800 3801 3806
f 3800 3806 3805
f 3801 3802 3807
f 3801 3807 3806
f 3802 3803 3808
f 3802 3808 3807
f 3803 3804 3809
f 3803 3809 3808
f 3804 3800 3805
f 3804 3805 3809
f 3805 3806 3807
f 3805 3807 3808
f 3805 3808 3809
v -70.3700 -105.3300 0.0000
v -64.2300 -108.2200 0.0000
v -64.2700 -108.3200 0.0000
v -62.6000 -109.1200 0.0000
v -67.8900 -120.1600 0.0000
v -66.0200 -121.0500 0.0000
v -66.0800 -121.1700 0.0000
v -65.3100 -121.5400 0.0000
v -69.1000 -129.3400 0.0000
v -69.8400 -128.9900 0.0000
v -69.9300 -129.1800 0.0000
v -70.4300 -130.1900 0.0000
v -73.1600 -128.8700 0.0000
v -73.2000 -128.9600 0.0000
v -77.5800 -126.8900 0.0000
v -79.1800 -122.0000 0.0000
v -71.2800 -105.7100 0.0000
v -70.3700 -105.3300 0.0000
v -70.3700 -105.3300 44.2000
v -64.2300 -108.2200 44.2000
v -64.2700 -108.3200 44.2000
v -62.6000 -109.1200 44.2000
v -67.8900 -120.1600 44.2000
v -66.0200 -121.0500 44.2000
v -66.0800 -121.1700 44.2000
v -65.3100 -121.5400 44.2000
v -69.1000 -129.3400 44.2000
v -69.8400 -128.9900 44.2000
v -69.9300 -129.1800 44.2000
v -70.4300 -130.1900 44.2000
v -73.1600 -128.8700 44.2000
v -73.2000 -128.9600 44.2000
v -77.5800 -126.8900 44.2000
v -79.1800 -122.0000 44.2000
v -71.2800 -105.7100 44.2000
v -70.3700 -105.3300 44.2000
f 3810 3811 3829
f 3810 3829 3828
f 3811 3812 3830
f 3811 3830 3829
f 3812 3813 3831
f 3812 3831 3830
f 3813 3814 3832
f 3813 3832 3831
f 3814 3815 3833
f 3814 3833 3832
f 3815 3816 3834
f 3815 3834 3833
f 3816 3817 3835
f 3816 3835 3834
f 3817 3818 3836
f 3817 3836 3835
f 3818 3819 3837
f 3818 3837 3836
f 3819 3820 3838
f 3819 3838 3837
f 3820 3821 3839
f 3820 3839 3838
f 3821 3822 3840
f 3821 3840 3839
f 3822 3823 3841
f 3822 3841 3840
f 3823 3824 3842
f 3823 3842 3841
f 3824 3825 3843
f 3824 3843 3842
f 3825 3826 3844
f 3825 3844 3843
f 3826 3827 3845
f 3826 3845 3844
f 3827 3810 3828
f 3827 3828 3845
f 3828 3829 3830
f 3828 3830 3831
f 3828 3831 3832
f 3828 3832 3833
f 3828 3833 3834
f 3828 3834 3835
f 3828 3835 3836
f 3828 3836 3837
f 3828 3837 3838
f 3828 3838 3839
f 3828 3839 3840
f 3828 3840 3841
f 3828 3841 3842
f 3828 3842 3843
f 3828 3843 3844
f 3828 3844 3845
v 134.3700 33.4500 0.0000
v 132.8400 29.2300 0.0000
v 135.2200 28.3000 0.0000
v 137.1100 32.6700 0.0000
v 134.3700 33.4500 0.0000
v 134.3700 33.4500 42.2000
v 132.8400 29.2300 42.2000
v 135.2200 28.3000 42.2000
v 137.1100 32.6700 42.2000
v 134.3700 33.4500 42.2000
f 3846 3847 3852
f 3846 3852 3851
f 3847 3848 3853
f 3847 3853 3852
f 3848 3849 3854
f 3848 3854 3853
f 3849 3850 3855
f 3849 3855 3854
f 3850 3846 3851
f 3850 3851 3855
f 3851 3852 3853
f 3851 3853 3854
f 3851 3854 3855
v 3.2100 145.0900 0.0000
v 11.1100 143.1100 0.0000
v 5.7000 125.3000 0.0000
v -3.9100 128.3600 0.0000
v 0.9000 144.0300 0.0000
v 3.2100 145.0900 0.0000
v 3.2100 145.0900 42.2000
v 11.1100 143.1100 42.2000
v 5.7000 125.3000 42.2000
v -3.9100 128.3600 42.2000
v 0.9000 144.0300 42.2000
v 3.2100 145.0900 42.2000
f 3856 3857 3863
f 3856 3863 3862
f 3857 3858 3864
f 3857 3864 3863
f 3858 3859 3865
f 3858 3865 3864
f 3859 3860 3866
f 3859 3866 3865
f 3860 3861 3867
f 3860 3867 3866
f 3861 3856 3862
f 3861 3862 3867
f 3862 3863 3864
f 3862 3864 3865
f 3862 3865 3866
f 3862 3866 3867
v -51.8100 -127.5600 0.0000
v -53.5800 -130.9700 0.0000
v -44.8100 -135.5000 0.0000
v -46.9000 -139.5600 0.0000
v -50.9700 -140.8100 0.0000
v -68.6900 -131.6500 0.0000
v -63.0900 -120.7900 0.0000
v -65.6400 -119.4800 0.0000
v -60.7300 -109.9700 0.0000
v -51.2900 -114.8500 0.0000
v -56.5900 -125.1000 0.0000
v -51.8100 -127.5600 0.0000
v -51.8100 -127.5600 26.7000
v -53.5800 -130.9700 26.7000
v -44.8100 -135.5000 26.7000
v -46.9000 -139.5600 26.7000
v -50.9700 -140.8100 26.7000
v -68.6900 -131.6500 26.7000
v -63.0900 -120.7900 26.7000
v -65.6400 -119.4800 26.7000
v -60.7300 -109.9700 26.7000
v -51.2900 -114.8500 26.7000
v -56.5900 -125.1000 26.7000
v -51.8100 -127.5600 26.7000
f 3868 3869 3881
f 3868 3881 3880
f 3869 3870 3882
f 3869 3882 3881
f 3870 3871 3883
f 3870 3883 3882
f 3871 3872 3884
f 3871 3884 3883
f 3872 3873 3885
f 3872 3885 3884
f 3873 3874 3886
f 3873 3886 3885
f 3874 3875 3887
f 3874 3887 3886
f 3875 3876 3888
f 3875 3888 3887
f 3876 3877 3889
f 3876 3889 3888
f 3877 3878 3890
f 3877 3890 3889
f 3878 3879 3891
f 3878 3891 3890
f 3879 3868 3880
f 3879 3880 3891
f 3880 3881 3882
f 3880 3882 3883
f 3880 3883 3884
f 3880 3884 3885
f 3880 3885 3886
f 3880 3886 3887
f 3880 3887 3888
f 3880 3888 3889
f 3880 3889 3890
f 3880 3890 3891
v 42.6700 133.3800 0.0000
v 45.6300 132.5600 0.0000
v 44.5000 129.1400 0.0000
v 41.7000 130.0800 0.0000
v 42.6700 133.3800 0.0000
v 42.6700 133.3800 42.2000
v 45.6300 132.5600 42.2000
v 44.5000 129.1400 42.2000
v 41.7000 130.0800 42.2000
v 42.6700 133.3800 42.2000
f 3892 3893 3898
f 3892 3898 3897
f 3893 3894 3899
f 3893 3899 3898
f 3894 3895 3900
f 3894 3900 3899
f 3895 3896 3901
f 3895 3901 3900
f 3896 3892 3897
f 3896 3897 3901
f 3897 3898 3899
f 3897 3899 3900
f 3897 3900 3901
v 45.6300 132.5600 0.0000
v 49.1300 131.5900 0.0000
v 48.1500 128.0100 0.0000
v 44.5000 129.1400 0.0000
v 45.6300 132.5600 0.0000
v 45.6300 132.5600 42.2000
v 49.1300 131.5900 42.2000
v 48.1500 128.0100 42.2000
v 44.5000 129.1400 42.2000
v 45.6300 132.5600 42.2000
f 3902 3903 3908
f 3902 3908 3907
f 3903 3904 3909
f 3903 3909 3908
f 3904 3905 3910
f 3904 3910 3909
f 3905 3906 3911
f 3905 3911 3910
f 3906 3902 3907
f 3906 3907 3911
f 3907 3908 3909
f 3907 3909 3910
f 3907 3910 3911
v -106.2000 -85.5000 0.0000
v -107.5500 -88.1700 0.0000
v -116.9700 -83.4600 0.0000
v -115.6200 -80.8000 0.0000
v -106.2000 -85.5000 0.0000
v -106.2000 -85.5000 10.5000
v -107.5500 -88.1700 10.5000
v -116.9700 -83.4600 10.5000
v -115.6200 -80.8000 10.5000
v -106.2000 -85.5000 10.5000
f 3912 3913 3918
f 3912 3918 3917
f 3913 3914 3919
f 3913 3919 3918
f 3914 3915 3920
f 3914 3920 3919
f 3915 3916 3921
f 3915 3921 3920
f 3916 3912 3917
f 3916 3917 3921
f 3917 3918 3919
f 3917 3919 3920
f 3917 3920 3921
v -79.5000 117.3400 0.0000
v -83.4100 102.6900 0.0000
v -87.6300 104.0100 0.0000
v -83.6800 118.5400 0.0000
v -79.5000 117.3400 0.0000
v -79.5000 117.3400 19.0000
v -83.4100 102.6900 19.0000
v -87.6300 104.0100 19.0000
v -83.6800 118.5400 19.0000
v -79.5000 117.3400 19.0000
f 3922 3923 3928
f 3922 3928 3927
f 3923 3924 3929
f 3923 3929 3928
f 3924 3925 3930
f 3924 3930 3929
f 3925 3926 3931
f 3925 3931 3930
f 3926 3922 3927
f 3926 3927 3931
f 3927 3928 3929
f 3927 3929 3930
f 3927 3930 3931
v 138.2200 12.2600 0.0000
v 141.2300 11.0500 0.0000
v 139.9400 7.6000 0.0000
v 137.0000 8.7400 0.0000
v 138.2200 12.2600 0.0000
v 138.2200 12.2600 42.2000
v 141.2300 11.0500 42.2000
v 139.9400 7.6000 42.2000
v 137.0000 8.7400 42.2000
v 138.2200 12.2600 42.2000
f 3932 3933 3938
f 3932 3938 3937
f 3933 3934 3939
f 3933 3939 3938
f 3934 3935 3940
f 3934 3940 3939
f 3935 3936 3941
f 3935 3941 3940
f 3936 3932 3937
f 3936 3937 3941
f 3937 3938 3939
f 3937 3939 3940
f 3937 3940 3941
v -80.8000 127.2500 0.0000
v -70.6800 124.3400 0.0000
v -77.0600 100.7300 0.0000
v -78.2100 100.0000 0.0000
v -82.9900 101.4800 0.0000
v -78.9000 117.9100 0.0000
v -83.3400 118.9400 0.0000
v -80.8000 127.2500 0.0000
v -80.8000 127.2500 15.2000
v -70.6800 124.3400 15.2000
v -77.0600 100.7300 15.2000
v -78.2100 100.0000 15.2000
v -82.9900 101.4800 15.2000
v -78.9000 117.9100 15.2000
v -83.3400 118.9400 15.2000
v -80.8000 127.2500 15.2000
f 3942 3943 3951
f 3942 3951 3950
f 3943 3944 3952
f 3943 3952 3951
f 3944 3945 3953
f 3944 3953 3952
f 3945 3946 3954
f 3945 3954 3953
f 3946 3947 3955
f 3946 3955 3954
f 3947 3948 3956
f 3947 3956 3955
f 3948 3949 3957
f 3948 3957 3956
f 3949 3942 3950
f 3949 3950 3957
f 3950 3951 3952
f 3950 3952 3953
f 3950 3953 3954
f 3950 3954 3955
f 3950 3955 3956
f 3950 3956 3957
v 56.9500 -119.6400 0.0000
v 63.7500 -121.9600 0.0000
v 55.6100 -139.6300 0.0000
v 49.1200 -136.6300 0.0000
v 56.9500 -119.6400 0.0000
v 56.9500 -119.6400 39.5000
v 63.7500 -121.9600 39.5000
v 55.6100 -139.6300 39.5000
v 49.1200 -136.6300 39.5000
v 56.9500 -119.6400 39.5000
f 3958 3959 3964
f 3958 3964 3963
f 3959 3960 3965
f 3959 3965 3964
f 3960 3961 3966
f 3960 3966 3965
f 3961 3962 3967
f 3961 3967 3966
f 3962 3958 3963
f 3962 3963 3967
f 3963 3964 3965
f 3963 3965 3966
f 3963 3966 3967
v 86.6600 118.5800 0.0000
v 103.8000 111.9000 0.0000
v 100.6100 98.8200 0.0000
v 101.5300 95.7600 0.0000
v 98.8200 86.2900 0.0000
v 78.1600 93.5100 0.0000
v 86.6600 118.5800 0.0000
v 86.6600 118.5800 30.4000
v 103.8000 111.9000 30.4000
v 100.6100 98.8200 30.4000
v 101.5300 95.7600 30.4000
v 98.8200 86.2900 30.4000
v 78.1600 93.5100 30.4000
v 86.6600 118.5800 30.4000
f 3968 3969 3976
f 3968 3976 3975
f 3969 3970 3977
f 3969 3977 3976
f 3970 3971 3978
f 3970 3978 3977
f 3971 3972 3979
f 3971 3979 3978
f 3972 3973 3980
f 3972 3980 3979
f 3973 3974 3981
f 3973 3981 3980
f 3974 3968 3975
f 3974 3975 3981
f 3975 3976 3977
f 3975 3977 3978
f 3975 3978 3979
f 3975 3979 3980
f 3975 3980 3981
v 138.3500 20.4200 0.0000
v 135.6000 21.4700 0.0000
v 136.8100 24.9600 0.0000
v 139.7000 23.8100 0.0000
v 138.3500 20.4200 0.0000
v 138.3500 20.4200 42.2000
v 135.6000 21.4700 42.2000
v 136.8100 24.9600 42.2000
v 139.7000 23.8100 42.2000
v 138.3500 20.4200 42.2000
f 3982 3983 3988
f 3982 3988 3987
f 3983 3984 3989
f 3983 3989 3988
f 3984 3985 3990
f 3984 3990 3989
f 3985 3986 3991
f 3985 3991 3990
f 3986 3982 3987
f 3986 3987 3991
f 3987 3988 3989
f 3987 3989 3990
f 3987 3990 3991
v -96.1800 -103.4800 0.0000
v -108.4000 -97.3800 0.0000
v -105.2800 -91.2300 0.0000
v -104.8200 -91.4600 0.0000
v -104.2600 -90.3100 0.0000
v -92.5400 -96.1800 0.0000
v -96.1800 -103.4800 0.0000
v -96.1800 -103.4800 15.4000
v -108.4000 -97.3800 15.4000
v -105.2800 -91.2300 15.4000
v -104.8200 -91.4600 15.4000
v -104.2600 -90.3100 15.4000
v -92.5400 -96.1800 15.4000
v -96.1800 -103.4800 15.4000
f 3992 3993 4000
f 3992 4000 3999
f 3993 3994 4001
f 3993 4001 4000
f 3994 3995 4002
f 3994 4002 4001
f 3995 3996 4003
f 3995 4003 4002
f 3996 3997 4004
f 3996 4004 4003
f 3997 3998 4005
f 3997 4005 4004
f 3998 3992 3999
f 3998 3999 4005
f 3999 4000 4001
f 3999 4001 4002
f 3999 4002 4003
f 3999 4003 4004
f 3999 4004 4005
v -49.8500 135.8400 0.0000
v -40.4700 133.0000 0.0000
v -42.3800 126.6500 0.0000
v -51.7700 129.4900 0.0000
v -49.8500 135.8400 0.0000
v -49.8500 135.8400 42.2000
v -40.4700 133.0000 42.2000
v -42.3800 126.6500 42.2000
v -51.7700 129.4900 42.2000
v -49.8500 135.8400 42.2000
f 4006 4007 4012
f 4006 4012 4011
f 4007 4008 4013
f 4007 4013 4012
f 4008 4009 4014
f 4008 4014 4013
f 4009 4010 4015
f 4009 4015 4014
f 4010 4006 4011
f 4010 4011 4015
f 4011 4012 4013
f 4011 4013 4014
f 4011 4014 4015
v 128.2400 51.3600 0.0000
v 124.5300 42.2800 0.0000
v 130.4900 39.8700 0.0000
v 129.7100 37.8700 0.0000
v 136.8500 35.3800 0.0000
v 141.6900 48.1300 0.0000
v 139.4900 48.9700 0.0000
v 138.4600 46.9200 0.0000
v 128.2400 51.3600 0.0000
v 128.2400 51.3600 42.2000
v 124.5300 42.2800 42.2000
v 130.4900 39.8700 42.2000
v 129.7100 37.8700 42.2000
v 136.8500 35.3800 42.2000
v 141.6900 48.1300 42.2000
v 139.4900 48.9700 42.2000
v 138.4600 46.9200 42.2000
v 128.2400 51.3600 42.2000
f 4016 4017 4026
f 4016 4026 4025
f 4017 4018 4027
f 4017 4027 4026
f 4018 4019 4028
f 4018 4028 4027
f 4019 4020 4029
f 4019 4029 4028
f 4020 4021 4030
f 4020 4030 4029
f 4021 4022 4031
f 4021 4031 4030
f 4022 4023 4032
f 4022 4032 4031
f 4023 4024 4033
f 4023 4033 4032
f 4024 4016 4025
f 4024 4025 4033
f 4025 4026 4027
f 4025 4027 4028
f 4025 4028 4029
f 4025 4029 4030
f 4025 4030 4031
f 4025 4031 4032
f 4025 4032 4033
v -65.3400 126.0600 0.0000
v -64.3400 129.2900 0.0000
v -55.5900 126.6000 0.0000
v -56.5900 123.3600 0.0000
v -65.3400 126.0600 0.0000
v -65.3400 126.0600 42.2000
v -64.3400 129.2900 42.2000
v -55.5900 126.6000 42.2000
v -56.5900 123.3600 42.2000
v -65.3400 126.0600 42.2000
f 4034 4035 4040
f 4034 4040 4039
f 4035 4036 4041
f 4035 4041 4040
f 4036 4037 4042
f 4036 4042 4041
f 4037 4038 4043
f 4037 4043 4042
f 4038 4034 4039
f 4038 4039 4043
f 4039 4040 4041
f 4039 4041 4042
f 4039 4042 4043
v 139.9400 7.6000 0.0000
v 138.5800 4.0000 0.0000
v 141.4000 2.9200 0.0000
v 142.6500 6.5500 0.0000
v 139.9400 7.6000 0.0000
v 139.9400 7.6000 42.2000
v 138.5800 4.0000 42.2000
v 141.4000 2.9200 42.2000
v 142.6500 6.5500 42.2000
v 139.9400 7.6000 42.2000
f 4044 4045 4050
f 4044 4050 4049
f 4045 4046 4051
f 4045 4051 4050
f 4046 4047 4052
f 4046 4052 4051
f 4047 4048 4053
f 4047 4053 4052
f 4048 4044 4049
f 4048 4049 4053
f 4049 4050 4051
f 4049 4051 4052
f 4049 4052 4053
v 137.1100 32.6700 0.0000
v 135.2200 28.3000 0.0000
v 137.7700 27.3100 0.0000
v 139.5400 31.7500 0.0000
v 137.1100 32.6700 0.0000
v 137.1100 32.6700 42.2000
v 135.2200 28.3000 42.2000
v 137.7700 27.3100 42.2000
v 139.5400 31.7500 42.2000
v 137.1100 32.6700 42.2000
f 4054 4055 4060
f 4054 4060 4059
f 4055 4056 4061
f 4055 4061 4060
f 4056 4057 4062
f 4056 4062 4061
f 4057 4058 4063
f 4057 4063 4062
f 4058 4054 4059
f 4058 4059 4063
f 4059 4060 4061
f 4059 4061 4062
f 4059 4062 4063
v 27.8000 -70.1200 0.0000
v -245.2500 9.4200 0.0000
v -270.7100 5.5300 0.0000
v -271.3000 -23.1400 0.0000
v -242.6900 -15.8200 0.0000
v 20.2900 -90.9800 0.0000
v 27.8000 -70.1200 0.0000
v 27.8000 -70.1200 91.0000
v -245.2500 9.4200 91.0000
v -270.7100 5.5300 91.0000
v -271.3000 -23.1400 91.0000
v -242.6900 -15.8200 91.0000
v 20.2900 -90.9800 91.0000
v 27.8000 -70.1200 91.0000
f 4064 4065 4072
f 4064 4072 4071
f 4065 4066 4073
f 4065 4073 4072
f 4066 4067 4074
f 4066 4074 4073
f 4067 4068 4075
f 4067 4075 4074
f 4068 4069 4076
f 4068 4076 4075
f 4069 4070 4077
f 4069 4077 4076
f 4070 4064 4071
f 4070 4071 4077
f 4071 4072 4073
f 4071 4073 4074
f 4071 4074 4075
f 4071 4075 4076
f 4071 4076 4077
v -127.4900 -61.1600 0.0000
v -127.4400 -60.9300 0.0000
v -117.3100 -63.7700 0.0000
v -117.3900 -64.0000 0.0000
v -121.6400 -75.7300 0.0000
v -124.0600 -74.8200 0.0000
v -127.2700 -73.5900 0.0000
v -130.5400 -72.3600 0.0000
v -127.4900 -61.1600 0.0000
v -127.4900 -61.1600 9.0000
v -127.4400 -60.9300 9.0000
v -117.3100 -63.7700 9.0000
v -117.3900 -64.0000 9.0000
v -121.6400 -75.7300 9.0000
v -124.0600 -74.8200 9.0000
v -127.2700 -73.5900 9.0000
v -130.5400 -72.3600 9.0000
v -127.4900 -61.1600 9.0000
f 4078 4079 4088
f 4078 4088 4087
f 4079 4080 4089
f 4079 4089 4088
f 4080 4081 4090
f 4080 4090 4089
f 4081 4082 4091
f 4081 4091 4090
f 4082 4083 4092
f 4082 4092 4091
f 4083 4084 4093
f 4083 4093 4092
f 4084 4085 4094
f 4084 4094 4093
f 4085 4086 4095
f 4085 4095 4094
f 4086 4078 4087
f 4086 4087 4095
f 4087 4088 4089
f 4087 4089 4090
f 4087 4090 4091
f 4087 4091 4092
f 4087 4092 4093
f 4087 4093 4094
f 4087 4094 4095
v 141.2300 11.0500 0.0000
v 143.8400 10.0100 0.0000
v 142.6500 6.5500 0.0000
v 139.9400 7.6000 0.0000
v 141.2300 11.0500 0.0000
v 141.2300 11.0500 42.2000
v 143.8400 10.0100 42.2000
v 142.6500 6.5500 42.2000
v 139.9400 7.6000 42.2000
v 141.2300 11.0500 42.2000
f 4096 4097 4102
f 4096 4102 4101
f 4097 4098 4103
f 4097 4103 4102
f 4098 4099 4104
f 4098 4104 4103
f 4099 4100 4105
f 4099 4105 4104
f 4100 4096 4101
f 4100 4101 4105
f 4101 4102 4103
f 4101 4103 4104
f 4101 4104 4105
v -16.6200 138.8600 0.0000
v -13.1900 150.1900 0.0000
v -3.5600 147.2800 0.0000
v -7.0000 135.9400 0.0000
v -16.6200 138.8600 0.0000
v -16.6200 138.8600 42.2000
v -13.1900 150.1900 42.2000
v -3.5600 147.2800 42.2000
v -7.0000 135.9400 42.2000
v -16.6200 138.8600 42.2000
f 4106 4107 4112
f 4106 4112 4111
f 4107 4108 4113
f 4107 4113 4112
f 4108 4109 4114
f 4108 4114 4113
f 4109 4110 4115
f 4109 4115 4114
f 4110 4106 4111
f 4110 4111 4115
f 4111 4112 4113
f 4111 4113 4114
f 4111 4114 4115
v 139.5400 31.7500 0.0000
v 137.7700 27.3100 0.0000
v 140.3000 26.3300 0.0000
v 141.9600 30.8200 0.0000
v 139.5400 31.7500 0.0000
v 139.5400 31.7500 42.2000
v 137.7700 27.3100 42.2000
v 140.3000 26.3300 42.2000
v 141.9600 30.8200 42.2000
v 139.5400 31.7500 42.2000
f 4116 4117 4122
f 4116 4122 4121
f 4117 4118 4123
f 4117 4123 4122
f 4118 4119 4124
f 4118 4124 4123
f 4119 4120 4125
f 4119 4125 4124
f 4120 4116 4121
f 4120 4121 4125
f 4121 4122 4123
f 4121 4123 4124
f 4121 4124 4125
v 144.2700 14.1200 0.0000
v 147.0600 20.9100 0.0000
v 139.7000 23.8100 0.0000
v 138.3500 20.4200 0.0000
v 136.9300 16.8200 0.0000
v 144.2700 14.1200 0.0000
v 144.2700 14.1200 42.2000
v 147.0600 20.9100 42.2000
v 139.7000 23.8100 42.2000
v 138.3500 20.4200 42.2000
v 136.9300 16.8200 42.2000
v 144.2700 14.1200 42.2000
f 4126 4127 4133
f 4126 4133 4132
f 4127 4128 4134
f 4127 4134 4133
f 4128 4129 4135
f 4128 4135 4134
f 4129 4130 4136
f 4129 4136 4135
f 4130 4131 4137
f 4130 4137 4136
f 4131 4126 4132
f 4131 4132 4137
f 4132 4133 4134
f 4132 4134 4135
f 4132 4135 4136
f 4132 4136 4137
v -91.9100 115.1300 0.0000
v -85.6900 113.3800 0.0000
v -88.2400 104.3300 0.0000
v -94.4600 106.0800 0.0000
v -91.9100 115.1300 0.0000
v -91.9100 115.1300 42.2000
v -85.6900 113.3800 42.2000
v -88.2400 104.3300 42.2000
v -94.4600 106.0800 42.2000
v -91.9100 115.1300 42.2000
f 4138 4139 4144
f 4138 4144 4143
f 4139 4140 4145
f 4139 4145 4144
f 4140 4141 4146
f 4140 4146 4145
f 4141 4142 4147
f 4141 4147 4146
f 4142 4138 4143
f 4142 4143 4147
f 4143 4144 4145
f 4143 4145 4146
f 4143 4146 4147
v -35.0800 -136.3600 0.0000
v -26.9400 -140.4700 0.0000
v -28.8700 -144.3000 0.0000
v -37.0100 -140.1800 0.0000
v -35.0800 -136.3600 0.0000
v -35.0800 -136.3600 12.8000
v -26.9400 -140.4700 12.8000
v -28.8700 -144.3000 12.8000
v -37.0100 -140.1800 12.8000
v -35.0800 -136.3600 12.8000
f 4148 4149 4154
f 4148 4154 4153
f 4149 4150 4155
f 4149 4155 4154
f 4150 4151 4156
f 4150 4156 4155
f 4151 4152 4157
f 4151 4157 4156
f 4152 4148 4153
f 4152 4153 4157
f 4153 4154 4155
f 4153 4155 4156
f 4153 4156 4157
v -24.9400 153.5800 0.0000
v -14.8600 150.2100 0.0000
v -23.5500 124.2000 0.0000
v -33.6300 127.5600 0.0000
v -24.9400 153.5800 0.0000
v -24.9400 153.5800 42.2000
v -14.8600 150.2100 42.2000
v -23.5500 124.2000 42.2000
v -33.6300 127.5600 42.2000
v -24.9400 153.5800 42.2000
f 4158 4159 4164
f 4158 4164 4163
f 4159 4160 4165
f 4159 4165 4164
f 4160 4161 4166
f 4160 4166 4165
f 4161 4162 4167
f 4161 4167 4166
f 4162 4158 4163
f 4162 4163 4167
f 4163 4164 4165
f 4163 4165 4166
f 4163 4166 4167
v -49.6200 136.6800 0.0000
v -48.2300 141.1400 0.0000
v -38.2900 138.0600 0.0000
v -39.6700 133.5900 0.0000
v -49.6200 136.6800 0.0000
v -49.6200 136.6800 42.2000
v -48.2300 141.1400 42.2000
v -38.2900 138.0600 42.2000
v -39.6700 133.5900 42.2000
v -49.6200 136.6800 42.2000
f 4168 4169 4174
f 4168 4174 4173
f 4169 4170 4175
f 4169 4175 4174
f 4170 4171 4176
f 4170 4176 4175
f 4171 4172 4177
f 4171 4177 4176
f 4172 4168 4173
f 4172 4173 4177
f 4173 4174 4175
f 4173 4175 4176
f 4173 4176 4177
v -113.1800 101.5100 0.0000
v -103.2300 98.7500 0.0000
v -108.9500 78.1800 0.0000
v -118.9000 80.9400 0.0000
v -113.1800 101.5100 0.0000
v -113.1800 101.5100 42.2000
v -103.2300 98.7500 42.2000
v -108.9500 78.1800 42.2000
v -118.9000 80.9400 42.2000
v -113.1800 101.5100 42.2000
f 4178 4179 4184
f 4178 4184 4183
f 4179 4180 4185
f 4179 4185 4184
f 4180 4181 4186
f 4180 4186 4185
f 4181 4182 4187
f 4181 4187 4186
f 4182 4178 4183
f 4182 4183 4187
f 4183 4184 4185
f 4183 4185 4186
f 4183 4186 4187
v -117.1800 -83.8800 0.0000
v -106.8300 -89.0300 0.0000
v -110.4700 -96.3500 0.0000
v -120.8700 -91.1600 0.0000
v -117.1800 -83.8800 0.0000
v -117.1800 -83.8800 12.7000
v -106.8300 -89.0300 12.7000
v -110.4700 -96.3500 12.7000
v -120.8700 -91.1600 12.7000
v -117.1800 -83.8800 12.7000
f 4188 4189 4194
f 4188 4194 4193
f 4189 4190 4195
f 4189 4195 4194
f 4190 4191 4196
f 4190 4196 4195
f 4191 4192 4197
f 4191 4197 4196
f 4192 4188 4193
f 4192 4193 4197
f 4193 4194 4195
f 4193 4195 4196
f 4193 4196 4197
v 64.1900 -122.1200 0.0000
v 71.1600 -124.4900 0.0000
v 62.6900 -142.8900 0.0000
v 56.0300 -139.8200 0.0000
v 64.1900 -122.1200 0.0000
v 64.1900 -122.1200 27.0000
v 71.1600 -124.4900 27.0000
v 62.6900 -142.8900 27.0000
v 56.0300 -139.8200 27.0000
v 64.1900 -122.1200 27.0000
f 4198 4199 4204
f 4198 4204 4203
f 4199 4200 4205
f 4199 4205 4204
f 4200 4201 4206
f 4200 4206 4205
f 4201 4202 4207
f 4201 4207 4206
f 4202 4198 4203
f 4202 4203 4207
f 4203 4204 4205
f 4203 4205 4206
f 4203 4206 4207
v 141.9600 30.8200 0.0000
v 140.3000 26.3300 0.0000
v 142.9700 25.2900 0.0000
v 144.6700 29.7900 0.0000
v 141.9600 30.8200 0.0000
v 141.9600 30.8200 42.2000
v 140.3000 26.3300 42.2000
v 142.9700 25.2900 42.2000
v 144.6700 29.7900 42.2000
v 141.9600 30.8200 42.2000
f 4208 4209 4214
f 4208 4214 4213
f 4209 4210 4215
f 4209 4215 4214
f 4210 4211 4216
f 4210 4216 4215
f 4211 4212 4217
f 4211 4217 4216
f 4212 4208 4213
f 4212 4213 4217
f 4213 4214 4215
f 4213 4215 4216
f 4213 4216 4217
v -141.5900 53.8100 0.0000
v -128.6600 49.8900 0.0000
v -134.7700 29.7200 0.0000
v -147.6900 33.6300 0.0000
v -141.5900 53.8100 0.0000
v -141.5900 53.8100 37.9000
v -128.6600 49.8900 37.9000
v -134.7700 29.7200 37.9000
v -147.6900 33.6300 37.9000
v -141.5900 53.8100 37.9000
f 4218 4219 4224
f 4218 4224 4223
f 4219 4220 4225
f 4219 4225 4224
f 4220 4221 4226
f 4220 4226 4225
f 4221 4222 4227
f 4221 4227 4226
f 4222 4218 4223
f 4222 4223 4227
f 4223 4224 4225
f 4223 4225 4226
f 4223 4226 4227
v -125.2200 64.6300 0.0000
v -136.7100 68.3100 0.0000
v -135.0600 73.5800 0.0000
v -123.6700 69.8900 0.0000
v -125.2200 64.6300 0.0000
v -125.2200 64.6300 42.2000
v -136.7100 68.3100 42.2000
v -135.0600 73.5800 42.2000
v -123.6700 69.8900 42.2000
v -125.2200 64.6300 42.2000
f 4228 4229 4234
f 4228 4234 4233
f 4229 4230 4235
f 4229 4235 4234
f 4230 4231 4236
f 4230 4236 4235
f 4231 4232 4237
f 4231 4237 4236
f 4232 4228 4233
f 4232 4233 4237
f 4233 4234 4235
f 4233 4235 4236
f 4233 4236 4237
v -61.5900 138.5300 0.0000
v -51.8400 135.5400 0.0000
v -54.3900 127.2000 0.0000
v -64.1400 130.1900 0.0000
v -61.5900 138.5300 0.0000
v -61.5900 138.5300 42.2000
v -51.8400 135.5400 42.2000
v -54.3900 127.2000 42.2000
v -64.1400 130.1900 42.2000
v -61.5900 138.5300 42.2000
f 4238 4239 4244
f 4238 4244 4243
f 4239 4240 4245
f 4239 4245 4244
f 4240 4241 4246
f 4240 4246 4245
f 4241 4242 4247
f 4241 4247 4246
f 4242 4238 4243
f 4242 4243 4247
f 4243 4244 4245
f 4243 4245 4246
f 4243 4246 4247
v -139.4700 60.6500 0.0000
v -126.4100 56.7400 0.0000
v -128.3400 50.2700 0.0000
v -141.4100 54.1700 0.0000
v -139.4700 60.6500 0.0000
v -139.4700 60.6500 16.2000
v -126.4100 56.7400 16.2000
v -128.3400 50.2700 16.2000
v -141.4100 54.1700 16.2000
v -139.4700 60.6500 16.2000
f 4248 4249 4254
f 4248 4254 4253
f 4249 4250 4255
f 4249 4255 4254
f 4250 4251 4256
f 4250 4256 4255
f 4251 4252 4257
f 4251 4257 4256
f 4252 4248 4253
f 4252 4253 4257
f 4253 4254 4255
f 4253 4255 4256
f 4253 4256 4257
v -149.4200 26.6800 0.0000
v -134.7200 22.4500 0.0000
v -138.8800 8.0000 0.0000
v -153.5800 12.2300 0.0000
v -149.4200 26.6800 0.0000
v -149.4200 26.6800 33.9000
v -134.7200 22.4500 33.9000
v -138.8800 8.0000 33.9000
v -153.5800 12.2300 33.9000
v -149.4200 26.6800 33.9000
f 4258 4259 4264
f 4258 4264 4263
f 4259 4260 4265
f 4259 4265 4264
f 4260 4261 4266
f 4260 4266 4265
f 4261 4262 4267
f 4261 4267 4266
f 4262 4258 4263
f 4262 4263 4267
f 4263 4264 4265
f 4263 4265 4266
f 4263 4266 4267
v -130.5300 -76.4700 0.0000
v -129.6400 -73.1800 0.0000
v -119.7500 -76.9300 0.0000
v -119.5500 -77.0100 0.0000
v -121.0700 -80.0500 0.0000
v -130.5300 -76.4700 0.0000
v -130.5300 -76.4700 8.2000
v -129.6400 -73.1800 8.2000
v -119.7500 -76.9300 8.2000
v -119.5500 -77.0100 8.2000
v -121.0700 -80.0500 8.2000
v -130.5300 -76.4700 8.2000
f 4268 4269 4275
f 4268 4275 4274
f 4269 4270 4276
f 4269 4276 4275
f 4270 4271 4277
f 4270 4277 4276
f 4271 4272 4278
f 4271 4278 4277
f 4272 4273 4279
f 4272 4279 4278
f 4273 4268 4274
f 4273 4274 4279
f 4274 4275 4276
f 4274 4276 4277
f 4274 4277 4278
f 4274 4278 4279
v -6.0300 -139.0800 0.0000
v 1.6200 -142.3700 0.0000
v 5.3000 -143.9500 0.0000
v 6.6500 -147.9900 0.0000
v 2.3100 -156.9200 0.0000
v -8.9600 -151.3900 0.0000
v -11.4000 -156.3000 0.0000
v -14.3100 -154.8200 0.0000
v -6.0300 -139.0800 0.0000
v -6.0300 -139.0800 27.4000
v 1.6200 -142.3700 27.4000
v 5.3000 -143.9500 27.4000
v 6.6500 -147.9900 27.4000
v 2.3100 -156.9200 27.4000
v -8.9600 -151.3900 27.4000
v -11.4000 -156.3000 27.4000
v -14.3100 -154.8200 27.4000
v -6.0300 -139.0800 27.4000
f 4280 4281 4290
f 4280 4290 4289
f 4281 4282 4291
f 4281 4291 4290
f 4282 4283 4292
f 4282 4292 4291
f 4283 4284 4293
f 4283 4293 4292
f 4284 4285 4294
f 4284 4294 4293
f 4285 4286 4295
f 4285 4295 4294
f 4286 4287 4296
f 4286 4296 4295
f 4287 4288 4297
f 4287 4297 4296
f 4288 4280 4289
f 4288 4289 4297
f 4289 4290 4291
f 4289 4291 4292
f 4289 4292 4293
f 4289 4293 4294
f 4289 4294 4295
f 4289 4295 4296
f 4289 4296 4297
v 144.6700 29.7900 0.0000
v 142.9700 25.2900 0.0000
v 147.8700 23.3800 0.0000
v 149.8200 27.8300 0.0000
v 144.6700 29.7900 0.0000
v 144.6700 29.7900 42.2000
v 142.9700 25.2900 42.2000
v 147.8700 23.3800 42.2000
v 149.8200 27.8300 42.2000
v 144.6700 29.7900 42.2000
f 4298 4299 4304
f 4298 4304 4303
f 4299 4300 4305
f 4299 4305 4304
f 4300 4301 4306
f 4300 4306 4305
f 4301 4302 4307
f 4301 4307 4306
f 4302 4298 4303
f 4302 4303 4307
f 4303 4304 4305
f 4303 4305 4306
f 4303 4306 4307
v -106.4200 -98.8900 0.0000
v -96.3700 -103.8900 0.0000
v -100.9800 -113.1800 0.0000
v -105.1200 -114.5900 0.0000
v -108.7700 -112.6800 0.0000
v -103.6300 -102.5000 0.0000
v -107.3300 -100.6900 0.0000
v -106.4200 -98.8900 0.0000
v -106.4200 -98.8900 22.6000
v -96.3700 -103.8900 22.6000
v -100.9800 -113.1800 22.6000
v -105.1200 -114.5900 22.6000
v -108.7700 -112.6800 22.6000
v -103.6300 -102.5000 22.6000
v -107.3300 -100.6900 22.6000
v -106.4200 -98.8900 22.6000
f 4308 4309 4317
f 4308 4317 4316
f 4309 4310 4318
f 4309 4318 4317
f 4310 4311 4319
f 4310 4319 4318
f 4311 4312 4320
f 4311 4320 4319
f 4312 4313 4321
f 4312 4321 4320
f 4313 4314 4322
f 4313 4322 4321
f 4314 4315 4323
f 4314 4323 4322
f 4315 4308 4316
f 4315 4316 4323
f 4316 4317 4318
f 4316 4318 4319
f 4316 4319 4320
f 4316 4320 4321
f 4316 4321 4322
f 4316 4322 4323
v -142.2300 -50.0800 0.0000
v -137.8500 -51.3100 0.0000
v -138.2300 -52.6500 0.0000
v -142.6100 -51.4200 0.0000
v -142.2300 -50.0800 0.0000
v -142.2300 -50.0800 3.0000
v -137.8500 -51.3100 3.0000
v -138.2300 -52.6500 3.0000
v -142.6100 -51.4200 3.0000
v -142.2300 -50.0800 3.0000
f 4324 4325 4330
f 4324 4330 4329
f 4325 4326 4331
f 4325 4331 4330
f 4326 4327 4332
f 4326 4332 4331
f 4327 4328 4333
f 4327 4333 4332
f 4328 4324 4329
f 4328 4329 4333
f 4329 4330 4331
f 4329 4331 4332
f 4329 4332 4333
v -98.6200 118.2000 0.0000
v -93.1800 116.8700 0.0000
v -95.6200 106.8300 0.0000
v -101.0600 108.1600 0.0000
v -98.6200 118.2000 0.0000
v -98.6200 118.2000 42.2000
v -93.1800 116.8700 42.2000
v -95.6200 106.8300 42.2000
v -101.0600 108.1600 42.2000
v -98.6200 118.2000 42.2000
f 4334 4335 4340
f 4334 4340 4339
f 4335 4336 4341
f 4335 4341 4340
f 4336 4337 4342
f 4336 4342 4341
f 4337 4338 4343
f 4337 4343 4342
f 4338 4334 4339
f 4338 4339 4343
f 4339 4340 4341
f 4339 4341 4342
f 4339 4342 4343
v -29.1100 -144.6000 0.0000
v -32.9300 -152.2200 0.0000
v -41.0500 -148.1600 0.0000
v -37.2300 -140.5400 0.0000
v -29.1100 -144.6000 0.0000
v -29.1100 -144.6000 22.4000
v -32.9300 -152.2200 22.4000
v -41.0500 -148.1600 22.4000
v -37.2300 -140.5400 22.4000
v -29.1100 -144.6000 22.4000
f 4344 4345 4350
f 4344 4350 4349
f 4345 4346 4351
f 4345 4351 4350
f 4346 4347 4352
f 4346 4352 4351
f 4347 4348 4353
f 4347 4353 4352
f 4348 4344 4349
f 4348 4349 4353
f 4349 4350 4351
f 4349 4351 4352
f 4349 4352 4353
v -121.2800 -80.4700 0.0000
v -124.1900 -86.2800 0.0000
v -132.9400 -81.3100 0.0000
v -131.6600 -76.5200 0.0000
v -121.2800 -80.4700 0.0000
v -121.2800 -80.4700 8.2000
v -124.1900 -86.2800 8.2000
v -132.9400 -81.3100 8.2000
v -131.6600 -76.5200 8.2000
v -121.2800 -80.4700 8.2000
f 4354 4355 4360
f 4354 4360 4359
f 4355 4356 4361
f 4355 4361 4360
f 4356 4357 4362
f 4356 4362 4361
f 4357 4358 4363
f 4357 4363 4362
f 4358 4354 4359
f 4358 4359 4363
f 4359 4360 4361
f 4359 4361 4362
f 4359 4362 4363
v -45.9600 147.1300 0.0000
v -36.3300 144.5300 0.0000
v -37.7200 139.4300 0.0000
v -47.3500 142.0300 0.0000
v -45.9600 147.1300 0.0000
v -45.9600 147.1300 42.2000
v -36.3300 144.5300 42.2000
v -37.7200 139.4300 42.2000
v -47.3500 142.0300 42.2000
v -45.9600 147.1300 42.2000
f 4364 4365 4370
f 4364 4370 4369
f 4365 4366 4371
f 4365 4371 4370
f 4366 4367 4372
f 4366 4372 4371
f 4367 4368 4373
f 4367 4373 4372
f 4368 4364 4369
f 4368 4369 4373
f 4369 4370 4371
f 4369 4371 4372
f 4369 4372 4373
v -107.5300 -101.0700 0.0000
v -104.2500 -102.7100 0.0000
v -109.1800 -112.4700 0.0000
v -112.4100 -110.7500 0.0000
v -107.5300 -101.0700 0.0000
v -107.5300 -101.0700 16.4000
v -104.2500 -102.7100 16.4000
v -109.1800 -112.4700 16.4000
v -112.4100 -110.7500 16.4000
v -107.5300 -101.0700 16.4000
f 4374 4375 4380
f 4374 4380 4379
f 4375 4376 4381
f 4375 4381 4380
f 4376 4377 4382
f 4376 4382 4381
f 4377 4378 4383
f 4377 4383 4382
f 4378 4374 4379
f 4378 4379 4383
f 4379 4380 4381
f 4379 4381 4382
f 4379 4382 4383
v -98.1400 119.2200 0.0000
v -96.4400 124.3700 0.0000
v -84.2100 121.0400 0.0000
v -85.6100 115.6500 0.0000
v -98.1400 119.2200 0.0000
v -98.1400 119.2200 22.8000
v -96.4400 124.3700 22.8000
v -84.2100 121.0400 22.8000
v -85.6100 115.6500 22.8000
v -98.1400 119.2200 22.8000
f 4384 4385 4390
f 4384 4390 4389
f 4385 4386 4391
f 4385 4391 4390
f 4386 4387 4392
f 4386 4392 4391
f 4387 4388 4393
f 4387 4393 4392
f 4388 4384 4389
f 4388 4389 4393
f 4389 4390 4391
f 4389 4391 4392
f 4389 4392 4393
v -111.2200 -96.4900 0.0000
v -106.8400 -98.6700 0.0000
v -112.8300 -110.5400 0.0000
v -117.1700 -108.2600 0.0000
v -111.2200 -96.4900 0.0000
v -111.2200 -96.4900 16.4000
v -106.8400 -98.6700 16.4000
v -112.8300 -110.5400 16.4000
v -117.1700 -108.2600 16.4000
v -111.2200 -96.4900 16.4000
f 4394 4395 4400
f 4394 4400 4399
f 4395 4396 4401
f 4395 4401 4400
f 4396 4397 4402
f 4396 4402 4401
f 4397 4398 4403
f 4397 4403 4402
f 4398 4394 4399
f 4398 4399 4403
f 4399 4400 4401
f 4399 4401 4402
f 4399 4402 4403
v -131.2200 88.8900 0.0000
v -119.8300 85.6500 0.0000
v -123.5100 70.4100 0.0000
v -134.9700 74.2900 0.0000
v -131.2200 88.8900 0.0000
v -131.2200 88.8900 42.2000
v -119.8300 85.6500 42.2000
v -123.5100 70.4100 42.2000
v -134.9700 74.2900 42.2000
v -131.2200 88.8900 42.2000
f 4404 4405 4410
f 4404 4410 4409
f 4405 4406 4411
f 4405 4411 4410
f 4406 4407 4412
f 4406 4412 4411
f 4407 4408 4413
f 4407 4413 4412
f 4408 4404 4409
f 4408 4409 4413
f 4409 4410 4411
f 4409 4411 4412
f 4409 4412 4413
v -121.0700 -91.5700 0.0000
v -115.8500 -94.1800 0.0000
v -118.5800 -99.5400 0.0000
v -123.8000 -96.9400 0.0000
v -121.0700 -91.5700 0.0000
v -121.0700 -91.5700 12.3000
v -115.8500 -94.1800 12.3000
v -118.5800 -99.5400 12.3000
v -123.8000 -96.9400 12.3000
v -121.0700 -91.5700 12.3000
f 4414 4415 4420
f 4414 4420 4419
f 4415 4416 4421
f 4415 4421 4420
f 4416 4417 4422
f 4416 4422 4421
f 4417 4418 4423
f 4417 4423 4422
f 4418 4414 4419
f 4418 4419 4423
f 4419 4420 4421
f 4419 4421 4422
f 4419 4422 4423
v -82.1000 131.7400 0.0000
v -80.6400 136.8300 0.0000
v -68.5000 133.3700 0.0000
v -69.9600 128.2700 0.0000
v -82.1000 131.7400 0.0000
v -82.1000 131.7400 42.2000
v -80.6400 136.8300 42.2000
v -68.5000 133.3700 42.2000
v -69.9600 128.2700 42.2000
v -82.1000 131.7400 42.2000
f 4424 4425 4430
f 4424 4430 4429
f 4425 4426 4431
f 4425 4431 4430
f 4426 4427 4432
f 4426 4432 4431
f 4427 4428 4433
f 4427 4433 4432
f 4428 4424 4429
f 4428 4429 4433
f 4429 4430 4431
f 4429 4431 4432
f 4429 4432 4433
v -115.4500 -94.3700 0.0000
v -111.6400 -96.2800 0.0000
v -117.5800 -108.0200 0.0000
v -121.3400 -106.0500 0.0000
v -115.4500 -94.3700 0.0000
v -115.4500 -94.3700 15.6000
v -111.6400 -96.2800 15.6000
v -117.5800 -108.0200 15.6000
v -121.3400 -106.0500 15.6000
v -115.4500 -94.3700 15.6000
f 4434 4435 4440
f 4434 4440 4439
f 4435 4436 4441
f 4435 4441 4440
f 4436 4437 4442
f 4436 4442 4441
f 4437 4438 4443
f 4437 4443 4442
f 4438 4434 4439
f 4438 4439 4443
f 4439 4440 4441
f 4439 4441 4442
f 4439 4442 4443
v -153.9500 10.3600 0.0000
v -150.5700 9.4100 0.0000
v -150.3300 10.2700 0.0000
v -137.8100 6.7500 0.0000
v -143.4700 -12.8100 0.0000
v -156.1900 -9.3400 0.0000
v -157.2900 -8.6500 0.0000
v -158.0700 -7.7100 0.0000
v -158.5000 -6.7300 0.0000
v -158.6700 -5.8300 0.0000
v -158.6100 -4.7600 0.0000
v -155.0900 8.2300 0.0000
v -154.5800 8.0700 0.0000
v -153.9500 10.3600 0.0000
v -153.9500 10.3600 43.4000
v -150.5700 9.4100 43.4000
v -150.3300 10.2700 43.4000
v -137.8100 6.7500 43.4000
v -143.4700 -12.8100 43.4000
v -156.1900 -9.3400 43.4000
v -157.2900 -8.6500 43.4000
v -158.0700 -7.7100 43.4000
v -158.5000 -6.7300 43.4000
v -158.6700 -5.8300 43.4000
v -158.6100 -4.7600 43.4000
v -155.0900 8.2300 43.4000
v -154.5800 8.0700 43.4000
v -153.9500 10.3600 43.4000
f 4444 4445 4459
f 4444 4459 4458
f 4445 4446 4460
f 4445 4460 4459
f 4446 4447 4461
f 4446 4461 4460
f 4447 4448 4462
f 4447 4462 4461
f 4448 4449 4463
f 4448 4463 4462
f 4449 4450 4464
f 4449 4464 4463
f 4450 4451 4465
f 4450 4465 4464
f 4451 4452 4466
f 4451 4466 4465
f 4452 4453 4467
f 4452 4467 4466
f 4453 4454 4468
f 4453 4468 4467
f 4454 4455 4469
f 4454 4469 4468
f 4455 4456 4470
f 4455 4470 4469
f 4456 4457 4471
f 4456 4471 4470
f 4457 4444 4458
f 4457 4458 4471
f 4458 4459 4460
f 4458 4460 4461
f 4458 4461 4462
f 4458 4462 4463
f 4458 4463 4464
f 4458 4464 4465
f 4458 4465 4466
f 4458 4466 4467
f 4458 4467 4468
f 4458 4468 4469
f 4458 4469 4470
f 4458 4470 4471
v 140.4000 42.8600 0.0000
v 143.7900 50.7100 0.0000
v 156.8900 45.0700 0.0000
v 153.7500 37.6500 0.0000
v 140.4000 42.8600 0.0000
v 140.4000 42.8600 42.2000
v 143.7900 50.7100 42.2000
v 156.8900 45.0700 42.2000
v 153.7500 37.6500 42.2000
v 140.4000 42.8600 42.2000
f 4472 4473 4478
f 4472 4478 4477
f 4473 4474 4479
f 4473 4479 4478
f 4474 4475 4480
f 4474 4480 4479
f 4475 4476 4481
f 4475 4481 4480
f 4476 4472 4477
f 4476 4477 4481
f 4477 4478 4479
f 4477 4479 4480
f 4477 4480 4481
v 92.3900 123.3000 0.0000
v 105.0200 122.6600 0.0000
v 104.1700 112.2100 0.0000
v 86.6500 119.0500 0.0000
v 89.4400 122.4600 0.0000
v 92.3900 123.3000 0.0000
v 92.3900 123.3000 42.2000
v 105.0200 122.6600 42.2000
v 104.1700 112.2100 42.2000
v 86.6500 119.0500 42.2000
v 89.4400 122.4600 42.2000
v 92.3900 123.3000 42.2000
f 4482 4483 4489
f 4482 4489 4488
f 4483 4484 4490
f 4483 4490 4489
f 4484 4485 4491
f 4484 4491 4490
f 4485 4486 4492
f 4485 4492 4491
f 4486 4487 4493
f 4486 4493 4492
f 4487 4482 4488
f 4487 4488 4493
f 4488 4489 4490
f 4488 4490 4491
f 4488 4491 4492
f 4488 4492 4493
v -120.8300 97.1900 0.0000
v -118.4800 104.1200 0.0000
v -113.7300 102.5000 0.0000
v -117.2000 92.3200 0.0000
v -119.8400 93.2100 0.0000
v -118.7200 96.4700 0.0000
v -120.8300 97.1900 0.0000
v -120.8300 97.1900 42.2000
v -118.4800 104.1200 42.2000
v -113.7300 102.5000 42.2000
v -117.2000 92.3200 42.2000
v -119.8400 93.2100 42.2000
v -118.7200 96.4700 42.2000
v -120.8300 97.1900 42.2000
f 4494 4495 4502
f 4494 4502 4501
f 4495 4496 4503
f 4495 4503 4502
f 4496 4497 4504
f 4496 4504 4503
f 4497 4498 4505
f 4497 4505 4504
f 4498 4499 4506
f 4498 4506 4505
f 4499 4500 4507
f 4499 4507 4506
f 4500 4494 4501
f 4500 4501 4507
f 4501 4502 4503
f 4501 4503 4504
f 4501 4504 4505
f 4501 4505 4506
f 4501 4506 4507
v -58.7200 147.5400 0.0000
v -49.8900 145.1800 0.0000
v -51.9600 137.4200 0.0000
v -60.7900 139.7800 0.0000
v -58.7200 147.5400 0.0000
v -58.7200 147.5400 42.2000
v -49.8900 145.1800 42.2000
v -51.9600 137.4200 42.2000
v -60.7900 139.7800 42.2000
v -58.7200 147.5400 42.2000
f 4508 4509 4514
f 4508 4514 4513
f 4509 4510 4515
f 4509 4515 4514
f 4510 4511 4516
f 4510 4516 4515
f 4511 4512 4517
f 4511 4517 4516
f 4512 4508 4513
f 4512 4513 4517
f 4513 4514 4515
f 4513 4515 4516
f 4513 4516 4517
v -155.8800 -12.9400 0.0000
v -156.7300 -16.0600 0.0000
v -151.1400 -17.5900 0.0000
v -150.7200 -16.0300 0.0000
v -150.2800 -14.4700 0.0000
v -155.8800 -12.9400 0.0000
v -155.8800 -12.9400 3.0000
v -156.7300 -16.0600 3.0000
v -151.1400 -17.5900 3.0000
v -150.7200 -16.0300 3.0000
v -150.2800 -14.4700 3.0000
v -155.8800 -12.9400 3.0000
f 4518 4519 4525
f 4518 4525 4524
f 4519 4520 4526
f 4519 4526 4525
f 4520 4521 4527
f 4520 4527 4526
f 4521 4522 4528
f 4521 4528 4527
f 4522 4523 4529
f 4522 4529 4528
f 4523 4518 4524
f 4523 4524 4529
f 4524 4525 4526
f 4524 4526 4527
f 4524 4527 4528
f 4524 4528 4529
v -129.9000 91.2700 0.0000
v -128.8500 94.8100 0.0000
v -117.1100 91.3200 0.0000
v -118.1600 87.7800 0.0000
v -129.9000 91.2700 0.0000
v -129.9000 91.2700 42.2000
v -128.8500 94.8100 42.2000
v -117.1100 91.3200 42.2000
v -118.1600 87.7800 42.2000
v -129.9000 91.2700 42.2000
f 4530 4531 4536
f 4530 4536 4535
f 4531 4532 4537
f 4531 4537 4536
f 4532 4533 4538
f 4532 4538 4537
f 4533 4534 4539
f 4533 4539 4538
f 4534 4530 4535
f 4534 4535 4539
f 4535 4536 4537
f 4535 4537 4538
f 4535 4538 4539
v -96.5200 125.2200 0.0000
v -95.3500 130.1200 0.0000
v -81.8900 126.9300 0.0000
v -83.0600 122.0200 0.0000
v -96.5200 125.2200 0.0000
v -96.5200 125.2200 42.2000
v -95.3500 130.1200 42.2000
v -81.8900 126.9300 42.2000
v -83.0600 122.0200 42.2000
v -96.5200 125.2200 42.2000
f 4540 4541 4546
f 4540 4546 4545
f 4541 4542 4547
f 4541 4547 4546
f 4542 4543 4548
f 4542 4548 4547
f 4543 4544 4549
f 4543 4549 4548
f 4544 4540 4545
f 4544 4545 4549
f 4545 4546 4547
f 4545 4547 4548
f 4545 4548 4549
v -44.0900 153.3200 0.0000
v -34.8300 150.1900 0.0000
v -36.5300 145.1500 0.0000
v -45.7900 148.2700 0.0000
v -44.0900 153.3200 0.0000
v -44.0900 153.3200 42.2000
v -34.8300 150.1900 42.2000
v -36.5300 145.1500 42.2000
v -45.7900 148.2700 42.2000
v -44.0900 153.3200 42.2000
f 4550 4551 4556
f 4550 4556 4555
f 4551 4552 4557
f 4551 4557 4556
f 4552 4553 4558
f 4552 4558 4557
f 4553 4554 4559
f 4553 4559 4558
f 4554 4550 4555
f 4554 4555 4559
f 4555 4556 4557
f 4555 4557 4558
f 4555 4558 4559
v -121.0700 93.0100 0.0000
v -129.2500 95.4600 0.0000
v -128.5100 97.8500 0.0000
v -120.1500 95.3700 0.0000
v -121.0700 93.0100 0.0000
v -121.0700 93.0100 42.2000
v -129.2500 95.4600 42.2000
v -128.5100 97.8500 42.2000
v -120.1500 95.3700 42.2000
v -121.0700 93.0100 42.2000
f 4560 4561 4566
f 4560 4566 4565
f 4561 4562 4567
f 4561 4567 4566
f 4562 4563 4568
f 4562 4568 4567
f 4563 4564 4569
f 4563 4569 4568
f 4564 4560 4565
f 4564 4565 4569
f 4565 4566 4567
f 4565 4567 4568
f 4565 4568 4569
v -8.7300 -152.4200 0.0000
v 1.7200 -157.7200 0.0000
v -0.4000 -161.8900 0.0000
v -10.8500 -156.5900 0.0000
v -8.7300 -152.4200 0.0000
v -8.7300 -152.4200 13.2000
v 1.7200 -157.7200 13.2000
v -0.4000 -161.8900 13.2000
v -10.8500 -156.5900 13.2000
v -8.7300 -152.4200 13.2000
f 4570 4571 4576
f 4570 4576 4575
f 4571 4572 4577
f 4571 4577 4576
f 4572 4573 4578
f 4572 4578 4577
f 4573 4574 4579
f 4573 4579 4578
f 4574 4570 4575
f 4574 4575 4579
f 4575 4576 4577
f 4575 4577 4578
f 4575 4578 4579
v 55.8400 -140.5600 0.0000
v 62.8600 -143.5800 0.0000
v 66.2800 -136.1900 0.0000
v 71.6100 -124.6200 0.0000
v 93.8800 -132.2400 0.0000
v 80.1700 -161.9700 0.0000
v 74.8200 -164.0200 0.0000
v 42.8400 -150.2500 0.0000
v 48.7700 -137.4100 0.0000
v 55.8400 -140.5600 0.0000
v 55.8400 -140.5600 51.9000
v 62.8600 -143.5800 51.9000
v 66.2800 -136.1900 51.9000
v 71.6100 -124.6200 51.9000
v 93.8800 -132.2400 51.9000
v 80.1700 -161.9700 51.9000
v 74.8200 -164.0200 51.9000
v 42.8400 -150.2500 51.9000
v 48.7700 -137.4100 51.9000
v 55.8400 -140.5600 51.9000
f 4580 4581 4591
f 4580 4591 4590
f 4581 4582 4592
f 4581 4592 4591
f 4582 4583 4593
f 4582 4593 4592
f 4583 4584 4594
f 4583 4594 4593
f 4584 4585 4595
f 4584 4595 4594
f 4585 4586 4596
f 4585 4596 4595
f 4586 4587 4597
f 4586 4597 4596
f 4587 4588 4598
f 4587 4598 4597
f 4588 4589 4599
f 4588 4599 4598
f 4589 4580 4590
f 4589 4590 4599
f 4590 4591 4592
f 4590 4592 4593
f 4590 4593 4594
f 4590 4594 4595
f 4590 4595 4596
f 4590 4596 4597
f 4590 4597 4598
f 4590 4598 4599
v -123.9900 -97.3500 0.0000
v -118.7800 -99.9500 0.0000
v -121.7400 -105.8400 0.0000
v -123.7300 -104.7900 0.0000
v -125.3100 -99.9600 0.0000
v -123.9900 -97.3500 0.0000
v -123.9900 -97.3500 14.1000
v -118.7800 -99.9500 14.1000
v -121.7400 -105.8400 14.1000
v -123.7300 -104.7900 14.1000
v -125.3100 -99.9600 14.1000
v -123.9900 -97.3500 14.1000
f 4600 4601 4607
f 4600 4607 4606
f 4601 4602 4608
f 4601 4608 4607
f 4602 4603 4609
f 4602 4609 4608
f 4603 4604 4610
f 4603 4610 4609
f 4604 4605 4611
f 4604 4611 4610
f 4605 4600 4606
f 4605 4606 4611
f 4606 4607 4608
f 4606 4608 4609
f 4606 4609 4610
f 4606 4610 4611
v 122.1600 -89.3700 0.0000
v 129.1000 -66.3000 0.0000
v 155.4500 -74.4100 0.0000
v 147.7500 -98.2100 0.0000
v 122.1600 -89.3700 0.0000
v 122.1600 -89.3700 65.0000
v 129.1000 -66.3000 65.0000
v 155.4500 -74.4100 65.0000
v 147.7500 -98.2100 65.0000
v 122.1600 -89.3700 65.0000
f 4612 4613 4618
f 4612 4618 4617
f 4613 4614 4619
f 4613 4619 4618
f 4614 4615 4620
f 4614 4620 4619
f 4615 4616 4621
f 4615 4621 4620
f 4616 4612 4617
f 4616 4617 4621
f 4617 4618 4619
f 4617 4619 4620
f 4617 4620 4621
v 47.3000 143.9500 0.0000
v 25.6800 150.5300 0.0000
v 31.1400 168.4000 0.0000
v 52.7400 161.8300 0.0000
v 47.3000 143.9500 0.0000
v 47.3000 143.9500 42.2000
v 25.6800 150.5300 42.2000
v 31.1400 168.4000 42.2000
v 52.7400 161.8300 42.2000
v 47.3000 143.9500 42.2000
f 4622 4623 4628
f 4622 4628 4627
f 4623 4624 4629
f 4623 4629 4628
f 4624 4625 4630
f 4624 4630 4629
f 4625 4626 4631
f 4625 4631 4630
f 4626 4622 4627
f 4626 4627 4631
f 4627 4628 4629
f 4627 4629 4630
f 4627 4630 4631
v -58.4300 149.3200 0.0000
v -57.3500 153.2400 0.0000
v -47.1700 150.4400 0.0000
v -48.3300 146.2100 0.0000
v -58.4300 149.3200 0.0000
v -58.4300 149.3200 42.2000
v -57.3500 153.2400 42.2000
v -47.1700 150.4400 42.2000
v -48.3300 146.2100 42.2000
v -58.4300 149.3200 42.2000
f 4632 4633 4638
f 4632 4638 4637
f 4633 4634 4639
f 4633 4639 4638
f 4634 4635 4640
f 4634 4640 4639
f 4635 4636 4641
f 4635 4641 4640
f 4636 4632 4637
f 4636 4637 4641
f 4637 4638 4639
f 4637 4639 4640
f 4637 4640 4641
v 106.0600 123.0100 0.0000
v 121.2800 122.3700 0.0000
v 121.9200 121.2300 0.0000
v 121.3500 107.1000 0.0000
v 109.1500 99.0400 0.0000
v 102.7600 99.2400 0.0000
v 105.9300 113.1500 0.0000
v 106.0600 123.0100 0.0000
v 106.0600 123.0100 42.2000
v 121.2800 122.3700 42.2000
v 121.9200 121.2300 42.2000
v 121.3500 107.1000 42.2000
v 109.1500 99.0400 42.2000
v 102.7600 99.2400 42.2000
v 105.9300 113.1500 42.2000
v 106.0600 123.0100 42.2000
f 4642 4643 4651
f 4642 4651 4650
f 4643 4644 4652
f 4643 4652 4651
f 4644 4645 4653
f 4644 4653 4652
f 4645 4646 4654
f 4645 4654 4653
f 4646 4647 4655
f 4646 4655 4654
f 4647 4648 4656
f 4647 4656 4655
f 4648 4649 4657
f 4648 4657 4656
f 4649 4642 4650
f 4649 4650 4657
f 4650 4651 4652
f 4650 4652 4653
f 4650 4653 4654
f 4650 4654 4655
f 4650 4655 4656
f 4650 4656 4657
v -128.4400 98.3600 0.0000
v -126.9400 103.6400 0.0000
v -123.8200 105.1900 0.0000
v -121.1400 104.6300 0.0000
v -122.7600 96.9800 0.0000
v -128.4400 98.3600 0.0000
v -128.4400 98.3600 42.2000
v -126.9400 103.6400 42.2000
v -123.8200 105.1900 42.2000
v -121.1400 104.6300 42.2000
v -122.7600 96.9800 42.2000
v -128.4400 98.3600 42.2000
f 4658 4659 4665
f 4658 4665 4664
f 4659 4660 4666
f 4659 4666 4665
f 4660 4661 4667
f 4660 4667 4666
f 4661 4662 4668
f 4661 4668 4667
f 4662 4663 4669
f 4662 4669 4668
f 4663 4658 4664
f 4663 4664 4669
f 4664 4665 4666
f 4664 4666 4667
f 4664 4667 4668
f 4664 4668 4669
v -38.2700 -162.9900 0.0000
v -46.5000 -158.8000 0.0000
v -41.2800 -148.5600 0.0000
v -33.0500 -152.7400 0.0000
v -38.2700 -162.9900 0.0000
v -38.2700 -162.9900 21.4000
v -46.5000 -158.8000 21.4000
v -41.2800 -148.5600 21.4000
v -33.0500 -152.7400 21.4000
v -38.2700 -162.9900 21.4000
f 4670 4671 4676
f 4670 4676 4675
f 4671 4672 4677
f 4671 4677 4676
f 4672 4673 4678
f 4672 4678 4677
f 4673 4674 4679
f 4673 4679 4678
f 4674 4670 4675
f 4674 4675 4679
f 4675 4676 4677
f 4675 4677 4678
f 4675 4678 4679
v -93.3600 135.1500 0.0000
v -91.9500 140.2400 0.0000
v -81.4000 137.3300 0.0000
v -82.8000 132.2500 0.0000
v -93.3600 135.1500 0.0000
v -93.3600 135.1500 19.0000
v -91.9500 140.2400 19.0000
v -81.4000 137.3300 19.0000
v -82.8000 132.2500 19.0000
v -93.3600 135.1500 19.0000
f 4680 4681 4686
f 4680 4686 4685
f 4681 4682 4687
f 4681 4687 4686
f 4682 4683 4688
f 4682 4688 4687
f 4683 4684 4689
f 4683 4689 4688
f 4684 4680 4685
f 4684 4685 4689
f 4685 4686 4687
f 4685 4687 4688
f 4685 4688 4689
v -130.9300 -88.1700 0.0000
v -126.4000 -90.6600 0.0000
v -130.7000 -99.3100 0.0000
v -135.0100 -101.2600 0.0000
v -137.7600 -100.4900 0.0000
v -130.9300 -88.1700 0.0000
v -130.9300 -88.1700 10.8000
v -126.4000 -90.6600 10.8000
v -130.7000 -99.3100 10.8000
v -135.0100 -101.2600 10.8000
v -137.7600 -100.4900 10.8000
v -130.9300 -88.1700 10.8000
f 4690 4691 4697
f 4690 4697 4696
f 4691 4692 4698
f 4691 4698 4697
f 4692 4693 4699
f 4692 4699 4698
f 4693 4694 4700
f 4693 4700 4699
f 4694 4695 4701
f 4694 4701 4700
f 4695 4690 4696
f 4695 4696 4701
f 4696 4697 4698
f 4696 4698 4699
f 4696 4699 4700
f 4696 4700 4701
v -132.4400 -87.3200 0.0000
v -131.3200 -87.9500 0.0000
v -138.2200 -100.3700 0.0000
v -143.2900 -98.9600 0.0000
v -135.3100 -84.6300 0.0000
v -131.9800 -86.4700 0.0000
v -132.4400 -87.3200 0.0000
v -132.4400 -87.3200 12.7000
v -131.3200 -87.9500 12.7000
v -138.2200 -100.3700 12.7000
v -143.2900 -98.9600 12.7000
v -135.3100 -84.6300 12.7000
v -131.9800 -86.4700 12.7000
v -132.4400 -87.3200 12.7000
f 4702 4703 4710
f 4702 4710 4709
f 4703 4704 4711
f 4703 4711 4710
f 4704 4705 4712
f 4704 4712 4711
f 4705 4706 4713
f 4705 4713 4712
f 4706 4707 4714
f 4706 4714 4713
f 4707 4708 4715
f 4707 4715 4714
f 4708 4702 4709
f 4708 4709 4715
f 4709 4710 4711
f 4709 4711 4712
f 4709 4712 4713
f 4709 4713 4714
f 4709 4714 4715
v -152.6700 -93.6300 0.0000
v -151.4100 -91.2600 0.0000
v -150.7800 -90.0800 0.0000
v -146.8000 -82.6000 0.0000
v -154.7300 -76.2200 0.0000
v -146.4000 -56.2100 0.0000
v -146.1700 -55.6700 0.0000
v -134.3000 -59.0100 0.0000
v -127.8700 -60.8100 0.0000
v -128.0400 -61.4000 0.0000
v -132.3200 -77.2400 0.0000
v -133.4900 -81.5300 0.0000
v -124.4000 -86.6700 0.0000
v -126.2100 -90.2700 0.0000
v -131.8100 -87.1500 0.0000
v -131.3500 -86.3100 0.0000
v -135.4900 -84.0100 0.0000
v -140.4700 -92.9400 0.0000
v -141.1100 -94.1100 0.0000
v -142.4300 -96.4800 0.0000
v -143.7400 -98.8400 0.0000
v -153.9300 -96.0100 0.0000
v -152.6700 -93.6300 0.0000
v -152.6700 -93.6300 50.6000
v -151.4100 -91.2600 50.6000
v -150.7800 -90.0800 50.6000
v -146.8000 -82.6000 50.6000
v -154.7300 -76.2200 50.6000
v -146.4000 -56.2100 50.6000
v -146.1700 -55.6700 50.6000
v -134.3000 -59.0100 50.6000
v -127.8700 -60.8100 50.6000
v -128.0400 -61.4000 50.6000
v -132.3200 -77.2400 50.6000
v -133.4900 -81.5300 50.6000
v -124.4000 -86.6700 50.6000
v -126.2100 -90.2700 50.6000
v -131.8100 -87.1500 50.6000
v -131.3500 -86.3100 50.6000
v -135.4900 -84.0100 50.6000
v -140.4700 -92.9400 50.6000
v -141.1100 -94.1100 50.6000
v -142.4300 -96.4800 50.6000
v -143.7400 -98.8400 50.6000
v -153.9300 -96.0100 50.6000
v -152.6700 -93.6300 50.6000
f 4716 4717 4740
f 4716 4740 4739
f 4717 4718 4741
f 4717 4741 4740
f 4718 4719 4742
f 4718 4742 4741
f 4719 4720 4743
f 4719 4743 4742
f 4720 4721 4744
f 4720 4744 4743
f 4721 4722 4745
f 4721 4745 4744
f 4722 4723 4746
f 4722 4746 4745
f 4723 4724 4747
f 4723 4747 4746
f 4724 4725 4748
f 4724 4748 4747
f 4725 4726 4749
f 4725 4749 4748
f 4726 4727 4750
f 4726 4750 4749
f 4727 4728 4751
f 4727 4751 4750
f 4728 4729 4752
f 4728 4752 4751
f 4729 4730 4753
f 4729 4753 4752
f 4730 4731 4754
f 4730 4754 4753
f 4731 4732 4755
f 4731 4755 4754
f 4732 4733 4756
f 4732 4756 4755
f 4733 4734 4757
f 4733 4757 4756
f 4734 4735 4758
f 4734 4758 4757
f 4735 4736 4759
f 4735 4759 4758
f 4736 4737 4760
f 4736 4760 4759
f 4737 4738 4761
f 4737 4761 4760
f 4738 4716 4739
f 4738 4739 4761
f 4739 4740 4741
f 4739 4741 4742
f 4739 4742 4743
f 4739 4743 4744
f 4739 4744 4745
f 4739 4745 4746
f 4739 4746 4747
f 4739 4747 4748
f 4739 4748 4749
f 4739 4749 4750
f 4739 4750 4751
f 4739 4751 4752
f 4739 4752 4753
f 4739 4753 4754
f 4739 4754 4755
f 4739 4755 4756
f 4739 4756 4757
f 4739 4757 4758
f 4739 4758 4759
f 4739 4759 4760
f 4739 4760 4761
v 167.6900 3.6000 0.0000
v 168.7600 7.5100 0.0000
v 174.3900 5.9800 0.0000
v 173.3100 2.0600 0.0000
v 183.3000 -0.6700 0.0000
v 180.3100 -11.6400 0.0000
v 167.1200 -8.0400 0.0000
v 165.8300 -12.7600 0.0000
v 153.8300 -9.4700 0.0000
v 153.2000 -11.7800 0.0000
v 146.5900 -9.9700 0.0000
v 150.6800 5.0400 0.0000
v 153.8200 4.1900 0.0000
v 154.2900 5.8900 0.0000
v 155.5600 5.5400 0.0000
v 158.0100 4.8800 0.0000
v 158.3500 6.1400 0.0000
v 167.6900 3.6000 0.0000
v 167.6900 3.6000 42.2000
v 168.7600 7.5100 42.2000
v 174.3900 5.9800 42.2000
v 173.3100 2.0600 42.2000
v 183.3000 -0.6700 42.2000
v 180.3100 -11.6400 42.2000
v 167.1200 -8.0400 42.2000
v 165.8300 -12.7600 42.2000
v 153.8300 -9.4700 42.2000
v 153.2000 -11.7800 42.2000
v 146.5900 -9.9700 42.2000
v 150.6800 5.0400 42.2000
v 153.8200 4.1900 42.2000
v 154.2900 5.8900 42.2000
v 155.5600 5.5400 42.2000
v 158.0100 4.8800 42.2000
v 158.3500 6.1400 42.2000
v 167.6900 3.6000 42.2000
f 4762 4763 4781
f 4762 4781 4780
f 4763 4764 4782
f 4763 4782 4781
f 4764 4765 4783
f 4764 4783 4782
f 4765 4766 4784
f 4765 4784 4783
f 4766 4767 4785
f 4766 4785 4784
f 4767 4768 4786
f 4767 4786 4785
f 4768 4769 4787
f 4768 4787 4786
f 4769 4770 4788
f 4769 4788 4787
f 4770 4771 4789
f 4770 4789 4788
f 4771 4772 4790
f 4771 4790 4789
f 4772 4773 4791
f 4772 4791 4790
f 4773 4774 4792
f 4773 4792 4791
f 4774 4775 4793
f 4774 4793 4792
f 4775 4776 4794
f 4775 4794 4793
f 4776 4777 4795
f 4776 4795 4794
f 4777 4778 4796
f 4777 4796 4795
f 4778 4779 4797
f 4778 4797 4796
f 4779 4762 4780
f 4779 4780 4797
f 4780 4781 4782
f 4780 4782 4783
f 4780 4783 4784
f 4780 4784 4785
f 4780 4785 4786
f 4780 4786 4787
f 4780 4787 4788
f 4780 4788 4789
f 4780 4789 4790
f 4780 4790 4791
f 4780 4791 4792
f 4780 4792 4793
f 4780 4793 4794
f 4780 4794 4795
f 4780 4795 4796
f 4780 4796 4797
v -57.3500 154.0600 0.0000
v -55.3200 158.7900 0.0000
v -45.9500 156.6000 0.0000
v -47.2700 150.9800 0.0000
v -57.3500 154.0600 0.0000
v -57.3500 154.0600 42.2000
v -55.3200 158.7900 42.2000
v -45.9500 156.6000 42.2000
v -47.2700 150.9800 42.2000
v -57.3500 154.0600 42.2000
f 4798 4799 4804
f 4798 4804 4803
f 4799 4800 4805
f 4799 4805 4804
f 4800 4801 4806
f 4800 4806 4805
f 4801 4802 4807
f 4801 4807 4806
f 4802 4798 4803
f 4802 4803 4807
f 4803 4804 4805
f 4803 4805 4806
f 4803 4806 4807
v -40.2900 165.8100 0.0000
v -31.6100 159.7700 0.0000
v -33.4100 151.3100 0.0000
v -43.2000 154.4800 0.0000
v -40.2900 165.8100 0.0000
v -40.2900 165.8100 42.2000
v -31.6100 159.7700 42.2000
v -33.4100 151.3100 42.2000
v -43.2000 154.4800 42.2000
v -40.2900 165.8100 42.2000
f 4808 4809 4814
f 4808 4814 4813
f 4809 4810 4815
f 4809 4815 4814
f 4810 4811 4816
f 4810 4816 4815
f 4811 4812 4817
f 4811 4817 4816
f 4812 4808 4813
f 4812 4813 4817
f 4813 4814 4815
f 4813 4815 4816
f 4813 4816 4817
v -23.0600 -133.9200 0.0000
v -59.3900 -206.6000 0.0000
v -45.6300 -214.1900 0.0000
v -8.2000 -141.4400 0.0000
v -16.2000 -137.3900 0.0000
v -23.0600 -133.9200 0.0000
v -23.0600 -133.9200 43.6000
v -59.3900 -206.6000 43.6000
v -45.6300 -214.1900 43.6000
v -8.2000 -141.4400 43.6000
v -16.2000 -137.3900 43.6000
v -23.0600 -133.9200 43.6000
f 4818 4819 4825
f 4818 4825 4824
f 4819 4820 4826
f 4819 4826 4825
f 4820 4821 4827
f 4820 4827 4826
f 4821 4822 4828
f 4821 4828 4827
f 4822 4823 4829
f 4822 4829 4828
f 4823 4818 4824
f 4823 4824 4829
f 4824 4825 4826
f 4824 4826 4827
f 4824 4827 4828
f 4824 4828 4829
v 160.7500 57.7500 0.0000
v 157.3000 49.1800 0.0000
v 144.5900 54.1700 0.0000
v 147.7100 62.8300 0.0000
v 160.7500 57.7500 0.0000
v 160.7500 57.7500 42.2000
v 157.3000 49.1800 42.2000
v 144.5900 54.1700 42.2000
v 147.7100 62.8300 42.2000
v 160.7500 57.7500 42.2000
f 4830 4831 4836
f 4830 4836 4835
f 4831 4832 4837
f 4831 4837 4836
f 4832 4833 4838
f 4832 4838 4837
f 4833 4834 4839
f 4833 4839 4838
f 4834 4830 4835
f 4834 4835 4839
f 4835 4836 4837
f 4835 4837 4838
f 4835 4838 4839
v -77.9400 -162.3500 0.0000
v -95.0600 -153.5300 0.0000
v -86.9600 -137.3700 0.0000
v -85.9800 -136.2800 0.0000
v -84.8400 -135.5800 0.0000
v -83.5100 -135.2200 0.0000
v -82.4300 -135.2100 0.0000
v -81.2500 -135.4400 0.0000
v -67.5000 -142.7600 0.0000
v -77.9400 -162.3500 0.0000
v -77.9400 -162.3500 44.2000
v -95.0600 -153.5300 44.2000
v -86.9600 -137.3700 44.2000
v -85.9800 -136.2800 44.2000
v -84.8400 -135.5800 44.2000
v -83.5100 -135.2200 44.2000
v -82.4300 -135.2100 44.2000
v -81.2500 -135.4400 44.2000
v -67.5000 -142.7600 44.2000
v -77.9400 -162.3500 44.2000
f 4840 4841 4851
f 4840 4851 4850
f 4841 4842 4852
f 4841 4852 4851
f 4842 4843 4853
f 4842 4853 4852
f 4843 4844 4854
f 4843 4854 4853
f 4844 4845 4855
f 4844 4855 4854
f 4845 4846 4856
f 4845 4856 4855
f 4846 4847 4857
f 4846 4857 4856
f 4847 4848 4858
f 4847 4858 4857
f 4848 4849 4859
f 4848 4859 4858
f 4849 4840 4850
f 4849 4850 4859
f 4850 4851 4852
f 4850 4852 4853
f 4850 4853 4854
f 4850 4854 4855
f 4850 4855 4856
f 4850 4856 4857
f 4850 4857 4858
f 4850 4858 4859
v 132.6600 98.6200 0.0000
v 157.5200 95.7700 0.0000
v 171.8300 91.1500 0.0000
v 159.0700 59.4700 0.0000
v 146.6100 64.4100 0.0000
v 143.9500 58.2900 0.0000
v 120.5100 67.7600 0.0000
v 132.6600 98.6200 0.0000
v 132.6600 98.6200 65.0000
v 157.5200 95.7700 65.0000
v 171.8300 91.1500 65.0000
v 159.0700 59.4700 65.0000
v 146.6100 64.4100 65.0000
v 143.9500 58.2900 65.0000
v 120.5100 67.7600 65.0000
v 132.6600 98.6200 65.0000
f 4860 4861 4869
f 4860 4869 4868
f 4861 4862 4870
f 4861 4870 4869
f 4862 4863 4871
f 4862 4871 4870
f 4863 4864 4872
f 4863 4872 4871
f 4864 4865 4873
f 4864 4873 4872
f 4865 4866 4874
f 4865 4874 4873
f 4866 4867 4875
f 4866 4875 4874
f 4867 4860 4868
f 4867 4868 4875
f 4868 4869 4870
f 4868 4870 4871
f 4868 4871 4872
f 4868 4872 4873
f 4868 4873 4874
f 4868 4874 4875
v 156.3200 -31.8600 0.0000
v 148.4400 -29.6300 0.0000
v 152.2600 -16.0500 0.0000
v 160.1500 -18.2800 0.0000
v 160.7200 -16.2500 0.0000
v 162.1300 -16.6400 0.0000
v 162.5800 -15.0400 0.0000
v 165.0500 -15.7400 0.0000
v 167.1800 -8.1500 0.0000
v 171.1500 -9.2700 0.0000
v 168.5700 -18.4600 0.0000
v 176.6300 -20.7300 0.0000
v 176.0600 -22.7500 0.0000
v 177.3400 -23.1100 0.0000
v 173.5300 -36.6900 0.0000
v 172.2400 -36.3300 0.0000
v 171.8000 -37.8700 0.0000
v 155.8900 -33.4000 0.0000
v 156.3200 -31.8600 0.0000
v 156.3200 -31.8600 42.2000
v 148.4400 -29.6300 42.2000
v 152.2600 -16.0500 42.2000
v 160.1500 -18.2800 42.2000
v 160.7200 -16.2500 42.2000
v 162.1300 -16.6400 42.2000
v 162.5800 -15.0400 42.2000
v 165.0500 -15.7400 42.2000
v 167.1800 -8.1500 42.2000
v 171.1500 -9.2700 42.2000
v 168.5700 -18.4600 42.2000
v 176.6300 -20.7300 42.2000
v 176.0600 -22.7500 42.2000
v 177.3400 -23.1100 42.2000
v 173.5300 -36.6900 42.2000
v 172.2400 -36.3300 42.2000
v 171.8000 -37.8700 42.2000
v 155.8900 -33.4000 42.2000
v 156.3200 -31.8600 42.2000
f 4876 4877 4896
f 4876 4896 4895
f 4877 4878 4897
f 4877 4897 4896
f 4878 4879 4898
f 4878 4898 4897
f 4879 4880 4899
f 4879 4899 4898
f 4880 4881 4900
f 4880 4900 4899
f 4881 4882 4901
f 4881 4901 4900
f 4882 4883 4902
f 4882 4902 4901
f 4883 4884 4903
f 4883 4903 4902
f 4884 4885 4904
f 4884 4904 4903
f 4885 4886 4905
f 4885 4905 4904
f 4886 4887 4906
f 4886 4906 4905
f 4887 4888 4907
f 4887 4907 4906
f 4888 4889 4908
f 4888 4908 4907
f 4889 4890 4909
f 4889 4909 4908
f 4890 4891 4910
f 4890 4910 4909
f 4891 4892 4911
f 4891 4911 4910
f 4892 4893 4912
f 4892 4912 4911
f 4893 4894 4913
f 4893 4913 4912
f 4894 4876 4895
f 4894 4895 4913
f 4895 4896 4897
f 4895 4897 4898
f 4895 4898 4899
f 4895 4899 4900
f 4895 4900 4901
f 4895 4901 4902
f 4895 4902 4903
f 4895 4903 4904
f 4895 4904 4905
f 4895 4905 4906
f 4895 4906 4907
f 4895 4907 4908
f 4895 4908 4909
f 4895 4909 4910
f 4895 4910 4911
f 4895 4911 4912
f 4895 4912 4913
v -61.7000 155.8400 0.0000
v -67.7900 134.8100 0.0000
v -89.5900 141.1300 0.0000
v -83.5100 162.1500 0.0000
v -61.7000 155.8400 0.0000
v -61.7000 155.8400 42.2000
v -67.7900 134.8100 42.2000
v -89.5900 141.1300 42.2000
v -83.5100 162.1500 42.2000
v -61.7000 155.8400 42.2000
f 4914 4915 4920
f 4914 4920 4919
f 4915 4916 4921
f 4915 4921 4920
f 4916 4917 4922
f 4916 4922 4921
f 4917 4918 4923
f 4917 4923 4922
f 4918 4914 4919
f 4918 4919 4923
f 4919 4920 4921
f 4919 4921 4922
f 4919 4922 4923
v 141.1900 -45.3600 0.0000
v 185.2800 -58.1800 0.0000
v 180.6500 -81.8000 0.0000
v 133.7100 -66.2200 0.0000
v 141.1900 -45.3600 0.0000
v 141.1900 -45.3600 65.0000
v 185.2800 -58.1800 65.0000
v 180.6500 -81.8000 65.0000
v 133.7100 -66.2200 65.0000
v 141.1900 -45.3600 65.0000
f 4924 4925 4930
f 4924 4930 4929
f 4925 4926 4931
f 4925 4931 4930
f 4926 4927 4932
f 4926 4932 4931
f 4927 4928 4933
f 4927 4933 4932
f 4928 4924 4929
f 4928 4929 4933
f 4929 4930 4931
f 4929 4931 4932
f 4929 4932 4933
v -117.8000 -117.4900 0.0000
v -108.8300 -122.1500 0.0000
v -107.0600 -126.9500 0.0000
v -109.5700 -131.9400 0.0000
v -122.0100 -125.7100 0.0000
v -117.8000 -117.4900 0.0000
v -117.8000 -117.4900 39.3000
v -108.8300 -122.1500 39.3000
v -107.0600 -126.9500 39.3000
v -109.5700 -131.9400 39.3000
v -122.0100 -125.7100 39.3000
v -117.8000 -117.4900 39.3000
f 4934 4935 4941
f 4934 4941 4940
f 4935 4936 4942
f 4935 4942 4941
f 4936 4937 4943
f 4936 4943 4942
f 4937 4938 4944
f 4937 4944 4943
f 4938 4939 4945
f 4938 4945 4944
f 4939 4934 4940
f 4939 4940 4945
f 4940 4941 4942
f 4940 4942 4943
f 4940 4943 4944
f 4940 4944 4945
v -161.7400 -60.5000 0.0000
v -160.8400 -58.4300 0.0000
v -158.1500 -52.3200 0.0000
v -146.6100 -55.5500 0.0000
v -147.3700 -57.3900 0.0000
v -149.8100 -63.2100 0.0000
v -152.1400 -68.7700 0.0000
v -153.3300 -68.2500 0.0000
v -156.3400 -66.9500 0.0000
v -156.2900 -66.8100 0.0000
v -159.4100 -65.4600 0.0000
v -158.5800 -63.5700 0.0000
v -160.5100 -62.7400 0.0000
v -161.3900 -64.7500 0.0000
v -163.2600 -63.9400 0.0000
v -161.7400 -60.5000 0.0000
v -161.7400 -60.5000 42.0000
v -160.8400 -58.4300 42.0000
v -158.1500 -52.3200 42.0000
v -146.6100 -55.5500 42.0000
v -147.3700 -57.3900 42.0000
v -149.8100 -63.2100 42.0000
v -152.1400 -68.7700 42.0000
v -153.3300 -68.2500 42.0000
v -156.3400 -66.9500 42.0000
v -156.2900 -66.8100 42.0000
v -159.4100 -65.4600 42.0000
v -158.5800 -63.5700 42.0000
v -160.5100 -62.7400 42.0000
v -161.3900 -64.7500 42.0000
v -163.2600 -63.9400 42.0000
v -161.7400 -60.5000 42.0000
f 4946 4947 4963
f 4946 4963 4962
f 4947 4948 4964
f 4947 4964 4963
f 4948 4949 4965
f 4948 4965 4964
f 4949 4950 4966
f 4949 4966 4965
f 4950 4951 4967
f 4950 4967 4966
f 4951 4952 4968
f 4951 4968 4967
f 4952 4953 4969
f 4952 4969 4968
f 4953 4954 4970
f 4953 4970 4969
f 4954 4955 4971
f 4954 4971 4970
f 4955 4956 4972
f 4955 4972 4971
f 4956 4957 4973
f 4956 4973 4972
f 4957 4958 4974
f 4957 4974 4973
f 4958 4959 4975
f 4958 4975 4974
f 4959 4960 4976
f 4959 4976 4975
f 4960 4961 4977
f 4960 4977 4976
f 4961 4946 4962
f 4961 4962 4977
f 4962 4963 4964
f 4962 4964 4965
f 4962 4965 4966
f 4962 4966 4967
f 4962 4967 4968
f 4962 4968 4969
f 4962 4969 4970
f 4962 4970 4971
f 4962 4971 4972
f 4962 4972 4973
f 4962 4973 4974
f 4962 4974 4975
f 4962 4975 4976
f 4962 4976 4977
v -48.5500 -162.7500 0.0000
v -46.7300 -159.2300 0.0000
v -38.6000 -163.4200 0.0000
v -40.4200 -166.9300 0.0000
v -48.5500 -162.7500 0.0000
v -48.5500 -162.7500 21.4000
v -46.7300 -159.2300 21.4000
v -38.6000 -163.4200 21.4000
v -40.4200 -166.9300 21.4000
v -48.5500 -162.7500 21.4000
f 4978 4979 4984
f 4978 4984 4983
f 4979 4980 4985
f 4979 4985 4984
f 4980 4981 4986
f 4980 4986 4985
f 4981 4982 4987
f 4981 4987 4986
f 4982 4978 4983
f 4982 4983 4987
f 4983 4984 4985
f 4983 4985 4986
f 4983 4986 4987
v 130.3000 100.8100 0.0000
v 130.6000 99.6800 0.0000
v 141.9600 98.3400 0.0000
v 141.4800 104.5000 0.0000
v 139.0300 104.3300 0.0000
v 130.3000 100.8100 0.0000
v 130.3000 100.8100 42.2000
v 130.6000 99.6800 42.2000
v 141.9600 98.3400 42.2000
v 141.4800 104.5000 42.2000
v 139.0300 104.3300 42.2000
v 130.3000 100.8100 42.2000
f 4988 4989 4995
f 4988 4995 4994
f 4989 4990 4996
f 4989 4996 4995
f 4990 4991 4997
f 4990 4997 4996
f 4991 4992 4998
f 4991 4998 4997
f 4992 4993 4999
f 4992 4999 4998
f 4993 4988 4994
f 4993 4994 4999
f 4994 4995 4996
f 4994 4996 4997
f 4994 4997 4998
f 4994 4998 4999
v -55.3200 161.1200 0.0000
v -54.1400 165.6900 0.0000
v -43.8600 162.4900 0.0000
v -44.7200 157.8500 0.0000
v -55.3200 161.1200 0.0000
v -55.3200 161.1200 42.2000
v -54.1400 165.6900 42.2000
v -43.8600 162.4900 42.2000
v -44.7200 157.8500 42.2000
v -55.3200 161.1200 42.2000
f 5000 5001 5006
f 5000 5006 5005
f 5001 5002 5007
f 5001 5007 5006
f 5002 5003 5008
f 5002 5008 5007
f 5003 5004 5009
f 5003 5009 5008
f 5004 5000 5005
f 5004 5005 5009
f 5005 5006 5007
f 5005 5007 5008
f 5005 5008 5009
v 62.4700 179.1400 0.0000
v 84.1200 173.9900 0.0000
v 77.3300 140.5000 0.0000
v 72.7700 138.0500 0.0000
v 55.8800 141.1400 0.0000
v 54.0100 144.9000 0.0000
v 62.4700 179.1400 0.0000
v 62.4700 179.1400 65.0000
v 84.1200 173.9900 65.0000
v 77.3300 140.5000 65.0000
v 72.7700 138.0500 65.0000
v 55.8800 141.1400 65.0000
v 54.0100 144.9000 65.0000
v 62.4700 179.1400 65.0000
f 5010 5011 5018
f 5010 5018 5017
f 5011 5012 5019
f 5011 5019 5018
f 5012 5013 5020
f 5012 5020 5019
f 5013 5014 5021
f 5013 5021 5020
f 5014 5015 5022
f 5014 5022 5021
f 5015 5016 5023
f 5015 5023 5022
f 5016 5010 5017
f 5016 5017 5023
f 5017 5018 5019
f 5017 5019 5020
f 5017 5020 5021
f 5017 5021 5022
f 5017 5022 5023
v 122.6700 122.1200 0.0000
v 133.0100 121.8700 0.0000
v 132.3600 111.1600 0.0000
v 128.6600 111.0500 0.0000
v 128.5100 109.3700 0.0000
v 125.6600 108.7400 0.0000
v 122.0200 107.2600 0.0000
v 122.6700 122.1200 0.0000
v 122.6700 122.1200 42.2000
v 133.0100 121.8700 42.2000
v 132.3600 111.1600 42.2000
v 128.6600 111.0500 42.2000
v 128.5100 109.3700 42.2000
v 125.6600 108.7400 42.2000
v 122.0200 107.2600 42.2000
v 122.6700 122.1200 42.2000
f 5024 5025 5033
f 5024 5033 5032
f 5025 5026 5034
f 5025 5034 5033
f 5026 5027 5035
f 5026 5035 5034
f 5027 5028 5036
f 5027 5036 5035
f 5028 5029 5037
f 5028 5037 5036
f 5029 5030 5038
f 5029 5038 5037
f 5030 5031 5039
f 5030 5039 5038
f 5031 5024 5032
f 5031 5032 5039
f 5032 5033 5034
f 5032 5034 5035
f 5032 5035 5036
f 5032 5036 5037
f 5032 5037 5038
f 5032 5038 5039
v -96.9800 -141.3600 0.0000
v -96.5400 -140.4400 0.0000
v -93.5200 -141.9000 0.0000
v -93.9600 -142.8200 0.0000
v -96.9800 -141.3600 0.0000
v -96.9800 -141.3600 1.0000
v -96.5400 -140.4400 1.0000
v -93.5200 -141.9000 1.0000
v -93.9600 -142.8200 1.0000
v -96.9800 -141.3600 1.0000
f 5040 5041 5046
f 5040 5046 5045
f 5041 5042 5047
f 5041 5047 5046
f 5042 5043 5048
f 5042 5048 5047
f 5043 5044 5049
f 5043 5049 5048
f 5044 5040 5045
f 5044 5045 5049
f 5045 5046 5047
f 5045 5047 5048
f 5045 5048 5049
v -104.7400 -133.9800 0.0000
v -106.7600 -138.1900 0.0000
v -105.1700 -138.9700 0.0000
v -103.1400 -134.7600 0.0000
v -104.7400 -133.9800 0.0000
v -104.7400 -133.9800 0.3000
v -106.7600 -138.1900 0.3000
v -105.1700 -138.9700 0.3000
v -103.1400 -134.7600 0.3000
v -104.7400 -133.9800 0.3000
f 5050 5051 5056
f 5050 5056 5055
f 5051 5052 5057
f 5051 5057 5056
f 5052 5053 5058
f 5052 5058 5057
f 5053 5054 5059
f 5053 5059 5058
f 5054 5050 5055
f 5054 5055 5059
f 5055 5056 5057
f 5055 5057 5058
f 5055 5058 5059
v -127.7800 -112.3100 0.0000
v -124.4600 -114.0400 0.0000
v -126.2700 -117.5900 0.0000
v -132.9100 -114.2100 0.0000
v -132.5400 -113.4300 0.0000
v -127.7800 -112.3100 0.0000
v -127.7800 -112.3100 8.3000
v -124.4600 -114.0400 8.3000
v -126.2700 -117.5900 8.3000
v -132.9100 -114.2100 8.3000
v -132.5400 -113.4300 8.3000
v -127.7800 -112.3100 8.3000
f 5060 5061 5067
f 5060 5067 5066
f 5061 5062 5068
f 5061 5068 5067
f 5062 5063 5069
f 5062 5069 5068
f 5063 5064 5070
f 5063 5070 5069
f 5064 5065 5071
f 5064 5071 5070
f 5065 5060 5066
f 5065 5066 5071
f 5066 5067 5068
f 5066 5068 5069
f 5066 5069 5070
f 5066 5070 5071
v 104.7600 135.8700 0.0000
v 96.3400 135.5500 0.0000
v 92.3700 140.8400 0.0000
v 94.0400 149.5600 0.0000
v 105.0500 149.0900 0.0000
v 104.7600 135.8700 0.0000
v 104.7600 135.8700 22.8000
v 96.3400 135.5500 22.8000
v 92.3700 140.8400 22.8000
v 94.0400 149.5600 22.8000
v 105.0500 149.0900 22.8000
v 104.7600 135.8700 22.8000
f 5072 5073 5079
f 5072 5079 5078
f 5073 5074 5080
f 5073 5080 5079
f 5074 5075 5081
f 5074 5081 5080
f 5075 5076 5082
f 5075 5082 5081
f 5076 5077 5083
f 5076 5083 5082
f 5077 5072 5078
f 5077 5078 5083
f 5078 5079 5080
f 5078 5080 5081
f 5078 5081 5082
f 5078 5082 5083
v -107.5200 -135.8500 0.0000
v -106.6200 -136.3000 0.0000
v -106.9600 -137.0000 0.0000
v -107.8700 -136.5600 0.0000
v -107.5200 -135.8500 0.0000
v -107.5200 -135.8500 2.4000
v -106.6200 -136.3000 2.4000
v -106.9600 -137.0000 2.4000
v -107.8700 -136.5600 2.4000
v -107.5200 -135.8500 2.4000
f 5084 5085 5090
f 5084 5090 5089
f 5085 5086 5091
f 5085 5091 5090
f 5086 5087 5092
f 5086 5092 5091
f 5087 5088 5093
f 5087 5093 5092
f 5088 5084 5089
f 5088 5089 5093
f 5089 5090 5091
f 5089 5091 5092
f 5089 5092 5093
v -164.7300 -67.3400 0.0000
v -163.4500 -64.3500 0.0000
v -152.2900 -69.1900 0.0000
v -153.5600 -72.2100 0.0000
v -164.7300 -67.3400 0.0000
v -164.7300 -67.3400 8.9000
v -163.4500 -64.3500 8.9000
v -152.2900 -69.1900 8.9000
v -153.5600 -72.2100 8.9000
v -164.7300 -67.3400 8.9000
f 5094 5095 5100
f 5094 5100 5099
f 5095 5096 5101
f 5095 5101 5100
f 5096 5097 5102
f 5096 5102 5101
f 5097 5098 5103
f 5097 5103 5102
f 5098 5094 5099
f 5098 5099 5103
f 5099 5100 5101
f 5099 5101 5102
f 5099 5102 5103
v -107.8700 -136.5600 0.0000
v -106.9600 -137.0000 0.0000
v -107.3000 -137.6900 0.0000
v -108.2000 -137.2500 0.0000
v -107.8700 -136.5600 0.0000
v -107.8700 -136.5600 2.4000
v -106.9600 -137.0000 2.4000
v -107.3000 -137.6900 2.4000
v -108.2000 -137.2500 2.4000
v -107.8700 -136.5600 2.4000
f 5104 5105 5110
f 5104 5110 5109
f 5105 5106 5111
f 5105 5111 5110
f 5106 5107 5112
f 5106 5112 5111
f 5107 5108 5113
f 5107 5113 5112
f 5108 5104 5109
f 5108 5109 5113
f 5109 5110 5111
f 5109 5111 5112
f 5109 5112 5113
v -108.7000 -138.4400 0.0000
v -108.2300 -137.4800 0.0000
v -106.7600 -138.1900 0.0000
v -105.1700 -138.9700 0.0000
v -105.6300 -139.9300 0.0000
v -108.7000 -138.4400 0.0000
v -108.7000 -138.4400 1.0000
v -108.2300 -137.4800 1.0000
v -106.7600 -138.1900 1.0000
v -105.1700 -138.9700 1.0000
v -105.6300 -139.9300 1.0000
v -108.7000 -138.4400 1.0000
f 5114 5115 5121
f 5114 5121 5120
f 5115 5116 5122
f 5115 5122 5121
f 5116 5117 5123
f 5116 5123 5122
f 5117 5118 5124
f 5117 5124 5123
f 5118 5119 5125
f 5118 5125 5124
f 5119 5114 5120
f 5119 5120 5125
f 5120 5121 5122
f 5120 5122 5123
f 5120 5123 5124
f 5120 5124 5125
v -118.5800 -127.9500 0.0000
v -109.7600 -132.3500 0.0000
v -112.2500 -137.3300 0.0000
v -121.0700 -132.9600 0.0000
v -118.5800 -127.9500 0.0000
v -118.5800 -127.9500 15.0000
v -109.7600 -132.3500 15.0000
v -112.2500 -137.3300 15.0000
v -121.0700 -132.9600 15.0000
v -118.5800 -127.9500 15.0000
f 5126 5127 5132
f 5126 5132 5131
f 5127 5128 5133
f 5127 5133 5132
f 5128 5129 5134
f 5128 5134 5133
f 5129 5130 5135
f 5129 5135 5134
f 5130 5126 5131
f 5130 5131 5135
f 5131 5132 5133
f 5131 5133 5134
f 5131 5134 5135
v -133.1100 -114.6300 0.0000
v -126.4800 -117.9900 0.0000
v -127.8500 -120.6700 0.0000
v -134.4500 -117.3600 0.0000
v -133.1100 -114.6300 0.0000
v -133.1100 -114.6300 9.3000
v -126.4800 -117.9900 9.3000
v -127.8500 -120.6700 9.3000
v -134.4500 -117.3600 9.3000
v -133.1100 -114.6300 9.3000
f 5136 5137 5142
f 5136 5142 5141
f 5137 5138 5143
f 5137 5143 5142
f 5138 5139 5144
f 5138 5144 5143
f 5139 5140 5145
f 5139 5145 5144
f 5140 5136 5141
f 5140 5141 5145
f 5141 5142 5143
f 5141 5143 5144
f 5141 5144 5145
v -107.6400 -144.0000 0.0000
v -105.6300 -139.9300 0.0000
v -105.1700 -138.9700 0.0000
v -104.5700 -139.2600 0.0000
v -107.0300 -144.3000 0.0000
v -107.6400 -144.0000 0.0000
v -107.6400 -144.0000 1.0000
v -105.6300 -139.9300 1.0000
v -105.1700 -138.9700 1.0000
v -104.5700 -139.2600 1.0000
v -107.0300 -144.3000 1.0000
v -107.6400 -144.0000 1.0000
f 5146 5147 5153
f 5146 5153 5152
f 5147 5148 5154
f 5147 5154 5153
f 5148 5149 5155
f 5148 5155 5154
f 5149 5150 5156
f 5149 5156 5155
f 5150 5151 5157
f 5150 5157 5156
f 5151 5146 5152
f 5151 5152 5157
f 5152 5153 5154
f 5152 5154 5155
f 5152 5155 5156
f 5152 5156 5157
v -166.4000 -71.0800 0.0000
v -164.9300 -67.7600 0.0000
v -153.7400 -72.6400 0.0000
v -155.1300 -76.0000 0.0000
v -156.6600 -75.3300 0.0000
v -158.4500 -79.3900 0.0000
v -168.1800 -75.1500 0.0000
v -166.4000 -71.0800 0.0000
v -166.4000 -71.0800 13.4000
v -164.9300 -67.7600 13.4000
v -153.7400 -72.6400 13.4000
v -155.1300 -76.0000 13.4000
v -156.6600 -75.3300 13.4000
v -158.4500 -79.3900 13.4000
v -168.1800 -75.1500 13.4000
v -166.4000 -71.0800 13.4000
f 5158 5159 5167
f 5158 5167 5166
f 5159 5160 5168
f 5159 5168 5167
f 5160 5161 5169
f 5160 5169 5168
f 5161 5162 5170
f 5161 5170 5169
f 5162 5163 5171
f 5162 5171 5170
f 5163 5164 5172
f 5163 5172 5171
f 5164 5165 5173
f 5164 5173 5172
f 5165 5158 5166
f 5165 5166 5173
f 5166 5167 5168
f 5166 5168 5169
f 5166 5169 5170
f 5166 5170 5171
f 5166 5171 5172
f 5166 5172 5173
v -153.1000 78.9700 0.0000
v -155.1200 72.2600 0.0000
v -170.7200 76.9400 0.0000
v -168.6900 83.6600 0.0000
v -153.1000 78.9700 0.0000
v -153.1000 78.9700 42.2000
v -155.1200 72.2600 42.2000
v -170.7200 76.9400 42.2000
v -168.6900 83.6600 42.2000
v -153.1000 78.9700 42.2000
f 5174 5175 5180
f 5174 5180 5179
f 5175 5176 5181
f 5175 5181 5180
f 5176 5177 5182
f 5176 5182 5181
f 5177 5178 5183
f 5177 5183 5182
f 5178 5174 5179
f 5178 5179 5183
f 5179 5180 5181
f 5179 5181 5182
f 5179 5182 5183
v 14.0000 -148.6200 0.0000
v 5.7200 -165.4400 0.0000
v 30.3000 -177.2900 0.0000
v 22.4400 -193.6800 0.0000
v 51.9300 -211.3500 0.0000
v 56.4600 -210.1900 0.0000
v 74.0800 -174.1500 0.0000
v 71.9300 -169.6100 0.0000
v 17.9800 -146.8600 0.0000
v 14.0000 -148.6200 0.0000
v 14.0000 -148.6200 17.7000
v 5.7200 -165.4400 17.7000
v 30.3000 -177.2900 17.7000
v 22.4400 -193.6800 17.7000
v 51.9300 -211.3500 17.7000
v 56.4600 -210.1900 17.7000
v 74.0800 -174.1500 17.7000
v 71.9300 -169.6100 17.7000
v 17.9800 -146.8600 17.7000
v 14.0000 -148.6200 17.7000
f 5184 5185 5195
f 5184 5195 5194
f 5185 5186 5196
f 5185 5196 5195
f 5186 5187 5197
f 5186 5197 5196
f 5187 5188 5198
f 5187 5198 5197
f 5188 5189 5199
f 5188 5199 5198
f 5189 5190 5200
f 5189 5200 5199
f 5190 5191 5201
f 5190 5201 5200
f 5191 5192 5202
f 5191 5202 5201
f 5192 5193 5203
f 5192 5203 5202
f 5193 5184 5194
f 5193 5194 5203
f 5194 5195 5196
f 5194 5196 5197
f 5194 5197 5198
f 5194 5198 5199
f 5194 5199 5200
f 5194 5200 5201
f 5194 5201 5202
f 5194 5202 5203
v -134.6300 -117.7600 0.0000
v -125.1700 -122.5100 0.0000
v -126.6300 -125.4200 0.0000
v -136.0800 -120.7500 0.0000
v -134.6300 -117.7600 0.0000
v -134.6300 -117.7600 13.3000
v -125.1700 -122.5100 13.3000
v -126.6300 -125.4200 13.3000
v -136.0800 -120.7500 13.3000
v -134.6300 -117.7600 13.3000
f 5204 5205 5210
f 5204 5210 5209
f 5205 5206 5211
f 5205 5211 5210
f 5206 5207 5212
f 5206 5212 5211
f 5207 5208 5213
f 5207 5213 5212
f 5208 5204 5209
f 5208 5209 5213
f 5209 5210 5211
f 5209 5211 5212
f 5209 5212 5213
v -164.0100 -93.2300 0.0000
v -156.4300 -75.9300 0.0000
v -155.1300 -76.5000 0.0000
v -147.3600 -82.7300 0.0000
v -154.3800 -95.9000 0.0000
v -164.0100 -93.2300 0.0000
v -164.0100 -93.2300 16.7000
v -156.4300 -75.9300 16.7000
v -155.1300 -76.5000 16.7000
v -147.3600 -82.7300 16.7000
v -154.3800 -95.9000 16.7000
v -164.0100 -93.2300 16.7000
f 5214 5215 5221
f 5214 5221 5220
f 5215 5216 5222
f 5215 5222 5221
f 5216 5217 5223
f 5216 5223 5222
f 5217 5218 5224
f 5217 5224 5223
f 5218 5219 5225
f 5218 5225 5224
f 5219 5214 5220
f 5219 5220 5225
f 5220 5221 5222
f 5220 5222 5223
f 5220 5223 5224
f 5220 5224 5225
v -176.1900 59.0100 0.0000
v -172.6800 70.8800 0.0000
v -156.9500 66.2200 0.0000
v -160.4600 54.3600 0.0000
v -176.1900 59.0100 0.0000
v -176.1900 59.0100 42.2000
v -172.6800 70.8800 42.2000
v -156.9500 66.2200 42.2000
v -160.4600 54.3600 42.2000
v -176.1900 59.0100 42.2000
f 5226 5227 5232
f 5226 5232 5231
f 5227 5228 5233
f 5227 5233 5232
f 5228 5229 5234
f 5228 5234 5233
f 5229 5230 5235
f 5229 5235 5234
f 5230 5226 5231
f 5230 5231 5235
f 5231 5232 5233
f 5231 5233 5234
f 5231 5234 5235
v 133.8500 121.7700 0.0000
v 140.7400 121.8300 0.0000
v 140.4200 114.1400 0.0000
v 133.2700 112.6600 0.0000
v 133.8500 121.7700 0.0000
v 133.8500 121.7700 42.2000
v 140.7400 121.8300 42.2000
v 140.4200 114.1400 42.2000
v 133.2700 112.6600 42.2000
v 133.8500 121.7700 42.2000
f 5236 5237 5242
f 5236 5242 5241
f 5237 5238 5243
f 5237 5243 5242
f 5238 5239 5244
f 5238 5244 5243
f 5239 5240 5245
f 5239 5245 5244
f 5240 5236 5241
f 5240 5241 5245
f 5241 5242 5243
f 5241 5243 5244
f 5241 5244 5245
v -168.6900 83.6600 0.0000
v -167.1200 88.9200 0.0000
v -151.5200 84.2400 0.0000
v -153.1000 78.9700 0.0000
v -168.6900 83.6600 0.0000
v -168.6900 83.6600 42.2000
v -167.1200 88.9200 42.2000
v -151.5200 84.2400 42.2000
v -153.1000 78.9700 42.2000
v -168.6900 83.6600 42.2000
f 5246 5247 5252
f 5246 5252 5251
f 5247 5248 5253
f 5247 5253 5252
f 5248 5249 5254
f 5248 5254 5253
f 5249 5250 5255
f 5249 5255 5254
f 5250 5246 5251
f 5250 5251 5255
f 5251 5252 5253
f 5251 5253 5254
f 5251 5254 5255
v -121.2800 -133.3700 0.0000
v -112.4600 -137.7500 0.0000
v -116.4900 -145.9000 0.0000
v -125.3200 -141.5400 0.0000
v -121.2800 -133.3700 0.0000
v -121.2800 -133.3700 40.3000
v -112.4600 -137.7500 40.3000
v -116.4900 -145.9000 40.3000
v -125.3200 -141.5400 40.3000
v -121.2800 -133.3700 40.3000
f 5256 5257 5262
f 5256 5262 5261
f 5257 5258 5263
f 5257 5263 5262
f 5258 5259 5264
f 5258 5264 5263
f 5259 5260 5265
f 5259 5265 5264
f 5260 5256 5261
f 5260 5261 5265
f 5261 5262 5263
f 5261 5263 5264
f 5261 5264 5265
v -167.1200 88.9200 0.0000
v -163.9600 99.3900 0.0000
v -149.2900 95.0700 0.0000
v -151.5200 84.2400 0.0000
v -167.1200 88.9200 0.0000
v -167.1200 88.9200 42.2000
v -163.9600 99.3900 42.2000
v -149.2900 95.0700 42.2000
v -151.5200 84.2400 42.2000
v -167.1200 88.9200 42.2000
f 5266 5267 5272
f 5266 5272 5271
f 5267 5268 5273
f 5267 5273 5272
f 5268 5269 5274
f 5268 5274 5273
f 5269 5270 5275
f 5269 5275 5274
f 5270 5266 5271
f 5270 5271 5275
f 5271 5272 5273
f 5271 5273 5274
f 5271 5274 5275
v 144.3700 102.9600 0.0000
v 143.9300 99.2400 0.0000
v 162.1100 97.7700 0.0000
v 166.2700 106.9100 0.0000
v 159.2300 107.8500 0.0000
v 159.2300 106.1300 0.0000
v 151.0600 106.8100 0.0000
v 150.8200 105.8900 0.0000
v 146.5700 106.1800 0.0000
v 146.0800 102.9000 0.0000
v 144.3700 102.9600 0.0000
v 144.3700 102.9600 42.2000
v 143.9300 99.2400 42.2000
v 162.1100 97.7700 42.2000
v 166.2700 106.9100 42.2000
v 159.2300 107.8500 42.2000
v 159.2300 106.1300 42.2000
v 151.0600 106.8100 42.2000
v 150.8200 105.8900 42.2000
v 146.5700 106.1800 42.2000
v 146.0800 102.9000 42.2000
v 144.3700 102.9600 42.2000
f 5276 5277 5288
f 5276 5288 5287
f 5277 5278 5289
f 5277 5289 5288
f 5278 5279 5290
f 5278 5290 5289
f 5279 5280 5291
f 5279 5291 5290
f 5280 5281 5292
f 5280 5292 5291
f 5281 5282 5293
f 5281 5293 5292
f 5282 5283 5294
f 5282 5294 5293
f 5283 5284 5295
f 5283 5295 5294
f 5284 5285 5296
f 5284 5296 5295
f 5285 5286 5297
f 5285 5297 5296
f 5286 5276 5287
f 5286 5287 5297
f 5287 5288 5289
f 5287 5289 5290
f 5287 5290 5291
f 5287 5291 5292
f 5287 5292 5293
f 5287 5293 5294
f 5287 5294 5295
f 5287 5295 5296
f 5287 5296 5297
v 105.8700 150.1500 0.0000
v 94.8200 150.3900 0.0000
v 97.8800 163.2900 0.0000
v 123.8100 160.0100 0.0000
v 123.5900 149.7600 0.0000
v 112.8900 149.9900 0.0000
v 112.5900 136.3200 0.0000
v 105.5600 136.4800 0.0000
v 105.8700 150.1500 0.0000
v 105.8700 150.1500 42.2000
v 94.8200 150.3900 42.2000
v 97.8800 163.2900 42.2000
v 123.8100 160.0100 42.2000
v 123.5900 149.7600 42.2000
v 112.8900 149.9900 42.2000
v 112.5900 136.3200 42.2000
v 105.5600 136.4800 42.2000
v 105.8700 150.1500 42.2000
f 5298 5299 5308
f 5298 5308 5307
f 5299 5300 5309
f 5299 5309 5308
f 5300 5301 5310
f 5300 5310 5309
f 5301 5302 5311
f 5301 5311 5310
f 5302 5303 5312
f 5302 5312 5311
f 5303 5304 5313
f 5303 5313 5312
f 5304 5305 5314
f 5304 5314 5313
f 5305 5306 5315
f 5305 5315 5314
f 5306 5298 5307
f 5306 5307 5315
f 5307 5308 5309
f 5307 5309 5310
f 5307 5310 5311
f 5307 5311 5312
f 5307 5312 5313
f 5307 5313 5314
f 5307 5314 5315
v 113.6100 149.4200 0.0000
v 123.7500 149.2000 0.0000
v 123.4200 134.3800 0.0000
v 113.2800 134.6100 0.0000
v 113.6100 149.4200 0.0000
v 113.6100 149.4200 42.2000
v 123.7500 149.2000 42.2000
v 123.4200 134.3800 42.2000
v 113.2800 134.6100 42.2000
v 113.6100 149.4200 42.2000
f 5316 5317 5322
f 5316 5322 5321
f 5317 5318 5323
f 5317 5323 5322
f 5318 5319 5324
f 5318 5324 5323
f 5319 5320 5325
f 5319 5325 5324
f 5320 5316 5321
f 5320 5321 5325
f 5321 5322 5323
f 5321 5323 5324
f 5321 5324 5325
v -112.1400 -147.4600 0.0000
v -109.9200 -148.5600 0.0000
v -111.2300 -151.2400 0.0000
v -113.4500 -150.1600 0.0000
v -112.1400 -147.4600 0.0000
v -112.1400 -147.4600 6.0000
v -109.9200 -148.5600 6.0000
v -111.2300 -151.2400 6.0000
v -113.4500 -150.1600 6.0000
v -112.1400 -147.4600 6.0000
f 5326 5327 5332
f 5326 5332 5331
f 5327 5328 5333
f 5327 5333 5332
f 5328 5329 5334
f 5328 5334 5333
f 5329 5330 5335
f 5329 5335 5334
f 5330 5326 5331
f 5330 5331 5335
f 5331 5332 5333
f 5331 5333 5334
f 5331 5334 5335
v -168.1100 -92.0900 0.0000
v -174.8100 -90.2700 0.0000
v -168.3700 -75.5700 0.0000
v -158.6300 -79.8200 0.0000
v -161.2400 -85.7500 0.0000
v -164.6600 -84.2500 0.0000
v -168.1100 -92.0900 0.0000
v -168.1100 -92.0900 17.0000
v -174.8100 -90.2700 17.0000
v -168.3700 -75.5700 17.0000
v -158.6300 -79.8200 17.0000
v -161.2400 -85.7500 17.0000
v -164.6600 -84.2500 17.0000
v -168.1100 -92.0900 17.0000
f 5336 5337 5344
f 5336 5344 5343
f 5337 5338 5345
f 5337 5345 5344
f 5338 5339 5346
f 5338 5346 5345
f 5339 5340 5347
f 5339 5347 5346
f 5340 5341 5348
f 5340 5348 5347
f 5341 5342 5349
f 5341 5349 5348
f 5342 5336 5343
f 5342 5343 5349
f 5343 5344 5345
f 5343 5345 5346
f 5343 5346 5347
f 5343 5347 5348
f 5343 5348 5349
v -157.9200 103.4400 0.0000
v -154.5000 114.4700 0.0000
v -147.1200 112.0000 0.0000
v -145.3500 108.9700 0.0000
v -149.2900 95.0700 0.0000
v -163.9600 99.3900 0.0000
v -162.5000 104.5800 0.0000
v -157.9200 103.4400 0.0000
v -157.9200 103.4400 42.2000
v -154.5000 114.4700 42.2000
v -147.1200 112.0000 42.2000
v -145.3500 108.9700 42.2000
v -149.2900 95.0700 42.2000
v -163.9600 99.3900 42.2000
v -162.5000 104.5800 42.2000
v -157.9200 103.4400 42.2000
f 5350 5351 5359
f 5350 5359 5358
f 5351 5352 5360
f 5351 5360 5359
f 5352 5353 5361
f 5352 5361 5360
f 5353 5354 5362
f 5353 5362 5361
f 5354 5355 5363
f 5354 5363 5362
f 5355 5356 5364
f 5355 5364 5363
f 5356 5357 5365
f 5356 5365 5364
f 5357 5350 5358
f 5357 5358 5365
f 5358 5359 5360
f 5358 5360 5361
f 5358 5361 5362
f 5358 5362 5363
f 5358 5363 5364
f 5358 5364 5365
v 141.8100 118.1500 0.0000
v 143.9700 118.3200 0.0000
v 144.2000 119.7400 0.0000
v 153.5900 119.5000 0.0000
v 153.4300 115.8600 0.0000
v 141.6900 114.6900 0.0000
v 141.8100 118.1500 0.0000
v 141.8100 118.1500 42.2000
v 143.9700 118.3200 42.2000
v 144.2000 119.7400 42.2000
v 153.5900 119.5000 42.2000
v 153.4300 115.8600 42.2000
v 141.6900 114.6900 42.2000
v 141.8100 118.1500 42.2000
f 5366 5367 5374
f 5366 5374 5373
f 5367 5368 5375
f 5367 5375 5374
f 5368 5369 5376
f 5368 5376 5375
f 5369 5370 5377
f 5369 5377 5376
f 5370 5371 5378
f 5370 5378 5377
f 5371 5372 5379
f 5371 5379 5378
f 5372 5366 5373
f 5372 5373 5379
f 5373 5374 5375
f 5373 5375 5376
f 5373 5376 5377
f 5373 5377 5378
f 5373 5378 5379
v 146.7300 -106.0000 0.0000
v 156.7900 -74.3400 0.0000
v 180.2600 -82.6100 0.0000
v 173.6600 -114.9600 0.0000
v 146.7300 -106.0000 0.0000
v 146.7300 -106.0000 65.0000
v 156.7900 -74.3400 65.0000
v 180.2600 -82.6100 65.0000
v 173.6600 -114.9600 65.0000
v 146.7300 -106.0000 65.0000
f 5380 5381 5386
f 5380 5386 5385
f 5381 5382 5387
f 5381 5387 5386
f 5382 5383 5388
f 5382 5388 5387
f 5383 5384 5389
f 5383 5389 5388
f 5384 5380 5385
f 5384 5385 5389
f 5385 5386 5387
f 5385 5387 5388
f 5385 5388 5389
v -75.0300 193.5800 0.0000
v -55.8400 178.6000 0.0000
v -62.0900 157.7100 0.0000
v -69.2900 161.3600 0.0000
v -67.8900 166.0700 0.0000
v -82.8300 170.3300 0.0000
v -75.0300 193.5800 0.0000
v -75.0300 193.5800 42.2000
v -55.8400 178.6000 42.2000
v -62.0900 157.7100 42.2000
v -69.2900 161.3600 42.2000
v -67.8900 166.0700 42.2000
v -82.8300 170.3300 42.2000
v -75.0300 193.5800 42.2000
f 5390 5391 5398
f 5390 5398 5397
f 5391 5392 5399
f 5391 5399 5398
f 5392 5393 5400
f 5392 5400 5399
f 5393 5394 5401
f 5393 5401 5400
f 5394 5395 5402
f 5394 5402 5401
f 5395 5396 5403
f 5395 5403 5402
f 5396 5390 5397
f 5396 5397 5403
f 5397 5398 5399
f 5397 5399 5400
f 5397 5400 5401
f 5397 5401 5402
f 5397 5402 5403
v -133.4800 -124.0800 0.0000
v -126.6900 -127.4800 0.0000
v -125.7800 -125.6600 0.0000
v -119.8700 -128.6100 0.0000
v -126.4600 -141.9700 0.0000
v -117.1500 -146.5200 0.0000
v -125.0400 -162.8600 0.0000
v -133.0000 -165.8000 0.0000
v -152.1600 -155.0200 0.0000
v -138.4900 -126.7800 0.0000
v -135.5700 -128.2200 0.0000
v -133.4800 -124.0800 0.0000
v -133.4800 -124.0800 59.6000
v -126.6900 -127.4800 59.6000
v -125.7800 -125.6600 59.6000
v -119.8700 -128.6100 59.6000
v -126.4600 -141.9700 59.6000
v -117.1500 -146.5200 59.6000
v -125.0400 -162.8600 59.6000
v -133.0000 -165.8000 59.6000
v -152.1600 -155.0200 59.6000
v -138.4900 -126.7800 59.6000
v -135.5700 -128.2200 59.6000
v -133.4800 -124.0800 59.6000
f 5404 5405 5417
f 5404 5417 5416
f 5405 5406 5418
f 5405 5418 5417
f 5406 5407 5419
f 5406 5419 5418
f 5407 5408 5420
f 5407 5420 5419
f 5408 5409 5421
f 5408 5421 5420
f 5409 5410 5422
f 5409 5422 5421
f 5410 5411 5423
f 5410 5423 5422
f 5411 5412 5424
f 5411 5424 5423
f 5412 5413 5425
f 5412 5425 5424
f 5413 5414 5426
f 5413 5426 5425
f 5414 5415 5427
f 5414 5427 5426
f 5415 5404 5416
f 5415 5416 5427
f 5416 5417 5418
f 5416 5418 5419
f 5416 5419 5420
f 5416 5420 5421
f 5416 5421 5422
f 5416 5422 5423
f 5416 5423 5424
f 5416 5424 5425
f 5416 5425 5426
f 5416 5426 5427
v -158.5900 104.3500 0.0000
v -162.1200 105.3000 0.0000
v -159.3100 115.7800 0.0000
v -155.7800 114.8400 0.0000
v -158.5900 104.3500 0.0000
v -158.5900 104.3500 42.2000
v -162.1200 105.3000 42.2000
v -159.3100 115.7800 42.2000
v -155.7800 114.8400 42.2000
v -158.5900 104.3500 42.2000
f 5428 5429 5434
f 5428 5434 5433
f 5429 5430 5435
f 5429 5435 5434
f 5430 5431 5436
f 5430 5436 5435
f 5431 5432 5437
f 5431 5437 5436
f 5432 5428 5433
f 5432 5433 5437
f 5433 5434 5435
f 5433 5435 5436
f 5433 5436 5437
v -88.0800 -174.3700 0.0000
v -102.1600 -167.2400 0.0000
v -95.7200 -154.4200 0.0000
v -77.6700 -163.5100 0.0000
v -84.1600 -176.3500 0.0000
v -90.7700 -189.4400 0.0000
v -94.7100 -187.3300 0.0000
v -88.0800 -174.3700 0.0000
v -88.0800 -174.3700 42.2000
v -102.1600 -167.2400 42.2000
v -95.7200 -154.4200 42.2000
v -77.6700 -163.5100 42.2000
v -84.1600 -176.3500 42.2000
v -90.7700 -189.4400 42.2000
v -94.7100 -187.3300 42.2000
v -88.0800 -174.3700 42.2000
f 5438 5439 5447
f 5438 5447 5446
f 5439 5440 5448
f 5439 5448 5447
f 5440 5441 5449
f 5440 5449 5448
f 5441 5442 5450
f 5441 5450 5449
f 5442 5443 5451
f 5442 5451 5450
f 5443 5444 5452
f 5443 5452 5451
f 5444 5445 5453
f 5444 5453 5452
f 5445 5438 5446
f 5445 5446 5453
f 5446 5447 5448
f 5446 5448 5449
f 5446 5449 5450
f 5446 5450 5451
f 5446 5451 5452
f 5446 5452 5453
v 124.1900 135.4800 0.0000
v 124.7500 160.4700 0.0000
v 144.3500 157.2400 0.0000
v 141.4300 138.0000 0.0000
v 137.7200 135.2200 0.0000
v 124.1900 135.4800 0.0000
v 124.1900 135.4800 42.2000
v 124.7500 160.4700 42.2000
v 144.3500 157.2400 42.2000
v 141.4300 138.0000 42.2000
v 137.7200 135.2200 42.2000
v 124.1900 135.4800 42.2000
f 5454 5455 5461
f 5454 5461 5460
f 5455 5456 5462
f 5455 5462 5461
f 5456 5457 5463
f 5456 5463 5462
f 5457 5458 5464
f 5457 5464 5463
f 5458 5459 5465
f 5458 5465 5464
f 5459 5454 5460
f 5459 5460 5465
f 5460 5461 5462
f 5460 5462 5463
f 5460 5463 5464
f 5460 5464 5465
v -115.9300 -161.0300 0.0000
v -115.5700 -160.2800 0.0000
v -113.5400 -156.1500 0.0000
v -112.8900 -156.4700 0.0000
v -115.2800 -161.3600 0.0000
v -115.9300 -161.0300 0.0000
v -115.9300 -161.0300 1.0000
v -115.5700 -160.2800 1.0000
v -113.5400 -156.1500 1.0000
v -112.8900 -156.4700 1.0000
v -115.2800 -161.3600 1.0000
v -115.9300 -161.0300 1.0000
f 5466 5467 5473
f 5466 5473 5472
f 5467 5468 5474
f 5467 5474 5473
f 5468 5469 5475
f 5468 5475 5474
f 5469 5470 5476
f 5469 5476 5475
f 5470 5471 5477
f 5470 5477 5476
f 5471 5466 5472
f 5471 5472 5477
f 5472 5473 5474
f 5472 5474 5475
f 5472 5475 5476
f 5472 5476 5477
v 154.0500 122.5600 0.0000
v 161.5600 122.2200 0.0000
v 161.3500 116.3600 0.0000
v 153.8700 116.2200 0.0000
v 154.0500 122.5600 0.0000
v 154.0500 122.5600 42.2000
v 161.5600 122.2200 42.2000
v 161.3500 116.3600 42.2000
v 153.8700 116.2200 42.2000
v 154.0500 122.5600 42.2000
f 5478 5479 5484
f 5478 5484 5483
f 5479 5480 5485
f 5479 5485 5484
f 5480 5481 5486
f 5480 5486 5485
f 5481 5482 5487
f 5481 5487 5486
f 5482 5478 5483
f 5482 5483 5487
f 5483 5484 5485
f 5483 5485 5486
f 5483 5486 5487
v -118.6100 -158.8000 0.0000
v -115.5700 -160.2800 0.0000
v -115.9300 -161.0300 0.0000
v -116.0200 -161.2100 0.0000
v -119.0800 -159.7300 0.0000
v -118.6100 -158.8000 0.0000
v -118.6100 -158.8000 1.0000
v -115.5700 -160.2800 1.0000
v -115.9300 -161.0300 1.0000
v -116.0200 -161.2100 1.0000
v -119.0800 -159.7300 1.0000
v -118.6100 -158.8000 1.0000
f 5488 5489 5495
f 5488 5495 5494
f 5489 5490 5496
f 5489 5496 5495
f 5490 5491 5497
f 5490 5497 5496
f 5491 5492 5498
f 5491 5498 5497
f 5492 5493 5499
f 5492 5499 5498
f 5493 5488 5494
f 5493 5494 5499
f 5494 5495 5496
f 5494 5496 5497
f 5494 5497 5498
f 5494 5498 5499
v 88.8300 -167.0700 0.0000
v 90.6800 -163.1600 0.0000
v 103.7400 -135.5800 0.0000
v 150.7700 -150.8800 0.0000
v 140.9000 -169.9800 0.0000
v 134.9000 -181.6000 0.0000
v 110.6400 -173.9500 0.0000
v 103.0300 -171.5400 0.0000
v 99.6400 -170.4700 0.0000
v 96.2400 -169.4100 0.0000
v 88.8300 -167.0700 0.0000
v 88.8300 -167.0700 53.7000
v 90.6800 -163.1600 53.7000
v 103.7400 -135.5800 53.7000
v 150.7700 -150.8800 53.7000
v 140.9000 -169.9800 53.7000
v 134.9000 -181.6000 53.7000
v 110.6400 -173.9500 53.7000
v 103.0300 -171.5400 53.7000
v 99.6400 -170.4700 53.7000
v 96.2400 -169.4100 53.7000
v 88.8300 -167.0700 53.7000
f 5500 5501 5512
f 5500 5512 5511
f 5501 5502 5513
f 5501 5513 5512
f 5502 5503 5514
f 5502 5514 5513
f 5503 5504 5515
f 5503 5515 5514
f 5504 5505 5516
f 5504 5516 5515
f 5505 5506 5517
f 5505 5517 5516
f 5506 5507 5518
f 5506 5518 5517
f 5507 5508 5519
f 5507 5519 5518
f 5508 5509 5520
f 5508 5520 5519
f 5509 5510 5521
f 5509 5521 5520
f 5510 5500 5511
f 5510 5511 5521
f 5511 5512 5513
f 5511 5513 5514
f 5511 5514 5515
f 5511 5515 5516
f 5511 5516 5517
f 5511 5517 5518
f 5511 5518 5519
f 5511 5519 5520
f 5511 5520 5521
v -177.6700 -148.5200 0.0000
v -166.3100 -124.7800 0.0000
v -170.6900 -122.6700 0.0000
v -161.0300 -102.4800 0.0000
v -156.1200 -103.8200 0.0000
v -157.5300 -106.6800 0.0000
v -142.7400 -110.4100 0.0000
v -142.2800 -111.4100 0.0000
v -141.4600 -113.2500 0.0000
v -140.6400 -115.0900 0.0000
v -139.9200 -116.7000 0.0000
v -157.9800 -153.4400 0.0000
v -171.1400 -150.1500 0.0000
v -171.5600 -150.0500 0.0000
v -172.9000 -149.7100 0.0000
v -176.9900 -148.6900 0.0000
v -177.6700 -148.5200 0.0000
v -177.6700 -148.5200 57.5000
v -166.3100 -124.7800 57.5000
v -170.6900 -122.6700 57.5000
v -161.0300 -102.4800 57.5000
v -156.1200 -103.8200 57.5000
v -157.5300 -106.6800 57.5000
v -142.7400 -110.4100 57.5000
v -142.2800 -111.4100 57.5000
v -141.4600 -113.2500 57.5000
v -140.6400 -115.0900 57.5000
v -139.9200 -116.7000 57.5000
v -157.9800 -153.4400 57.5000
v -171.1400 -150.1500 57.5000
v -171.5600 -150.0500 57.5000
v -172.9000 -149.7100 57.5000
v -176.9900 -148.6900 57.5000
v -177.6700 -148.5200 57.5000
f 5522 5523 5540
f 5522 5540 5539
f 5523 5524 5541
f 5523 5541 5540
f 5524 5525 5542
f 5524 5542 5541
f 5525 5526 5543
f 5525 5543 5542
f 5526 5527 5544
f 5526 5544 5543
f 5527 5528 5545
f 5527 5545 5544
f 5528 5529 5546
f 5528 5546 5545
f 5529 5530 5547
f 5529 5547 5546
f 5530 5531 5548
f 5530 5548 5547
f 5531 5532 5549
f 5531 5549 5548
f 5532 5533 5550
f 5532 5550 5549
f 5533 5534 5551
f 5533 5551 5550
f 5534 5535 5552
f 5534 5552 5551
f 5535 5536 5553
f 5535 5553 5552
f 5536 5537 5554
f 5536 5554 5553
f 5537 5538 5555
f 5537 5555 5554
f 5538 5522 5539
f 5538 5539 5555
f 5539 5540 5541
f 5539 5541 5542
f 5539 5542 5543
f 5539 5543 5544
f 5539 5544 5545
f 5539 5545 5546
f 5539 5546 5547
f 5539 5547 5548
f 5539 5548 5549
f 5539 5549 5550
f 5539 5550 5551
f 5539 5551 5552
f 5539 5552 5553
f 5539 5553 5554
f 5539 5554 5555
v -14.6200 -155.6100 0.0000
v -45.1900 -214.6100 0.0000
v -44.8000 -214.8400 0.0000
v -43.5200 -214.3000 0.0000
v -42.3000 -215.7000 0.0000
v -41.2100 -215.3900 0.0000
v -39.6800 -217.1400 0.0000
v -38.7000 -216.7600 0.0000
v -37.1700 -218.5100 0.0000
v -36.2000 -218.1300 0.0000
v -34.6600 -219.8800 0.0000
v -33.6900 -219.5100 0.0000
v -32.1600 -221.2600 0.0000
v -31.1800 -220.8800 0.0000
v -30.0300 -222.1900 0.0000
v -30.3100 -222.7500 0.0000
v -30.0100 -222.9300 0.0000
v -0.4700 -162.7500 0.0000
v -14.6200 -155.6100 0.0000
v -14.6200 -155.6100 55.8000
v -45.1900 -214.6100 55.8000
v -44.8000 -214.8400 55.8000
v -43.5200 -214.3000 55.8000
v -42.3000 -215.7000 55.8000
v -41.2100 -215.3900 55.8000
v -39.6800 -217.1400 55.8000
v -38.7000 -216.7600 55.8000
v -37.1700 -218.5100 55.8000
v -36.2000 -218.1300 55.8000
v -34.6600 -219.8800 55.8000
v -33.6900 -219.5100 55.8000
v -32.1600 -221.2600 55.8000
v -31.1800 -220.8800 55.8000
v -30.0300 -222.1900 55.8000
v -30.3100 -222.7500 55.8000
v -30.0100 -222.9300 55.8000
v -0.4700 -162.7500 55.8000
v -14.6200 -155.6100 55.8000
f 5556 5557 5576
f 5556 5576 5575
f 5557 5558 5577
f 5557 5577 5576
f 5558 5559 5578
f 5558 5578 5577
f 5559 5560 5579
f 5559 5579 5578
f 5560 5561 5580
f 5560 5580 5579
f 5561 5562 5581
f 5561 5581 5580
f 5562 5563 5582
f 5562 5582 5581
f 5563 5564 5583
f 5563 5583 5582
f 5564 5565 5584
f 5564 5584 5583
f 5565 5566 5585
f 5565 5585 5584
f 5566 5567 5586
f 5566 5586 5585
f 5567 5568 5587
f 5567 5587 5586
f 5568 5569 5588
f 5568 5588 5587
f 5569 5570 5589
f 5569 5589 5588
f 5570 5571 5590
f 5570 5590 5589
f 5571 5572 5591
f 5571 5591 5590
f 5572 5573 5592
f 5572 5592 5591
f 5573 5574 5593
f 5573 5593 5592
f 5574 5556 5575
f 5574 5575 5593
f 5575 5576 5577
f 5575 5577 5578
f 5575 5578 5579
f 5575 5579 5580
f 5575 5580 5581
f 5575 5581 5582
f 5575 5582 5583
f 5575 5583 5584
f 5575 5584 5585
f 5575 5585 5586
f 5575 5586 5587
f 5575 5587 5588
f 5575 5588 5589
f 5575 5589 5590
f 5575 5590 5591
f 5575 5591 5592
f 5575 5592 5593
v 148.0500 139.0300 0.0000
v 151.1800 155.1200 0.0000
v 165.6900 152.3100 0.0000
v 162.5600 136.2100 0.0000
v 148.0500 139.0300 0.0000
v 148.0500 139.0300 42.2000
v 151.1800 155.1200 42.2000
v 165.6900 152.3100 42.2000
v 162.5600 136.2100 42.2000
v 148.0500 139.0300 42.2000
f 5594 5595 5600
f 5594 5600 5599
f 5595 5596 5601
f 5595 5601 5600
f 5596 5597 5602
f 5596 5602 5601
f 5597 5598 5603
f 5597 5603 5602
f 5598 5594 5599
f 5598 5599 5603
f 5599 5600 5601
f 5599 5601 5602
f 5599 5602 5603
v -109.3800 121.5700 0.0000
v -122.2300 125.2200 0.0000
v -162.4400 136.6200 0.0000
v -164.8100 141.4100 0.0000
v -153.7500 180.5000 0.0000
v -143.5000 216.7500 0.0000
v -144.0600 216.9200 0.0000
v -141.9600 224.3100 0.0000
v -112.6600 216.0000 0.0000
v -113.1300 214.3500 0.0000
v -109.2500 213.2400 0.0000
v -101.2600 210.9700 0.0000
v -101.6700 209.5300 0.0000
v -83.3200 204.3200 0.0000
v -93.9200 166.9500 0.0000
v -96.3200 167.6200 0.0000
v -108.3400 125.2500 0.0000
v -109.3800 121.5700 0.0000
v -109.3800 121.5700 30.4000
v -122.2300 125.2200 30.4000
v -162.4400 136.6200 30.4000
v -164.8100 141.4100 30.4000
v -153.7500 180.5000 30.4000
v -143.5000 216.7500 30.4000
v -144.0600 216.9200 30.4000
v -141.9600 224.3100 30.4000
v -112.6600 216.0000 30.4000
v -113.1300 214.3500 30.4000
v -109.2500 213.2400 30.4000
v -101.2600 210.9700 30.4000
v -101.6700 209.5300 30.4000
v -83.3200 204.3200 30.4000
v -93.9200 166.9500 30.4000
v -96.3200 167.6200 30.4000
v -108.3400 125.2500 30.4000
v -109.3800 121.5700 30.4000
f 5604 5605 5623
f 5604 5623 5622
f 5605 5606 5624
f 5605 5624 5623
f 5606 5607 5625
f 5606 5625 5624
f 5607 5608 5626
f 5607 5626 5625
f 5608 5609 5627
f 5608 5627 5626
f 5609 5610 5628
f 5609 5628 5627
f 5610 5611 5629
f 5610 5629 5628
f 5611 5612 5630
f 5611 5630 5629
f 5612 5613 5631
f 5612 5631 5630
f 5613 5614 5632
f 5613 5632 5631
f 5614 5615 5633
f 5614 5633 5632
f 5615 5616 5634
f 5615 5634 5633
f 5616 5617 5635
f 5616 5635 5634
f 5617 5618 5636
f 5617 5636 5635
f 5618 5619 5637
f 5618 5637 5636
f 5619 5620 5638
f 5619 5638 5637
f 5620 5621 5639
f 5620 5639 5638
f 5621 5604 5622
f 5621 5622 5639
f 5622 5623 5624
f 5622 5624 5625
f 5622 5625 5626
f 5622 5626 5627
f 5622 5627 5628
f 5622 5628 5629
f 5622 5629 5630
f 5622 5630 5631
f 5622 5631 5632
f 5622 5632 5633
f 5622 5633 5634
f 5622 5634 5635
f 5622 5635 5636
f 5622 5636 5637
f 5622 5637 5638
f 5622 5638 5639
v 196.3000 163.4500 0.0000
v 193.9600 148.0400 0.0000
v 178.0100 151.0500 0.0000
v 175.3900 133.8400 0.0000
v 163.5900 135.8300 0.0000
v 166.3400 153.2500 0.0000
v 152.6000 156.1500 0.0000
v 154.8100 171.0900 0.0000
v 196.3000 163.4500 0.0000
v 196.3000 163.4500 65.0000
v 193.9600 148.0400 65.0000
v 178.0100 151.0500 65.0000
v 175.3900 133.8400 65.0000
v 163.5900 135.8300 65.0000
v 166.3400 153.2500 65.0000
v 152.6000 156.1500 65.0000
v 154.8100 171.0900 65.0000
v 196.3000 163.4500 65.0000
f 5640 5641 5650
f 5640 5650 5649
f 5641 5642 5651
f 5641 5651 5650
f 5642 5643 5652
f 5642 5652 5651
f 5643 5644 5653
f 5643 5653 5652
f 5644 5645 5654
f 5644 5654 5653
f 5645 5646 5655
f 5645 5655 5654
f 5646 5647 5656
f 5646 5656 5655
f 5647 5648 5657
f 5647 5657 5656
f 5648 5640 5649
f 5648 5649 5657
f 5649 5650 5651
f 5649 5651 5652
f 5649 5652 5653
f 5649 5653 5654
f 5649 5654 5655
f 5649 5655 5656
f 5649 5656 5657
v 156.9900 -153.1900 0.0000
v 181.7600 -161.0100 0.0000
v 179.3800 -168.3900 0.0000
v 182.5500 -169.5000 0.0000
v 176.2000 -189.5000 0.0000
v 148.7700 -175.1500 0.0000
v 153.4800 -160.0600 0.0000
v 154.6100 -160.4000 0.0000
v 156.9900 -153.1900 0.0000
v 156.9900 -153.1900 44.3000
v 181.7600 -161.0100 44.3000
v 179.3800 -168.3900 44.3000
v 182.5500 -169.5000 44.3000
v 176.2000 -189.5000 44.3000
v 148.7700 -175.1500 44.3000
v 153.4800 -160.0600 44.3000
v 154.6100 -160.4000 44.3000
v 156.9900 -153.1900 44.3000
f 5658 5659 5668
f 5658 5668 5667
f 5659 5660 5669
f 5659 5669 5668
f 5660 5661 5670
f 5660 5670 5669
f 5661 5662 5671
f 5661 5671 5670
f 5662 5663 5672
f 5662 5672 5671
f 5663 5664 5673
f 5663 5673 5672
f 5664 5665 5674
f 5664 5674 5673
f 5665 5666 5675
f 5665 5675 5674
f 5666 5658 5667
f 5666 5667 5675
f 5667 5668 5669
f 5667 5669 5670
f 5667 5670 5671
f 5667 5671 5672
f 5667 5672 5673
f 5667 5673 5674
f 5667 5674 5675