runIndex,label,moduleDir,seed,device,warmupEpisodes,measuredIndex,completedEpisode,episodeWallSeconds,stepCalls,actionSteps,stepP50Seconds,stepP95Seconds,score,rawScore,fillRatio,rentableRatio,moduleCount,dictionaryLength,policyLoss,candidateEvaluations,topologyValid,topologyViolationRate,topologyViolationCount,topologyPenalty,bpeBonus,bpeRounds,reusedBpeModules,vocabSize,unmergedTriangles,averageUnmergedTriangles,unmergedTrianglePenalty,triangleRatio,categoryEntropy,layoutHash,actionHash,dictionaryHash,categoryCountsJson,profilerTimingsJson
0,baseline,/home/ramazan/tmp/Discrete Building Generator,812,cpu,1,0,1,3.1333285190048628,11,10,0.19912135298363864,0.6785417400242295,51.1956,22.55872512027274,0.3565707157735232,0.7976578571468352,40.0,4.0,2.031752347946167,3202.0,True,0.0,0,0.0,26.731345511227538,6.0,9.0,8.0,0.0,0.0,0.0,0.0,0.5004024235381879,e1eef00a4382de8cc8dcecda8c0bfa1148caf57ddff1189b7bf5ab404765c7cb,401c9e9fbb26b15e4a3c2868e95bdbae3aba8fb0f9e5001d162639e7a6d054cb,f20a1318a665b928fd1f83a3173b1c9f130288e4e7d80730721dad5edf61e31b,"{""core"": 8, ""room"": 32}","{""aggregateTerminal"": {""avg"": 0.07305300096049905, ""count"": 1, ""max"": 0.07305300096049905, ""min"": 0.07305300096049905}, ""bpeMerge"": {""avg"": 53.55070239165798, ""count"": 10, ""max"": 167.26062400266528, ""min"": 0.3312960034236312}, ""candidateGeneration"": {""avg"": 27.981532202102244, ""count"": 40, ""max"": 81.81339700240642, ""min"": 0.9040649747475982}, ""cgAnchorSearch"": {""avg"": 0.47654600251310814, ""count"": 60, ""max"": 1.1610782821662724, ""min"": 0.0}, ""cgEdgeAlignment"": {""avg"": 1.3633632783735679, ""count"": 44, ""max"": 4.684973100665957, ""min"": 0.0}, ""cgFeatureExtraction"": {""avg"": 2.950371022135104, ""count"": 44, ""max"": 19.698362331837416, ""min"": 0.0}, ""cgNeighborAnalysis"": {""avg"": 2.6835506697270004, ""count"": 44, ""max"": 10.24239172693342, ""min"": 0.0}, ""cgOverlapCollisions"": {""avg"": 13.06581215546678, ""count"": 44, ""max"": 46.754970389883965, ""min"": 0.0}, ""cgSiteBoundary"": {""avg"": 17.636846532695927, ""count"": 44, ""max"": 155.90403164969757, ""min"": 0.0}, ""dictSynthesis"": {""avg"": 0.001776963472366333, ""count"": 1, ""max"": 0.001776963472366333, ""min"": 0.001776963472366333}, ""episodeBpeMerge"": {""avg"": 187.48871702700853, ""count"": 1, ""max"": 187.48871702700853, ""min"": 187.48871702700853}, ""episodeFormatting"": {""avg"": 0.7723400194663554, ""count"": 2, ""max"": 0.7793960394337773, ""min"": 0.7652839994989336}, ""episodeTotal"": {""avg"": 3131.9143320433795, ""count"": 1, ""max"": 3131.9143320433795, ""min"": 3131.9143320433795}, ""learning"": {""avg"": 246.0041390149854, ""count"": 1, ""max"": 246.0041390149854, ""min"": 246.0041390149854}, ""placement"": {""avg"": 0.2182015030282653, ""count"": 36, ""max"": 0.3447780036367476, ""min"": 0.16539497300982475}, ""policyInference"": {""avg"": 10.449723806232214, ""count"": 10, ""max"": 20.557435986120254, ""min"": 0.8799899951554835}, ""shapeSynthesis"": {""avg"": 209.29794950643554, ""count"": 4, ""max"": 251.31132605019957, ""min"": 149.92186101153493}, ""stepTotal"": {""avg"": 261.2326199072413, ""count"": 10, ""max"": 847.8738310514018, ""min"": 123.40693100122735}, ""terminalMetrics"": {""avg"": 69.34865401126444, ""count"": 1, ""max"": 69.34865401126444, ""min"": 69.34865401126444}}"
0,baseline,/home/ramazan/tmp/Discrete Building Generator,812,cpu,1,1,2,3.568469129037112,11,10,0.28986439295113087,0.5640961285098456,39.9697,14.854967980847054,0.19970887076932983,0.7776993459901771,38.0,4.0,0.18310458958148956,6032.0,False,0.54,2,2.8080000000000003,29.405960199202656,7.0,10.0,7.0,0.0,0.0,0.0,0.0,0.5146531654289292,12767f9cb4d2031eefe59929288a5caf90443b1f1d774fc9f67854381821e70e,cd7d438bbd284af36eeea0b898537665e4d6957677a6a7884b7d421eb6165440,cbb50db2373499387e721e01d7dd4bd2dba9f9623f58169c9aad3c0019b4b63d,"{""core"": 8, ""room"": 30}","{""aggregateTerminal"": {""avg"": 0.08739897748455405, ""count"": 1, ""max"": 0.08739897748455405, ""min"": 0.08739897748455405}, ""bpeMerge"": {""avg"": 58.20193760446273, ""count"": 10, ""max"": 160.87159601738676, ""min"": 0.33001002157106996}, ""candidateGeneration"": {""avg"": 43.86226212731204, ""count"": 39, ""max"": 125.86044199997559, ""min"": 0.8612870005890727}, ""cgAnchorSearch"": {""avg"": 0.3992128075056133, ""count"": 63, ""max"": 1.3522848021239042, ""min"": 0.0}, ""cgEdgeAlignment"": {""avg"": 3.7403189266721406, ""count"": 45, ""max"": 16.94107975345105, ""min"": 0.0}, ""cgFeatureExtraction"": {""avg"": 3.905987337283376, ""count"": 45, ""max"": 17.95929134823382, ""min"": 0.0}, ""cgNeighborAnalysis"": {""avg"": 6.210902771757294, ""count"": 45, ""max"": 17.95323088299483, ""min"": 0.0}, ""cgOverlapCollisions"": {""avg"": 10.35630503643511, ""count"": 45, ""max"": 35.89481569360942, ""min"": 0.0}, ""cgSiteBoundary"": {""avg"": 19.367438862617647, ""count"": 45, ""max"": 141.8960906448774, ""min"": 0.0}, ""dictSynthesis"": {""avg"": 0.0026539782993495464, ""count"": 1, ""max"": 0.0026539782993495464, ""min"": 0.0026539782993495464}, ""episodeBpeMerge"": {""avg"": 179.5396429952234, ""count"": 1, ""max"": 179.5396429952234, ""min"": 179.5396429952234}, ""episodeFormatting"": {""avg"": 0.9112749830819666, ""count"": 2, ""max"": 0.9286769782193005, ""min"": 0.8938729879446328}, ""episodeTotal"": {""avg"": 3566.8188689742237, ""count"": 1, ""max"": 3566.8188689742237, ""min"": 3566.8188689742237}, ""learning"": {""avg"": 389.2215949599631, ""count"": 1, ""max"": 389.2215949599631, ""min"": 389.2215949599631}, ""placement"": {""avg"": 0.21387285874773035, ""count"": 34, ""max"": 0.30921195866540074, ""min"": 0.1497789635322988}, ""policyInference"": {""avg"": 10.986148111987859, ""count"": 10, ""max"": 18.08876800350845, ""min"": 1.7618420533835888}, ""shapeSynthesis"": {""avg"": 104.66111901914701, ""count"": 5, ""max"": 212.20995404291898, ""min"": 19.955515046603978}, ""stepTotal"": {""avg"": 294.1079356998671, ""count"": 10, ""max"": 512.0519289630465, ""min"": 138.63823900464922}, ""terminalMetrics"": {""avg"": 40.08904699003324, ""count"": 1, ""max"": 40.08904699003324, ""min"": 40.08904699003324}}"
0,baseline,/home/ramazan/tmp/Discrete Building Generator,812,cpu,1,2,3,3.553397641982883,11,10,0.3078568329801783,0.5086960899934638,39.275,17.223354617995255,0.24296967569630495,0.8,40.0,4.0,0.10641693323850632,5902.0,False,0.54,2,2.9203200000000002,26.202029405809718,8.0,9.0,8.0,0.0,0.0,0.0,0.0,0.5004024235381879,7807dc77ee78ff19625a47e2888a393a50f0ecdb10c511631a47e9c9520951e9,e2c6b61d9def16145a3316cda27b162c63dfae5bc7fd0007bcc6f9bf342222d0,76e8815632fa25e31828ee03499035473c8a53c61c191177bfc173c01c1ee249,"{""core"": 8, ""room"": 32}","{""aggregateTerminal"": {""avg"": 0.08411199087277055, ""count"": 1, ""max"": 0.08411199087277055, ""min"": 0.08411199087277055}, ""bpeMerge"": {""avg"": 62.52033909549937, ""count"": 10, ""max"": 191.86537398491055, ""min"": 0.4040640196762979}, ""candidateGeneration"": {""avg"": 46.09926362609258, ""count"": 40, ""max"": 126.39917095657438, ""min"": 0.8653749828226864}, ""cgAnchorSearch"": {""avg"": 0.47149164149434203, ""count"": 54, ""max"": 1.2638820335268974, ""min"": 0.0}, ""cgEdgeAlignment"": {""avg"": 3.2212543658467685, ""count"": 44, ""max"": 12.279951071832329, ""min"": 0.0}, ""cgFeatureExtraction"": {""avg"": 4.034117900036191, ""count"": 44, ""max"": 18.466183624695987, ""min"": 0.0}, ""cgNeighborAnalysis"": {""avg"": 6.444020407136784, ""count"": 44, ""max"": 19.44617583649233, ""min"": 0.0}, ""cgOverlapCollisions"": {""avg"": 12.10003907379525, ""count"": 44, ""max"": 29.774239694233984, ""min"": 0.0}, ""cgSiteBoundary"": {""avg"": 23.92983096995687, ""count"": 44, ""max"": 176.60822480684146, ""min"": 0.0}, ""dictSynthesis"": {""avg"": 0.001636974047869444, ""count"": 1, ""max"": 0.001636974047869444, ""min"": 0.001636974047869444}, ""episodeBpeMerge"": {""avg"": 197.83315097447485, ""count"": 1, ""max"": 197.83315097447485, ""min"": 197.83315097447485}, ""episodeFormatting"": {""avg"": 0.631516013527289, ""count"": 2, ""max"": 0.6808339967392385, ""min"": 0.5821980303153396}, ""episodeTotal"": {""avg"": 3552.2582640405744, ""count"": 1, ""max"": 3552.2582640405744, ""min"": 3552.2582640405744}, ""learning"": {""avg"": 85.13926103478298, ""count"": 1, ""max"": 85.13926103478298, ""min"": 85.13926103478298}, ""placement"": {""avg"": 0.2135226629131163, ""count"": 36, ""max"": 0.3409770433790982, ""min"": 0.14037202345207334}, ""policyInference"": {""avg"": 10.508791089523584, ""count"": 10, ""max"": 13.864990964066237, ""min"": 6.2917270115576684}, ""shapeSynthesis"": {""avg"": 152.9886717471527, ""count"": 4, ""max"": 267.7833139896393, ""min"": 47.16520302463323}, ""stepTotal"": {""avg"": 320.2354286040645, ""count"": 10, ""max"": 623.8025190541521, ""min"": 164.1809730208479}, ""terminalMetrics"": {""avg"": 54.02186402352527, ""count"": 1, ""max"": 54.02186402352527, ""min"": 54.02186402352527}}"
0,baseline,/home/ramazan/tmp/Discrete Building Generator,812,cpu,1,3,4,2.908933347032871,11,10,0.2121071819565259,0.5491254999942612,45.3346,18.20257061395524,0.30853814433840165,0.7999999999999999,40.0,4.0,0.588271975517273,3854.0,False,0.27,1,1.5163200000000003,28.823683174569695,7.0,10.0,8.0,0.0,0.0,0.0,0.0,0.5004024235381879,5bdc455c3c446e0dadd09f318f6249ad51500caea4994c6a1eb68e68259d89bd,67a76863ea6f3d2e275cb581bd0beb9142f94603ac44043ac618b8c268c86ea5,25636329932aee7de51cb6e80df2e1151cccdea868bf85937efe2825c96cd702,"{""core"": 8, ""room"": 32}","{""aggregateTerminal"": {""avg"": 0.09680702351033688, ""count"": 1, ""max"": 0.09680702351033688, ""min"": 0.09680702351033688}, ""bpeMerge"": {""avg"": 57.3545104067307, ""count"": 10, ""max"": 165.8245320431888, ""min"": 0.33344002440571785}, ""candidateGeneration"": {""avg"": 29.20596615440445, ""count"": 40, ""max"": 90.75725596630946, ""min"": 0.8435530471615493}, ""cgAnchorSearch"": {""avg"": 0.39530502787480754, ""count"": 57, ""max"": 1.115051913075149, ""min"": 0.0}, ""cgEdgeAlignment"": {""avg"": 2.0189809649971058, ""count"": 44, ""max"": 8.859092718921602, ""min"": 0.0}, ""cgFeatureExtraction"": {""avg"": 3.328337551052259, ""count"": 44, ""max"": 17.891821276862174, ""min"": 0.0}, ""cgNeighborAnalysis"": {""avg"": 4.062393555862152, ""count"": 44, ""max"": 14.163224783260375, ""min"": 0.0}, ""cgOverlapCollisions"": {""avg"": 9.998214916611852, ""count"": 44, ""max"": 23.31740321824327, ""min"": 0.0}, ""cgSiteBoundary"": {""avg"": 15.173200562871484, ""count"": 44, ""max"": 119.8874419205822, ""min"": 0.0}, ""dictSynthesis"": {""avg"": 0.002630986273288727, ""count"": 1, ""max"": 0.002630986273288727, ""min"": 0.002630986273288727}, ""episodeBpeMerge"": {""avg"": 169.21093402197585, ""count"": 1, ""max"": 169.21093402197585, ""min"": 169.21093402197585}, ""episodeFormatting"": {""avg"": 0.9655324975028634, ""count"": 2, ""max"": 0.9693600004538894, ""min"": 0.9617049945518374}, ""episodeTotal"": {""avg"": 2907.063737977296, ""count"": 1, ""max"": 2907.063737977296, ""min"": 2907.063737977296}, ""learning"": {""avg"": 222.9254249832593, ""count"": 1, ""max"": 222.9254249832593, ""min"": 222.9254249832593}, ""placement"": {""avg"": 0.1990070789664363, ""count"": 36, ""max"": 0.29559002723544836, ""min"": 0.14465703861787915}, ""policyInference"": {""avg"": 5.200121703092009, ""count"": 10, ""max"": 6.839420995675027, ""min"": 3.4578010090626776}, ""shapeSynthesis"": {""avg"": 156.37864300515503, ""count"": 4, ""max"": 207.3238019947894, ""min"": 58.653708023484796}, ""stepTotal"": {""avg"": 243.37088669999503, ""count"": 10, ""max"": 634.2382289585657, ""min"": 106.0196699691005}, ""terminalMetrics"": {""avg"": 64.64036897523329, ""count"": 1, ""max"": 64.64036897523329, ""min"": 64.64036897523329}}"
0,baseline,/home/ramazan/tmp/Discrete Building Generator,812,cpu,1,4,5,3.416551920992788,11,10,0.2786089289584197,0.5575031990010757,44.1927,15.948387315660066,0.33006884659604324,0.7864065684293211,38.0,5.0,0.4631947875022888,4104.0,False,0.27,1,1.5433200000000002,34.2442592820257,8.0,12.0,7.0,2.0,0.5,4.0,0.012158434216275407,0.5146531654289292,8d36f19330792f584a263fd05fa59acdfa8f8fa49dd6bb9676855c2442eed5f2,4a00108cd3cfb682d52a4ea157aa1cd1d587b6540d6df5398c74b4d566ceca86,bdc31e5014b5c8456c33ec342a63529dc40dff22738fb5a8111ea024050dec16,"{""core"": 8, ""room"": 30}","{""aggregateTerminal"": {""avg"": 0.0793350045569241, ""count"": 1, ""max"": 0.0793350045569241, ""min"": 0.0793350045569241}, ""bpeMerge"": {""avg"": 58.5260281979572, ""count"": 10, ""max"": 152.97085599740967, ""min"": 0.35722501343116164}, ""candidateGeneration"": {""avg"": 33.00602840504442, ""count"": 39, ""max"": 119.59102598484606, ""min"": 0.8313919533975422}, ""cgAnchorSearch"": {""avg"": 0.1935568301646161, ""count"": 137, ""max"": 1.2189330300316215, ""min"": 0.0}, ""cgEdgeAlignment"": {""avg"": 1.7881725122736367, ""count"": 56, ""max"": 11.661049968097359, ""min"": 0.0}, ""cgFeatureExtraction"": {""avg"": 3.1478892248872268, ""count"": 56, ""max"": 18.76579108648002, ""min"": 0.0}, ""cgNeighborAnalysis"": {""avg"": 4.29463927451122, ""count"": 56, ""max"": 19.740268355235457, ""min"": 0.0}, ""cgOverlapCollisions"": {""avg"": 8.524064629455097, ""count"": 56, ""max"": 32.56327530834824, ""min"": 0.0}, ""cgSiteBoundary"": {""avg"": 16.35687461800574, ""count"": 56, ""max"": 200.27903356822208, ""min"": 0.0}, ""dictSynthesis"": {""avg"": 0.002230983227491379, ""count"": 1, ""max"": 0.002230983227491379, ""min"": 0.002230983227491379}, ""episodeBpeMerge"": {""avg"": 160.58109397999942, ""count"": 1, ""max"": 160.58109397999942, ""min"": 160.58109397999942}, ""episodeFormatting"": {""avg"": 0.8784635283518583, ""count"": 2, ""max"": 0.8787790429778397, ""min"": 0.8781480137258768}, ""episodeTotal"": {""avg"": 3414.534892013762, ""count"": 1, ""max"": 3414.534892013762, ""min"": 3414.534892013762}, ""learning"": {""avg"": 170.66803597845137, ""count"": 1, ""max"": 170.66803597845137, ""min"": 170.66803597845137}, ""placement"": {""avg"": 0.2087433572991618, ""count"": 28, ""max"": 0.36023202119395137, ""min"": 0.16101502114906907}, ""policyInference"": {""avg"": 6.438918609637767, ""count"": 10, ""max"": 9.21179197030142, ""min"": 3.35671502398327}, ""shapeSynthesis"": {""avg"": 93.015757558698, ""count"": 11, ""max"": 283.0255480366759, ""min"": 15.162722032982856}, ""stepTotal"": {""avg"": 300.6952142866794, ""count"": 10, ""max"": 717.2264189575799, ""min"": 161.62907099351287}, ""terminalMetrics"": {""avg"": 58.31178603693843, ""count"": 1, ""max"": 58.31178603693843, ""min"": 58.31178603693843}}"
0,baseline,/home/ramazan/tmp/Discrete Building Generator,812,cpu,1,5,6,2.7271155710332096,11,10,0.2445641029626131,0.36394549446413293,39.6894,14.93623107834106,0.17176517641788183,0.8,40.0,4.0,0.01426440104842186,3659.0,False,0.81,3,4.710960000000001,28.25293600752746,6.0,10.0,8.0,0.0,0.0,0.0,0.0,0.5004024235381879,96292c11c03ce5d041b77c2c8e67c4983791bbc514b9b352188ad74255d1c621,27cd06ac9f05530f2111756748544fdf43808421911d2aac273749b32634e1c3,d09503a5bccbc8f290a3cbbd33ae2bf807a6e36a7f6bb6b625aba9a1044b5158,"{""core"": 8, ""room"": 32}","{""aggregateTerminal"": {""avg"": 0.08681102190166712, ""count"": 1, ""max"": 0.08681102190166712, ""min"": 0.08681102190166712}, ""bpeMerge"": {""avg"": 57.10630359244533, ""count"": 10, ""max"": 144.122330006212, ""min"": 0.3028989885933697}, ""candidateGeneration"": {""avg"": 31.79972105572233, ""count"": 40, ""max"": 50.103863002732396, ""min"": 0.8341999491676688}, ""cgAnchorSearch"": {""avg"": 0.39472970449566547, ""count"": 51, ""max"": 0.8802749798633158, ""min"": 0.0}, ""cgEdgeAlignment"": {""avg"": 4.412974209778688, ""count"": 44, ""max"": 14.397094899322838, ""min"": 0.0}, ""cgFeatureExtraction"": {""avg"": 2.8494658538627182, ""count"": 44, ""max"": 17.383037135004997, ""min"": 0.0}, ""cgNeighborAnalysis"": {""avg"": 5.127125704100101, ""count"": 44, ""max"": 9.667059173807502, ""min"": 0.0}, ""cgOverlapCollisions"": {""avg"": 7.849445372068493, ""count"": 44, ""max"": 15.903087332844734, ""min"": 0.0}, ""cgSiteBoundary"": {""avg"": 11.80653384389271, ""count"": 44, ""max"": 128.57098679523915, ""min"": 0.0}, ""dictSynthesis"": {""avg"": 0.002594024408608675, ""count"": 1, ""max"": 0.002594024408608675, ""min"": 0.002594024408608675}, ""episodeBpeMerge"": {""avg"": 144.94756300700828, ""count"": 1, ""max"": 144.94756300700828, ""min"": 144.94756300700828}, ""episodeFormatting"": {""avg"": 0.9025605104397982, ""count"": 2, ""max"": 0.922591018024832, ""min"": 0.8825300028547645}, ""episodeTotal"": {""avg"": 2725.532965036109, ""count"": 1, ""max"": 2725.532965036109, ""min"": 2725.532965036109}, ""learning"": {""avg"": 174.18413399718702, ""count"": 1, ""max"": 174.18413399718702, ""min"": 174.18413399718702}, ""placement"": {""avg"": 0.20935458855496514, ""count"": 36, ""max"": 0.3154710284434259, ""min"": 0.1423890353180468}, ""policyInference"": {""avg"": 13.94372038776055, ""count"": 10, ""max"": 26.18015097687021, ""min"": 4.0854529943317175}, ""shapeSynthesis"": {""avg"": 86.94339700741693, ""count"": 4, ""max"": 206.82610699441284, ""min"": 34.83221202623099}, ""stepTotal"": {""avg"": 234.5800069044344, ""count"": 10, ""max"": 357.4709329986945, ""min"": 97.83229598542675}, ""terminalMetrics"": {""avg"": 47.188913042191416, ""count"": 1, ""max"": 47.188913042191416, ""min"": 47.188913042191416}}"
0,baseline,/home/ramazan/tmp/Discrete Building Generator,812,cpu,1,6,7,3.562834076990839,11,10,0.3199253320344724,0.4736035569803789,42.7646,15.565581523801722,0.31566032024846674,0.786150060823829,38.0,6.0,0.2606440782546997,5983.0,False,0.54,2,3.3112800000000004,30.76899605689629,7.0,11.0,10.0,0.0,0.0,0.0,0.0,0.5146531654289292,501091dd845b09a02535e311a0c7bdfd9496f23d3a11822ef06241fb6cfa63c2,41bb8932d7f631434710d643a24eaf508d029c367c2c7760e5c0b611f3a3fe9d,d0b4496e6deca03715e2913125ccb9b0ce5ac2b2bbce189a3aec0575377707ab,"{""core"": 8, ""room"": 30}","{""aggregateTerminal"": {""avg"": 0.08326797978952527, ""count"": 1, ""max"": 0.08326797978952527, ""min"": 0.08326797978952527}, ""bpeMerge"": {""avg"": 63.4722865128424, ""count"": 10, ""max"": 181.99273897334933, ""min"": 0.33174402778968215}, ""candidateGeneration"": {""avg"": 42.360339776421775, ""count"": 39, ""max"": 125.11748599354178, ""min"": 0.8738270262256265}, ""cgAnchorSearch"": {""avg"": 0.2446269294373075, ""count"": 133, ""max"": 1.5921040903776884, ""min"": 0.0}, ""cgEdgeAlignment"": {""avg"": 2.993191249738887, ""count"": 53, ""max"": 13.155234046280384, ""min"": 0.0}, ""cgFeatureExtraction"": {""avg"": 3.4341688524878955, ""count"": 53, ""max"": 18.377511703874916, ""min"": 0.0}, ""cgNeighborAnalysis"": {""avg"": 4.822039620880529, ""count"": 53, ""max"": 14.69767710659653, ""min"": 0.0}, ""cgOverlapCollisions"": {""avg"": 11.656788986105964, ""count"": 53, ""max"": 38.94738189410418, ""min"": 0.0}, ""cgSiteBoundary"": {""avg"": 17.571355256840658, ""count"": 53, ""max"": 156.7166253225878, ""min"": 0.0}, ""dictSynthesis"": {""avg"": 0.0019780127331614494, ""count"": 1, ""max"": 0.0019780127331614494, ""min"": 0.0019780127331614494}, ""episodeBpeMerge"": {""avg"": 191.13572797505185, ""count"": 1, ""max"": 191.13572797505185, ""min"": 191.13572797505185}, ""episodeFormatting"": {""avg"": 0.6915934791322798, ""count"": 2, ""max"": 0.6981479818932712, ""min"": 0.6850389763712883}, ""episodeTotal"": {""avg"": 3561.486688966397, ""count"": 1, ""max"": 3561.486688966397, ""min"": 3561.486688966397}, ""learning"": {""avg"": 90.66984197124839, ""count"": 1, ""max"": 90.66984197124839, ""min"": 90.66984197124839}, ""placement"": {""avg"": 0.24508733647586456, ""count"": 29, ""max"": 0.38409000262618065, ""min"": 0.1573439803905785}, ""policyInference"": {""avg"": 8.643997390754521, ""count"": 10, ""max"": 17.989925981964916, ""min"": 4.104955005459487}, ""shapeSynthesis"": {""avg"": 89.24587955698371, ""count"": 9, ""max"": 233.5718870162964, ""min"": 31.360563007183373}, ""stepTotal"": {""avg"": 320.3989502915647, ""count"": 10, ""max"": 560.1443679770455, ""min"": 189.92643401725218}, ""terminalMetrics"": {""avg"": 56.65323999710381, ""count"": 1, ""max"": 56.65323999710381, ""min"": 56.65323999710381}}"
0,baseline,/home/ramazan/tmp/Discrete Building Generator,812,cpu,1,7,8,3.37444508401677,11,10,0.22556896397145465,0.6683193949866109,47.673,16.448028862974056,0.25784263566219445,0.7487886672983622,38.0,5.0,0.7287662029266357,4260.0,False,0.27,1,1.7118000000000007,33.23218846991889,5.0,12.0,10.0,0.0,0.0,0.0,0.0,0.5146531654289292,6566c97b0e7066967a06d8f13f2c6ee9187d340056f1fc6afef0a669bcf24ccc,809668bf55c44b6f4c3b02fcf60111bd1a3f8c4e59d3dcfa7c0e28707be19c50,0a74abd53d1b0ba94b60b7112c0d8041aae430f4565136ecf49c492dfa0c921a,"{""core"": 8, ""room"": 30}","{""aggregateTerminal"": {""avg"": 0.0986600061878562, ""count"": 1, ""max"": 0.0986600061878562, ""min"": 0.0986600061878562}, ""bpeMerge"": {""avg"": 53.262630687095225, ""count"": 10, ""max"": 130.21123100770637, ""min"": 0.29621098656207323}, ""candidateGeneration"": {""avg"": 30.509313052066435, ""count"": 39, ""max"": 102.95536002377048, ""min"": 0.834598031360656}, ""cgAnchorSearch"": {""avg"": 0.1814673712562307, ""count"": 153, ""max"": 1.3343808241188526, ""min"": 0.0}, ""cgEdgeAlignment"": {""avg"": 1.5633767996464045, ""count"": 62, ""max"": 13.655391870997846, ""min"": 0.0}, ""cgFeatureExtraction"": {""avg"": 2.290633890116888, ""count"": 62, ""max"": 20.68144181976095, ""min"": 0.0}, ""cgNeighborAnalysis"": {""avg"": 2.758702166536222, ""count"": 62, ""max"": 17.904028005432338, ""min"": 0.0}, ""cgOverlapCollisions"": {""avg"": 6.709375170870654, ""count"": 62, ""max"": 32.1768966387026, ""min"": 0.0}, ""cgSiteBoundary"": {""avg"": 13.551451599097721, ""count"": 62, ""max"": 170.6782499095425, ""min"": 0.0}, ""dictSynthesis"": {""avg"": 0.002789020072668791, ""count"": 1, ""max"": 0.002789020072668791, ""min"": 0.002789020072668791}, ""episodeBpeMerge"": {""avg"": 135.15163300326094, ""count"": 1, ""max"": 135.15163300326094, ""min"": 135.15163300326094}, ""episodeFormatting"": {""avg"": 0.924414984183386, ""count"": 2, ""max"": 0.9476389968767762, ""min"": 0.9011909714899957}, ""episodeTotal"": {""avg"": 3372.3428820376284, ""count"": 1, ""max"": 3372.3428820376284, ""min"": 3372.3428820376284}, ""learning"": {""avg"": 415.51952296867967, ""count"": 1, ""max"": 415.51952296867967, ""min"": 415.51952296867967}, ""placement"": {""avg"": 0.30094840098172426, ""count"": 25, ""max"": 2.543641021475196, ""min"": 0.15113299014046788}, ""policyInference"": {""avg"": 7.200304692378268, ""count"": 10, ""max"": 12.614297040272504, ""min"": 3.349873994011432}, ""shapeSynthesis"": {""avg"": 64.47460706944445, ""count"": 14, ""max"": 255.48632902791724, ""min"": 10.297896980773658}, ""stepTotal"": {""avg"": 274.57768919994123, ""count"": 10, ""max"": 723.2359720510431, ""min"": 144.4498699856922}, ""terminalMetrics"": {""avg"": 57.578556006774306, ""count"": 1, ""max"": 57.578556006774306, ""min"": 57.578556006774306}}"
0,baseline,/home/ramazan/tmp/Discrete Building Generator,812,cpu,1,8,9,3.0439331020461395,11,10,0.18353986699366942,0.7637581395101734,45.0012,19.22317718511783,0.31188771641215485,0.7937961588824998,39.0,4.0,0.4709555506706238,2487.0,True,0.0,0,0.0,32.90152266976421,7.0,12.0,8.0,4.0,1.0,8.0,0.22548503518130414,0.5074299622199485,c381253a41bb9cc54b7f1f92f31cc7c2379295545c1e5930b4d118359408c4e4,4dab2c04310434744852f9958a7bca659e519b2f22e03c368166e2d037ae8793,2f8c45bd49afe63e411582bb876b5d29cc3a067a131bee2a4165dde015d6f0cf,"{""core"": 8, ""room"": 31}","{""aggregateTerminal"": {""avg"": 0.07401203038170934, ""count"": 1, ""max"": 0.07401203038170934, ""min"": 0.07401203038170934}, ""bpeMerge"": {""avg"": 67.45239209267311, ""count"": 10, ""max"": 169.31064502568915, ""min"": 0.3677160129882395}, ""candidateGeneration"": {""avg"": 18.29847246990539, ""count"": 40, ""max"": 47.19224601285532, ""min"": 0.8745380328036845}, ""cgAnchorSearch"": {""avg"": 0.28008201375736724, ""count"": 98, ""max"": 1.0594661580398679, ""min"": 0.0}, ""cgEdgeAlignment"": {""avg"": 0.8054307545535266, ""count"": 50, ""max"": 2.6434061001054943, ""min"": 0.0}, ""cgFeatureExtraction"": {""avg"": 2.2567634657025337, ""count"": 50, ""max"": 19.128705258481205, ""min"": 0.0}, ""cgNeighborAnalysis"": {""avg"": 1.9499774184077978, ""count"": 50, ""max"": 11.226193513721228, ""min"": 0.0}, ""cgOverlapCollisions"": {""avg"": 6.0160882654599845, ""count"": 50, ""max"": 17.653422604780644, ""min"": 0.0}, ""cgSiteBoundary"": {""avg"": 16.857942146016285, ""count"": 50, ""max"": 214.49407399632037, ""min"": 0.0}, ""dictSynthesis"": {""avg"": 0.00216503394767642, ""count"": 1, ""max"": 0.00216503394767642, ""min"": 0.00216503394767642}, ""episodeBpeMerge"": {""avg"": 173.5218220273964, ""count"": 1, ""max"": 173.5218220273964, ""min"": 173.5218220273964}, ""episodeFormatting"": {""avg"": 0.7457860338035971, ""count"": 2, ""max"": 0.7790170493535697, ""min"": 0.7125550182536244}, ""episodeTotal"": {""avg"": 3042.22927801311, ""count"": 1, ""max"": 3042.22927801311, ""min"": 3042.22927801311}, ""learning"": {""avg"": 281.86340298270807, ""count"": 1, ""max"": 281.86340298270807, ""min"": 281.86340298270807}, ""placement"": {""avg"": 0.2101130261452812, ""count"": 33, ""max"": 0.2765459939837456, ""min"": 0.15737104695290327}, ""policyInference"": {""avg"": 5.511234002187848, ""count"": 10, ""max"": 9.182291978504509, ""min"": 1.1159259593114257}, ""shapeSynthesis"": {""avg"": 148.6377652950718, ""count"": 7, ""max"": 321.35213597211987, ""min"": 6.284567003604025}, ""stepTotal"": {""avg"": 251.75135409808718, ""count"": 10, ""max"": 1012.2596700093709, ""min"": 104.00178702548146}, ""terminalMetrics"": {""avg"": 52.43890103884041, ""count"": 1, ""max"": 52.43890103884041, ""min"": 52.43890103884041}}"
0,baseline,/home/ramazan/tmp/Discrete Building Generator,812,cpu,1,9,10,3.811746067018248,11,10,0.3115897469688207,0.5145130949968006,41.7797,14.29038751072824,0.21615427404416618,0.7680037818398721,37.0,4.0,0.059547290205955505,8067.0,False,0.54,2,3.473280000000001,32.574147049294545,5.0,12.0,8.0,0.0,0.0,0.0,0.0,0.5220770639132397,3e1273a9b3eebcefbf0cecd976322f83736bbaa9060de7114e5c1a91f46ffd5f,0005ef5597017dc4a7ef5f90c1edbb351c5c2ec24957a8b3748ae4f25ad9c7fb,340bd9e6abed1c909c6eedd6c11c84e73dbcc26a4b030e3507ef4e4c94c08a13,"{""core"": 8, ""room"": 29}","{""aggregateTerminal"": {""avg"": 0.06642797961831093, ""count"": 1, ""max"": 0.06642797961831093, ""min"": 0.06642797961831093}, ""bpeMerge"": {""avg"": 58.77261910936795, ""count"": 10, ""max"": 132.62233301065862, ""min"": 0.4296179977245629}, ""candidateGeneration"": {""avg"": 60.711843491605435, ""count"": 38, ""max"": 175.98880297737196, ""min"": 0.8648759685456753}, ""cgAnchorSearch"": {""avg"": 0.5128002920818906, ""count"": 62, ""max"": 2.0511270267888904, ""min"": 0.0}, ""cgEdgeAlignment"": {""avg"": 5.035659251999195, ""count"": 44, ""max"": 20.80430689966306, ""min"": 0.0}, ""cgFeatureExtraction"": {""avg"": 4.605509671488438, ""count"": 44, ""max"": 19.665488915052265, ""min"": 0.0}, ""cgNeighborAnalysis"": {""avg"": 7.524832294703546, ""count"": 44, ""max"": 26.06926078442484, ""min"": 0.0}, ""cgOverlapCollisions"": {""avg"": 15.361662504305555, ""count"": 44, ""max"": 54.08183461986482, ""min"": 0.0}, ""cgSiteBoundary"": {""avg"": 25.519819293880243, ""count"": 44, ""max"": 141.8462634901516, ""min"": 0.0}, ""dictSynthesis"": {""avg"": 0.001868000254034996, ""count"": 1, ""max"": 0.001868000254034996, ""min"": 0.001868000254034996}, ""episodeBpeMerge"": {""avg"": 130.3277529659681, ""count"": 1, ""max"": 130.3277529659681, ""min"": 130.3277529659681}, ""episodeFormatting"": {""avg"": 0.5560755089391023, ""count"": 2, ""max"": 0.5986739997752011, ""min"": 0.5134770181030035}, ""episodeTotal"": {""avg"": 3810.6399389798753, ""count"": 1, ""max"": 3810.6399389798753, ""min"": 3810.6399389798753}, ""learning"": {""avg"": 68.77601804444566, ""count"": 1, ""max"": 68.77601804444566, ""min"": 68.77601804444566}, ""placement"": {""avg"": 0.21574691565933102, ""count"": 33, ""max"": 0.2865600399672985, ""min"": 0.1431159907951951}, ""policyInference"": {""avg"": 7.9858945100568235, ""count"": 10, ""max"": 9.519680985249579, ""min"": 3.5586560261435807}, ""shapeSynthesis"": {""avg"": 111.9592548115179, ""count"": 5, ""max"": 227.10782004287466, ""min"": 12.006751028820872}, ""stepTotal"": {""avg"": 354.9761524947826, ""count"": 10, ""max"": 556.8635879899375, ""min"": 141.50745799997821}, ""terminalMetrics"": {""avg"": 44.419415993615985, ""count"": 1, ""max"": 44.419415993615985, ""min"": 44.419415993615985}}"
0,baseline,/home/ramazan/tmp/Discrete Building Generator,812,cpu,1,10,11,3.2836266619851813,11,10,0.23165798501577228,0.6734950715035666,36.1383,18.692520492033744,0.34131964710047985,0.8007755592287726,40.0,4.0,-0.4126500189304352,3406.0,True,0.0,0,0.0,16.125014435337505,7.0,6.0,7.0,0.0,0.0,0.0,0.0,0.5004024235381879,72a23562967b3f7447cabb4691a15c07a614104a2e5fe44096caa33aa6678f0c,37540d5d052ec982f16e2c0c83bd3de347e22019d1cb9f9d8baf722c29c256bb,38855c17b1b4313f59c1319d5ef1feb6a52746c1c11e7111e16183e4720ead0c,"{""core"": 8, ""room"": 32}","{""aggregateTerminal"": {""avg"": 0.07418100722134113, ""count"": 1, ""max"": 0.07418100722134113, ""min"": 0.07418100722134113}, ""bpeMerge"": {""avg"": 74.1206009988673, ""count"": 10, ""max"": 201.23578899074346, ""min"": 0.3172020078636706}, ""candidateGeneration"": {""avg"": 27.34667547629215, ""count"": 40, ""max"": 59.938146034255624, ""min"": 0.8897259831428528}, ""cgAnchorSearch"": {""avg"": 0.5146827558443571, ""count"": 60, ""max"": 1.7918050289154053, ""min"": 0.0}, ""cgEdgeAlignment"": {""avg"": 1.9654013409639115, ""count"": 44, ""max"": 6.757398834452033, ""min"": 0.0}, ""cgFeatureExtraction"": {""avg"": 3.148370604983277, ""count"": 44, ""max"": 17.577263002749532, ""min"": 0.0}, ""cgNeighborAnalysis"": {""avg"": 3.097136862131513, ""count"": 44, ""max"": 9.352865046821535, ""min"": 0.0}, ""cgOverlapCollisions"": {""avg"": 10.678477209611712, ""count"": 44, ""max"": 25.061796652153134, ""min"": 0.0}, ""cgSiteBoundary"": {""avg"": 17.694700047617186, ""count"": 44, ""max"": 138.32032534992322, ""min"": 0.0}, ""dictSynthesis"": {""avg"": 0.0017539714463055134, ""count"": 1, ""max"": 0.0017539714463055134, ""min"": 0.0017539714463055134}, ""episodeBpeMerge"": {""avg"": 217.65251900069416, ""count"": 1, ""max"": 217.65251900069416, ""min"": 217.65251900069416}, ""episodeFormatting"": {""avg"": 0.7064100063871592, ""count"": 2, ""max"": 0.7192800403572619, ""min"": 0.6935399724170566}, ""episodeTotal"": {""avg"": 3282.180301961489, ""count"": 1, ""max"": 3282.180301961489, ""min"": 3282.180301961489}, ""learning"": {""avg"": 244.82981499750167, ""count"": 1, ""max"": 244.82981499750167, ""min"": 244.82981499750167}, ""placement"": {""avg"": 0.2706100818209557, ""count"": 36, ""max"": 1.600318995770067, ""min"": 0.17029704758897424}, ""policyInference"": {""avg"": 8.189892291557044, ""count"": 10, ""max"": 14.12979100132361, ""min"": 3.6367899738252163}, ""shapeSynthesis"": {""avg"": 201.5015327342553, ""count"": 4, ""max"": 226.38697596266866, ""min"": 176.92620999878272}, ""stepTotal"": {""avg"": 274.08852700609714, ""count"": 10, ""max"": 816.6312969988212, ""min"": 92.98887097975239}, ""terminalMetrics"": {""avg"": 62.466751027386636, ""count"": 1, ""max"": 62.466751027386636, ""min"": 62.466751027386636}}"
0,baseline,/home/ramazan/tmp/Discrete Building Generator,812,cpu,1,11,12,3.226952983008232,11,10,0.25020790903363377,0.6049976125068497,50.0787,17.76639027233528,0.3151043705848599,0.8293595981604904,40.0,4.0,0.9206739068031311,4069.0,False,0.27,1,1.7906400000000005,34.589897031969144,6.0,13.0,7.0,0.0,0.0,0.0,0.0,0.4637264398194103,1e504e5105007265e62c82c5a9e1cf084d12dcadd4b286065228cdfa55202d4a,f1c0375a82a6afcf3e0c15957a65f244195f3254d138e2eb2c632716dff4c6e6,71267590840c7df9c05e9398c6488ecd5dfe318bae2cea8e7513ef56b0361da3,"{""core"": 7, ""room"": 33}","{""aggregateTerminal"": {""avg"": 0.06807799218222499, ""count"": 1, ""max"": 0.06807799218222499, ""min"": 0.06807799218222499}, ""bpeMerge"": {""avg"": 60.95665940083563, ""count"": 10, ""max"": 158.78383599920198, ""min"": 0.49081898760050535}, ""candidateGeneration"": {""avg"": 32.91722462163307, ""count"": 40, ""max"": 119.84225997002795, ""min"": 0.8687290246598423}, ""cgAnchorSearch"": {""avg"": 0.47952990586820404, ""count"": 57, ""max"": 1.3511062134057283, ""min"": 0.0}, ""cgEdgeAlignment"": {""avg"": 2.675898887735622, ""count"": 44, ""max"": 13.306516222655773, ""min"": 0.0}, ""cgFeatureExtraction"": {""avg"": 3.33340612732255, ""count"": 44, ""max"": 18.439465493429452, ""min"": 0.0}, ""cgNeighborAnalysis"": {""avg"": 4.10464820875363, ""count"": 44, ""max"": 14.34010110097006, ""min"": 0.0}, ""cgOverlapCollisions"": {""avg"": 10.150959449343976, ""count"": 44, ""max"": 34.50913052074611, ""min"": 0.0}, ""cgSiteBoundary"": {""avg"": 19.667540207261812, ""count"": 44, ""max"": 134.41880350001156, ""min"": 0.0}, ""dictSynthesis"": {""avg"": 0.0023519969545304775, ""count"": 1, ""max"": 0.0023519969545304775, ""min"": 0.0023519969545304775}, ""episodeBpeMerge"": {""avg"": 169.89143198588863, ""count"": 1, ""max"": 169.89143198588863, ""min"": 169.89143198588863}, ""episodeFormatting"": {""avg"": 0.9372374915983528, ""count"": 2, ""max"": 0.9794929646886885, ""min"": 0.8949820185080171}, ""episodeTotal"": {""avg"": 3224.9752780189738, ""count"": 1, ""max"": 3224.9752780189738, ""min"": 3224.9752780189738}, ""learning"": {""avg"": 245.48418796621263, ""count"": 1, ""max"": 245.48418796621263, ""min"": 245.48418796621263}, ""placement"": {""avg"": 0.22633627749099913, ""count"": 36, ""max"": 0.34523598151281476, ""min"": 0.17700297757983208}, ""policyInference"": {""avg"": 7.5774361088406295, ""count"": 10, ""max"": 12.246074038557708, ""min"": 3.2881160150282085}, ""shapeSynthesis"": {""avg"": 179.7387617698405, ""count"": 4, ""max"": 226.1231440352276, ""min"": 52.428548980969936}, ""stepTotal"": {""avg"": 273.72501499485224, ""count"": 10, ""max"": 731.4683430013247, ""min"": 103.56651997426525}, ""terminalMetrics"": {""avg"": 56.093274033628404, ""count"": 1, ""max"": 56.093274033628404, ""min"": 56.093274033628404}}"
0,baseline,/home/ramazan/tmp/Discrete Building Generator,812,cpu,1,12,13,2.4741114859934896,11,10,0.14933979499619454,0.6095966734865215,51.4214,20.951693251546587,0.3468921579734666,0.8021169347321742,40.0,4.0,0.8699456453323364,1424.0,True,0.0,0,0.0,28.97714922037852,7.0,11.0,8.0,0.0,0.0,0.0,0.0,0.5004024235381879,52bc42f3a3d028814194957c6a2fd36b71fefb3fac7014f5493c8b933817ab9b,e804aee77ffee2e6ecd0c1576c47ee9756004201115a1d72a46de82761f50a65,c6bf654266322c9c6d4b9ab2f32d5417cead915644baa98596a6d23e86143c08,"{""core"": 8, ""room"": 32}","{""aggregateTerminal"": {""avg"": 0.07308600470423698, ""count"": 1, ""max"": 0.07308600470423698, ""min"": 0.07308600470423698}, ""bpeMerge"": {""avg"": 64.3975658051204, ""count"": 10, ""max"": 182.561335968785, ""min"": 0.32844196539372206}, ""candidateGeneration"": {""avg"": 13.678677326242905, ""count"": 40, ""max"": 37.128139985725284, ""min"": 1.1562780127860606}, ""cgAnchorSearch"": {""avg"": 0.39403376285918057, ""count"": 60, ""max"": 0.8432170143350959, ""min"": 0.0}, ""cgEdgeAlignment"": {""avg"": 0.9959646624999798, ""count"": 44, ""max"": 5.062936106696725, ""min"": 0.0}, ""cgFeatureExtraction"": {""avg"": 2.3022977905136277, ""count"": 44, ""max"": 18.570260610431433, ""min"": 0.0}, ""cgNeighborAnalysis"": {""avg"": 1.864196710150943, ""count"": 44, ""max"": 9.676739340648055, ""min"": 0.0}, ""cgOverlapCollisions"": {""avg"": 5.687121069058776, ""count"": 44, ""max"": 12.192962982226163, ""min"": 0.0}, ""cgSiteBoundary"": {""avg"": 13.730121933886865, ""count"": 44, ""max"": 119.30738028604537, ""min"": 0.0}, ""dictSynthesis"": {""avg"": 0.00256003113463521, ""count"": 1, ""max"": 0.00256003113463521, ""min"": 0.00256003113463521}, ""episodeBpeMerge"": {""avg"": 190.37116703111678, ""count"": 1, ""max"": 190.37116703111678, ""min"": 190.37116703111678}, ""episodeFormatting"": {""avg"": 0.9061195014510304, ""count"": 2, ""max"": 0.9580859914422035, ""min"": 0.8541530114598572}, ""episodeTotal"": {""avg"": 2472.0471329637803, ""count"": 1, ""max"": 2472.0471329637803, ""min"": 2472.0471329637803}, ""learning"": {""avg"": 144.3010829971172, ""count"": 1, ""max"": 144.3010829971172, ""min"": 144.3010829971172}, ""placement"": {""avg"": 0.215455582494744, ""count"": 36, ""max"": 0.36672898568212986, ""min"": 0.16054499428719282}, ""policyInference"": {""avg"": 4.913306911475956, ""count"": 10, ""max"": 9.330495027825236, ""min"": 0.7934169843792915}, ""shapeSynthesis"": {""avg"": 200.4843429895118, ""count"": 4, ""max"": 206.56360598513857, ""min"": 191.43939996138215}, ""stepTotal"": {""avg"": 205.73394909733906, ""count"": 10, ""max"": 813.4376849629916, ""min"": 59.80722699314356}, ""terminalMetrics"": {""avg"": 63.667462032753974, ""count"": 1, ""max"": 63.667462032753974, ""min"": 63.667462032753974}}"
0,baseline,/home/ramazan/tmp/Discrete Building Generator,812,cpu,1,13,14,3.03888923098566,11,10,0.27498020901111886,0.40697249249205925,31.1421,14.594703378397156,0.17137823489784124,0.8131007381879835,40.0,4.0,-0.5907989144325256,5238.0,False,0.81,3,5.446440000000002,20.86459764957134,9.0,8.0,8.0,0.0,0.0,0.0,0.0,0.4637264398194103,e253f8b24d422c5cde278037702023905284e674744b49e137adc0db64a1831a,7e2df92d0ff0c4dc926334458dd5b2834b57cc6b3f7570410cf14ae344a448d1,cdabf5bf94d71094f99cc457be7e9c00f077673e5946b7bcc7ee461fbe1ec94a,"{""core"": 7, ""room"": 33}","{""aggregateTerminal"": {""avg"": 0.06742001278325915, ""count"": 1, ""max"": 0.06742001278325915, ""min"": 0.06742001278325915}, ""bpeMerge"": {""avg"": 67.22267730510794, ""count"": 10, ""max"": 197.53460702486336, ""min"": 0.3727910225279629}, ""candidateGeneration"": {""avg"": 38.55898817273555, ""count"": 40, ""max"": 76.83261000784114, ""min"": 1.0731879738159478}, ""cgAnchorSearch"": {""avg"": 0.5330283003037467, ""count"": 51, ""max"": 1.170327013824135, ""min"": 0.0}, ""cgEdgeAlignment"": {""avg"": 5.028546554967761, ""count"": 44, ""max"": 15.12591412756592, ""min"": 0.0}, ""cgFeatureExtraction"": {""avg"": 3.0685196979902685, ""count"": 44, ""max"": 17.104145255871117, ""min"": 0.0}, ""cgNeighborAnalysis"": {""avg"": 5.508440381328745, ""count"": 44, ""max"": 11.03242696262896, ""min"": 0.0}, ""cgOverlapCollisions"": {""avg"": 10.394789385662245, ""count"": 44, ""max"": 22.37139909993857, ""min"": 0.0}, ""cgSiteBoundary"": {""avg"": 13.517987250286916, ""count"": 44, ""max"": 123.65143973147497, ""min"": 0.0}, ""dictSynthesis"": {""avg"": 0.0019199796952307224, ""count"": 1, ""max"": 0.0019199796952307224, ""min"": 0.0019199796952307224}, ""episodeBpeMerge"": {""avg"": 209.8283869563602, ""count"": 1, ""max"": 209.8283869563602, ""min"": 209.8283869563602}, ""episodeFormatting"": {""avg"": 0.6366220186464489, ""count"": 2, ""max"": 0.6829799967817962, ""min"": 0.5902640405111015}, ""episodeTotal"": {""avg"": 3037.6411589677446, ""count"": 1, ""max"": 3037.6411589677446, ""min"": 3037.6411589677446}, ""learning"": {""avg"": 79.60854400880635, ""count"": 1, ""max"": 79.60854400880635, ""min"": 79.60854400880635}, ""placement"": {""avg"": 0.23854947519592112, ""count"": 36, ""max"": 0.37194998003542423, ""min"": 0.13264198787510395}, ""policyInference"": {""avg"": 11.846315307775512, ""count"": 10, ""max"": 23.558004992082715, ""min"": 5.639643990434706}, ""shapeSynthesis"": {""avg"": 85.42860923625994, ""count"": 4, ""max"": 192.97697098227218, ""min"": 43.23602799559012}, ""stepTotal"": {""avg"": 269.20518819242716, ""count"": 10, ""max"": 416.0258009796962, ""min"": 92.45885402197018}, ""terminalMetrics"": {""avg"": 41.85669601429254, ""count"": 1, ""max"": 41.85669601429254, ""min"": 41.85669601429254}}"
0,baseline,/home/ramazan/tmp/Discrete Building Generator,812,cpu,1,14,15,3.390826101996936,11,10,0.23973780404776335,0.7409568520088214,57.8341,21.416543011381332,0.3620311590788292,0.828683865996836,40.0,4.0,1.5483778715133667,4059.0,False,0.27,1,1.9008000000000007,38.731858939127605,6.0,15.0,9.0,0.0,0.0,0.0,0.0,0.42270908780599087,81c603955ef793c33215f29200cd1647b0846ded14c50ca55415d9d88847726b,7cc6a1ae4bbbb4306efc7f1c484c5dbd48c321e26e24c60195367a8ded2ef1b5,fa5b9576186f6110d74ae19247db2d0a58ddd25d65c139e26510445b54c955b9,"{""core"": 6, ""room"": 34}","{""aggregateTerminal"": {""avg"": 0.0693249749019742, ""count"": 1, ""max"": 0.0693249749019742, ""min"": 0.0693249749019742}, ""bpeMerge"": {""avg"": 63.01902119885199, ""count"": 10, ""max"": 163.45693002222106, ""min"": 0.33313798485323787}, ""candidateGeneration"": {""avg"": 29.213937198801432, ""count"": 40, ""max"": 85.05146199604496, ""min"": 0.8584440220147371}, ""cgAnchorSearch"": {""avg"": 0.5254726305505947, ""count"": 57, ""max"": 1.431815035175532, ""min"": 0.0}, ""cgEdgeAlignment"": {""avg"": 1.376588847382333, ""count"": 44, ""max"": 4.456165072042495, ""min"": 0.0}, ""cgFeatureExtraction"": {""avg"": 2.7039004846962844, ""count"": 44, ""max"": 18.89213628601283, ""min"": 0.0}, ""cgNeighborAnalysis"": {""avg"": 3.0259243000976066, ""count"": 44, ""max"": 9.504362242296338, ""min"": 0.0}, ""cgOverlapCollisions"": {""avg"": 10.774069185241718, ""count"": 44, ""max"": 45.219052117317915, ""min"": 0.0}, ""cgSiteBoundary"": {""avg"": 20.722568306320515, ""count"": 44, ""max"": 211.53257531113923, ""min"": 0.0}, ""dictSynthesis"": {""avg"": 0.0020999577827751637, ""count"": 1, ""max"": 0.0020999577827751637, ""min"": 0.0020999577827751637}, ""episodeBpeMerge"": {""avg"": 167.54867299459875, ""count"": 1, ""max"": 167.54867299459875, ""min"": 167.54867299459875}, ""episodeFormatting"": {""avg"": 0.8072989876382053, ""count"": 2, ""max"": 0.8165379986166954, ""min"": 0.7980599766597152}, ""episodeTotal"": {""avg"": 3389.1030760132708, ""count"": 1, ""max"": 3389.1030760132708, ""min"": 3389.1030760132708}, ""learning"": {""avg"": 462.6733979675919, ""count"": 1, ""max"": 462.6733979675919, ""min"": 462.6733979675919}, ""placement"": {""avg"": 0.2307281942598315, ""count"": 36, ""max"": 0.3314879722893238, ""min"": 0.16243895515799522}, ""policyInference"": {""avg"": 8.96292090183124, ""count"": 10, ""max"": 17.40211294963956, ""min"": 3.3335770131088793}, ""shapeSynthesis"": {""avg"": 192.99350427172612, ""count"": 4, ""max"": 299.5207760250196, ""min"": 50.996548030525446}, ""stepTotal"": {""avg"": 267.67207350349054, ""count"": 10, ""max"": 780.7854849961586, ""min"": 100.5940530449152}, ""terminalMetrics"": {""avg"": 66.33754604263231, ""count"": 1, ""max"": 66.33754604263231, ""min"": 66.33754604263231}}"
0,baseline,/home/ramazan/tmp/Discrete Building Generator,812,cpu,1,15,16,3.2169082909822464,11,10,0.20435388502664864,0.6783324615098536,54.6996,23.210615129943218,0.36225742046533294,0.7939878758588417,39.0,4.0,1.3085700273513794,3252.0,True,0.0,0,0.0,30.67717640278361,7.0,12.0,8.0,0.0,0.0,0.0,0.0,0.5074299622199485,1096cb195e228aa91b9284338e378002a6186c1a3002e4dfaf1ca1c25ddd1909,dac9ef19e2ba173586e5b0ef17f24dfb8b916b6823d652ddedf1b612a2972447,54055f510c10932408bf493550a32d6adaa574e55cc270fcc896f893985b9e45,"{""core"": 8, ""room"": 31}","{""aggregateTerminal"": {""avg"": 0.06575504085049033, ""count"": 1, ""max"": 0.06575504085049033, ""min"": 0.06575504085049033}, ""bpeMerge"": {""avg"": 63.85291709448211, ""count"": 10, ""max"": 190.97277097171172, ""min"": 0.35695702536031604}, ""candidateGeneration"": {""avg"": 27.37706349871587, ""count"": 40, ""max"": 73.68269399739802, ""min"": 0.8538870024494827}, ""cgAnchorSearch"": {""avg"": 0.42349314400261, ""count"": 70, ""max"": 1.0579871013760567, ""min"": 0.0}, ""cgEdgeAlignment"": {""avg"": 1.830322294668092, ""count"": 46, ""max"": 6.486972386483103, ""min"": 0.0}, ""cgFeatureExtraction"": {""avg"": 3.014160102516737, ""count"": 46, ""max"": 19.87063477281481, ""min"": 0.0}, ""cgNeighborAnalysis"": {""avg"": 2.8585544660808924, ""count"": 46, ""max"": 10.522110271267593, ""min"": 0.0}, ""cgOverlapCollisions"": {""avg"": 9.609510536234746, ""count"": 46, ""max"": 32.75909146759659, ""min"": 0.0}, ""cgSiteBoundary"": {""avg"": 19.089835566853214, ""count"": 46, ""max"": 133.37144965771586, ""min"": 0.0}, ""dictSynthesis"": {""avg"": 0.0020230072550475597, ""count"": 1, ""max"": 0.0020230072550475597, ""min"": 0.0020230072550475597}, ""episodeBpeMerge"": {""avg"": 201.1863279622048, ""count"": 1, ""max"": 201.1863279622048, ""min"": 201.1863279622048}, ""episodeFormatting"": {""avg"": 0.868317496497184, ""count"": 2, ""max"": 0.8768300176598132, ""min"": 0.8598049753345549}, ""episodeTotal"": {""avg"": 3214.7668689722195, ""count"": 1, ""max"": 3214.7668689722195, ""min"": 3214.7668689722195}, ""learning"": {""avg"": 208.28150800662115, ""count"": 1, ""max"": 208.28150800662115, ""min"": 208.28150800662115}, ""placement"": {""avg"": 0.22911085314782603, ""count"": 35, ""max"": 0.35992899211123586, ""min"": 0.16666098963469267}, ""policyInference"": {""avg"": 8.452308096457273, ""count"": 10, ""max"": 17.912701005116105, ""min"": 3.4872780088335276}, ""shapeSynthesis"": {""avg"": 178.98857420077547, ""count"": 5, ""max"": 227.36299299867824, ""min"": 22.65900099882856}, ""stepTotal"": {""avg"": 272.90285289636813, ""count"": 10, ""max"": 881.2777219573036, ""min"": 98.20484201190993}, ""terminalMetrics"": {""avg"": 58.073974039871246, ""count"": 1, ""max"": 58.073974039871246, ""min"": 58.073974039871246}}"
0,baseline,/home/ramazan/tmp/Discrete Building Generator,812,cpu,1,16,17,3.203133896982763,11,10,0.2604340459802188,0.5318501814908814,47.4673,16.892017820147124,0.28294233757234616,0.7990603909952961,40.0,4.0,0.2797957956790924,4306.0,False,0.27,1,1.9256400000000007,32.902927847258965,7.0,13.0,9.0,0.0,0.0,0.0,0.0,0.5004024235381879,7f3bb8763e23c0c1c88f7997eac6948a4a50ef4cd36f1a7fa6ec71c92cd01af7,b5932688e9b5c8723478ab1b24cbc96daafd5caf70901d2d2236026605c5a4e7,b8d6b5c37a97a2bb9e965b65483c6a22455b6d624035be600056cf5e1f37e4dd,"{""core"": 8, ""room"": 32}","{""aggregateTerminal"": {""avg"": 0.06681896047666669, ""count"": 1, ""max"": 0.06681896047666669, ""min"": 0.06681896047666669}, ""bpeMerge"": {""avg"": 62.573937891284004, ""count"": 10, ""max"": 181.45702499896288, ""min"": 0.3623180091381073}, ""candidateGeneration"": {""avg"": 34.099338404485025, ""count"": 40, ""max"": 95.09715501917526, ""min"": 0.8794859750196338}, ""cgAnchorSearch"": {""avg"": 0.4816135256796291, ""count"": 57, ""max"": 1.3064649538137019, ""min"": 0.0}, ""cgEdgeAlignment"": {""avg"": 2.2699700348312035, ""count"": 44, ""max"": 8.018669730518013, ""min"": 0.0}, ""cgFeatureExtraction"": {""avg"": 3.1779797599566253, ""count"": 44, ""max"": 18.128788098692894, ""min"": 0.0}, ""cgNeighborAnalysis"": {""avg"": 3.972213101488623, ""count"": 44, ""max"": 11.483117123134434, ""min"": 0.0}, ""cgOverlapCollisions"": {""avg"": 11.725309023115022, ""count"": 44, ""max"": 26.12366952234879, ""min"": 0.0}, ""cgSiteBoundary"": {""avg"": 19.652284861711617, ""count"": 44, ""max"": 135.74977626558393, ""min"": 0.0}, ""dictSynthesis"": {""avg"": 0.002262997440993786, ""count"": 1, ""max"": 0.002262997440993786, ""min"": 0.002262997440993786}, ""episodeBpeMerge"": {""avg"": 191.88831001520157, ""count"": 1, ""max"": 191.88831001520157, ""min"": 191.88831001520157}, ""episodeFormatting"": {""avg"": 0.8330589917022735, ""count"": 2, ""max"": 0.8667089859955013, ""min"": 0.7994089974090457}, ""episodeTotal"": {""avg"": 3201.2468359898776, ""count"": 1, ""max"": 3201.2468359898776, ""min"": 3201.2468359898776}, ""learning"": {""avg"": 109.2641840223223, ""count"": 1, ""max"": 109.2641840223223, ""min"": 109.2641840223223}, ""placement"": {""avg"": 0.2934697986347601, ""count"": 36, ""max"": 2.329813956748694, ""min"": 0.1757920254021883}, ""policyInference"": {""avg"": 12.681407789932564, ""count"": 10, ""max"": 20.443163986783475, ""min"": 3.4025199711322784}, ""shapeSynthesis"": {""avg"": 173.55879499518778, ""count"": 4, ""max"": 222.41760703036562, ""min"": 46.07959697023034}, ""stepTotal"": {""avg"": 282.95889379805885, ""count"": 10, ""max"": 703.0857169884257, ""min"": 110.95645400928333}, ""terminalMetrics"": {""avg"": 51.78908602101728, ""count"": 1, ""max"": 51.78908602101728, ""min"": 51.78908602101728}}"
0,baseline,/home/ramazan/tmp/Discrete Building Generator,812,cpu,1,17,18,2.980627420998644,11,10,0.19012557197129354,0.6485018544772174,57.0038,28.787050159774257,0.40005482256974134,0.7944584791505231,39.0,4.0,1.114230990409851,2739.0,True,0.0,0,0.0,27.563916976571974,7.0,11.0,9.0,0.0,0.0,0.0,0.0,0.5074299622199485,e007f9961c59b292764f6a6e9a71f10509849ef304aebe8e70d8848c437941ee,af120e8219e979316c9e50ab721e232e2180081e28f0b7060e061999cd1064bb,130fb19a830019612a62e3749e848d8f23856e6d8e96f7698546e9237719fdf9,"{""core"": 8, ""room"": 31}","{""aggregateTerminal"": {""avg"": 0.0772629864513874, ""count"": 1, ""max"": 0.0772629864513874, ""min"": 0.0772629864513874}, ""bpeMerge"": {""avg"": 72.39994289702736, ""count"": 10, ""max"": 193.57766601024196, ""min"": 0.38055097684264183}, ""candidateGeneration"": {""avg"": 20.948277952265926, ""count"": 40, ""max"": 59.46212902199477, ""min"": 0.8807789999991655}, ""cgAnchorSearch"": {""avg"": 0.39558280093063203, ""count"": 70, ""max"": 1.1699338792823255, ""min"": 0.0}, ""cgEdgeAlignment"": {""avg"": 1.177799300817044, ""count"": 46, ""max"": 4.023550020065159, ""min"": 0.0}, ""cgFeatureExtraction"": {""avg"": 2.6675768249728917, ""count"": 46, ""max"": 18.016665999311954, ""min"": 0.0}, ""cgNeighborAnalysis"": {""avg"": 2.352242499751889, ""count"": 46, ""max"": 9.291294729337096, ""min"": 0.0}, ""cgOverlapCollisions"": {""avg"": 7.471679394771143, ""count"": 46, ""max"": 22.078100708313286, ""min"": 0.0}, ""cgSiteBoundary"": {""avg"": 16.697007522452623, ""count"": 46, ""max"": 146.18063933448866, ""min"": 0.0}, ""dictSynthesis"": {""avg"": 0.0017269630916416645, ""count"": 1, ""max"": 0.0017269630916416645, ""min"": 0.0017269630916416645}, ""episodeBpeMerge"": {""avg"": 203.89155100565404, ""count"": 1, ""max"": 203.89155100565404, ""min"": 203.89155100565404}, ""episodeFormatting"": {""avg"": 0.6922095199115574, ""count"": 2, ""max"": 0.735319044906646, ""min"": 0.6490999949164689}, ""episodeTotal"": {""avg"": 2979.0419390192255, ""count"": 1, ""max"": 2979.0419390192255, ""min"": 2979.0419390192255}, ""learning"": {""avg"": 172.94382298132405, ""count"": 1, ""max"": 172.94382298132405, ""min"": 172.94382298132405}, ""placement"": {""avg"": 0.23128562606871128, ""count"": 35, ""max"": 0.32970099709928036, ""min"": 0.18951500533148646}, ""policyInference"": {""avg"": 8.351213304558769, ""count"": 10, ""max"": 20.051463972777128, ""min"": 3.4447460202500224}, ""shapeSynthesis"": {""avg"": 169.46142739616334, ""count"": 5, ""max"": 215.50923597533256, ""min"": 17.810875026043504}, ""stepTotal"": {""avg"": 250.882480799919, ""count"": 10, ""max"": 838.9069950208068, ""min"": 121.60453997785226}, ""terminalMetrics"": {""avg"": 74.36998398043215, ""count"": 1, ""max"": 74.36998398043215, ""min"": 74.36998398043215}}"
0,baseline,/home/ramazan/tmp/Discrete Building Generator,812,cpu,1,18,19,3.989880404958967,11,10,0.3797804579953663,0.47990267249406315,39.4946,14.684842950746619,0.19912364009230304,0.8042229805863724,40.0,4.0,-0.4030154049396515,9485.0,False,0.54,2,3.9009600000000018,29.770528821961044,5.0,12.0,9.0,0.0,0.0,0.0,0.0,0.5004024235381879,d82849d874bc760061c369363539a04e3340110d5b786c0bcc4df4ffa5354cc2,85b213e14bdd9d26f9d5253a3743f8162573de91d232949e0c621e5b6ac2074a,a7adcaa369b04c450c0e06ddac51a4d54462ebf4469cc47a259ec3d4f11be213,"{""core"": 8, ""room"": 32}","{""aggregateTerminal"": {""avg"": 0.06864097667858005, ""count"": 1, ""max"": 0.06864097667858005, ""min"": 0.06864097667858005}, ""bpeMerge"": {""avg"": 56.678483297582716, ""count"": 10, ""max"": 148.48232502117753, ""min"": 0.30896899988874793}, ""candidateGeneration"": {""avg"": 58.063346543349326, ""count"": 40, ""max"": 114.72497595241293, ""min"": 0.8577529806643724}, ""cgAnchorSearch"": {""avg"": 0.6487203774870269, ""count"": 54, ""max"": 2.6740320026874542, ""min"": 0.0}, ""cgEdgeAlignment"": {""avg"": 4.884100111667067, ""count"": 44, ""max"": 13.217012106906623, ""min"": 0.0}, ""cgFeatureExtraction"": {""avg"": 4.274763660346665, ""count"": 44, ""max"": 18.785028893034905, ""min"": 0.0}, ""cgNeighborAnalysis"": {""avg"": 6.44333687722048, ""count"": 44, ""max"": 12.176007847301662, ""min"": 0.0}, ""cgOverlapCollisions"": {""avg"": 20.681586816367187, ""count"": 44, ""max"": 52.31246567564085, ""min"": 0.0}, ""cgSiteBoundary"": {""avg"": 20.958302620618436, ""count"": 44, ""max"": 139.80767148314044, ""min"": 0.0}, ""dictSynthesis"": {""avg"": 0.002310960553586483, ""count"": 1, ""max"": 0.002310960553586483, ""min"": 0.002310960553586483}, ""episodeBpeMerge"": {""avg"": 153.82663701893762, ""count"": 1, ""max"": 153.82663701893762, ""min"": 153.82663701893762}, ""episodeFormatting"": {""avg"": 1.0055799793917686, ""count"": 2, ""max"": 1.0361619642935693, ""min"": 0.9749979944899678}, ""episodeTotal"": {""avg"": 3988.0042449804023, ""count"": 1, ""max"": 3988.0042449804023, ""min"": 3988.0042449804023}, ""learning"": {""avg"": 157.27927995612845, ""count"": 1, ""max"": 157.27927995612845, ""min"": 157.27927995612845}, ""placement"": {""avg"": 0.215406644403831, ""count"": 36, ""max"": 0.3266929998062551, ""min"": 0.13917800970375538}, ""policyInference"": {""avg"": 20.746383111691102, ""count"": 10, ""max"": 31.569987011607736, ""min"": 6.3515870133414865}, ""shapeSynthesis"": {""avg"": 123.68472224625293, ""count"": 4, ""max"": 224.6482860064134, ""min"": 34.88936898065731}, ""stepTotal"": {""avg"": 360.8063722960651, ""count"": 10, ""max"": 506.53419096488506, ""min"": 177.85305000143126}, ""terminalMetrics"": {""avg"": 51.73456599004567, ""count"": 1, ""max"": 51.73456599004567, ""min"": 51.73456599004567}}"
0,baseline,/home/ramazan/tmp/Discrete Building Generator,812,cpu,1,19,20,3.8066656919545494,11,10,0.2804390490055084,0.6044344700057991,41.9254,15.013047335704123,0.28541597386036904,0.7841172308151594,40.0,4.0,-0.2657434344291687,6469.0,False,0.27,1,2.006640000000001,29.474307110807345,7.0,12.0,8.0,0.0,0.0,0.0,0.0,0.5004024235381879,cd132e293b6c5c09cc3a5b010b806c08cedb5a73e9dd4f8e92909a995c5df5b6,be68e0b9d45fdb81e4326f017153b7930a64bbe507bafd870858fb319d7a59f1,d2e597476e031d695e5482869b38dcbf084020cb34647e845c2676482d7ebf2c,"{""core"": 8, ""room"": 32}","{""aggregateTerminal"": {""avg"": 0.07851497502997518, ""count"": 1, ""max"": 0.07851497502997518, ""min"": 0.07851497502997518}, ""bpeMerge"": {""avg"": 72.87152819917537, ""count"": 10, ""max"": 222.27398701943457, ""min"": 0.3065199707634747}, ""candidateGeneration"": {""avg"": 43.67158337845467, ""count"": 40, ""max"": 113.50838502403349, ""min"": 0.8370029972866178}, ""cgAnchorSearch"": {""avg"": 0.491454084240423, ""count"": 57, ""max"": 1.4956341474317014, ""min"": 0.0}, ""cgEdgeAlignment"": {""avg"": 3.0374520812818613, ""count"": 44, ""max"": 7.357893162406981, ""min"": 0.0}, ""cgFeatureExtraction"": {""avg"": 4.17400618607644, ""count"": 44, ""max"": 17.43260392686352, ""min"": 0.0}, ""cgNeighborAnalysis"": {""avg"": 5.223111336817965, ""count"": 44, ""max"": 13.017817167565227, ""min"": 0.0}, ""cgOverlapCollisions"": {""avg"": 14.70613103381104, ""count"": 44, ""max"": 41.50283365743235, ""min"": 0.0}, ""cgSiteBoundary"": {""avg"": 20.737295675313693, ""count"": 44, ""max"": 166.76690464373678, ""min"": 0.0}, ""dictSynthesis"": {""avg"": 0.0023570028133690357, ""count"": 1, ""max"": 0.0023570028133690357, ""min"": 0.0023570028133690357}, ""episodeBpeMerge"": {""avg"": 230.7620639912784, ""count"": 1, ""max"": 230.7620639912784, ""min"": 230.7620639912784}, ""episodeFormatting"": {""avg"": 1.5968614898156375, ""count"": 2, ""max"": 2.3825099924579263, ""min"": 0.8112129871733487}, ""episodeTotal"": {""avg"": 3804.991470009554, ""count"": 1, ""max"": 3804.991470009554, ""min"": 3804.991470009554}, ""learning"": {""avg"": 273.31652003340423, ""count"": 1, ""max"": 273.31652003340423, ""min"": 273.31652003340423}, ""placement"": {""avg"": 0.23228364524483266, ""count"": 36, ""max"": 0.34400896402075887, ""min"": 0.1545639825053513}, ""policyInference"": {""avg"": 10.460016102297232, ""count"": 10, ""max"": 15.298175974749029, ""min"": 7.489862968213856}, ""shapeSynthesis"": {""avg"": 157.71811148442794, ""count"": 4, ""max"": 260.1852259831503, ""min"": 45.30643095495179}, ""stepTotal"": {""avg"": 322.85207050153986, ""count"": 10, ""max"": 643.5373779968359, ""min"": 167.50781098380685}, ""terminalMetrics"": {""avg"": 54.33476000325754, ""count"": 1, ""max"": 54.33476000325754, ""min"": 54.33476000325754}}"
1,v0.8.1,/home/ramazan/tmp/Discrete Building Generator/v0.8.1,812,cpu,1,0,1,0.7248063899460249,11,10,0.044514059962239116,0.17754786950536072,59.326,32.14585780599211,0.41578822453343434,0.800048676478827,40.0,4.0,121.1104736328125,2419.0,True,0.0,0,0.0,27.0,7.0,9.0,8.0,0.0,0.0,0.0,0.0,0.5004024235381879,39dc4b1aeefea207e3f16e313b87e68a16dd99f6c413aaeffaba75093f62dd87,c9d669e64bc6bdab50b8e8abbe25e297a7e8b0fea8380b186138a465576182d8,4ff63ee98fc8b187b55094724dd25fb88bc64ad2a3bdf6f0aa02282a7255a8fb,"{""core"": 8, ""room"": 32}","{""aggregateTerminal"": {""avg"": 0.07198401726782322, ""count"": 1, ""max"": 0.07198401726782322, ""min"": 0.07198401726782322}, ""bpeMerge"": {""avg"": 0.0, ""count"": 10, ""max"": 0.0, ""min"": 0.0}, ""candidateGeneration"": {""avg"": 24.605927294760477, ""count"": 40, ""max"": 52.679646003525704, ""min"": 0.893923977855593}, ""cgAnchorSearch"": {""avg"": 0.22012864878811575, ""count"": 118, ""max"": 1.0796550195664167, ""min"": 0.0}, ""cgEdgeAlignment"": {""avg"": 0.8984690551490834, ""count"": 54, ""max"": 4.170172032900155, ""min"": 0.0}, ""cgFeatureExtraction"": {""avg"": 0.7937265920056099, ""count"": 54, ""max"": 3.5159007529728115, ""min"": 0.0}, ""cgNeighborAnalysis"": {""avg"": 1.020433298200024, ""count"": 54, ""max"": 6.985333631746471, ""min"": 0.0}, ""cgOverlapCollisions"": {""avg"": 10.801517904770595, ""count"": 54, ""max"": 31.241934513673186, ""min"": 0.0}, ""cgSiteBoundary"": {""avg"": 1.9152454236367096, ""count"": 54, ""max"": 15.386105107609183, ""min"": 0.0}, ""dictSynthesis"": {""avg"": 0.0018900027498602867, ""count"": 1, ""max"": 0.0018900027498602867, ""min"": 0.0018900027498602867}, ""episodeBpeMerge"": {""avg"": 214.1412920318544, ""count"": 1, ""max"": 214.1412920318544, ""min"": 214.1412920318544}, ""episodeFormatting"": {""avg"": 0.691915483912453, ""count"": 2, ""max"": 0.741700001526624, ""min"": 0.6421309662982821}, ""episodeTotal"": {""avg"": 723.4597139758989, ""count"": 1, ""max"": 723.4597139758989, ""min"": 723.4597139758989}, ""learning"": {""avg"": 10.599469009321183, ""count"": 1, ""max"": 10.599469009321183, ""min"": 10.599469009321183}, ""placement"": {""avg"": 0.20783386688919797, ""count"": 31, ""max"": 0.3059179871343076, ""min"": 0.17007696442306042}, ""policyInference"": {""avg"": 0.13979339855723083, ""count"": 10, ""max"": 0.2552610239945352, ""min"": 0.10243698488920927}, ""shapeSynthesis"": {""avg"": 7.04904731699369, ""count"": 9, ""max"": 9.539293008856475, ""min"": 3.7617709604091942}, ""stepTotal"": {""avg"": 42.39072791533545, ""count"": 10, ""max"": 60.31327199889347, ""min"": 25.315563019830734}, ""terminalMetrics"": {""avg"": 66.47380598587915, ""count"": 1, ""max"": 66.47380598587915, ""min"": 66.47380598587915}}"
1,v0.8.1,/home/ramazan/tmp/Discrete Building Generator/v0.8.1,812,cpu,1,1,2,0.53765504603507,11,10,0.042287409014534205,0.1134645294805523,61.9501,29.914475842544284,0.42364817481972317,0.7427639243703008,34.0,4.0,125.05502319335938,2477.0,True,0.0,0,0.0,36.0,5.0,12.0,7.0,2.0,0.5,4.0,0.150096935887196,0.5455945739691843,1c042f319f5618f832cd4f55f43c90f40377e8d2c0da617296aedb5494b4b921,f249c640d8a6fe5c076040663e5b54d37c5c72ed95e214a1d16e356c8753c967,aa8277a29138bc7dac6f3764940370b9aeacd8f492ad188ca1eafcdda70d9587,"{""core"": 8, ""room"": 26}","{""aggregateTerminal"": {""avg"": 0.08064002031460404, ""count"": 1, ""max"": 0.08064002031460404, ""min"": 0.08064002031460404}, ""bpeMerge"": {""avg"": 0.0, ""count"": 10, ""max"": 0.0, ""min"": 0.0}, ""candidateGeneration"": {""avg"": 19.02462591856925, ""count"": 36, ""max"": 45.57796299923211, ""min"": 0.8588170167058706}, ""cgAnchorSearch"": {""avg"": 0.13262009799844868, ""count"": 138, ""max"": 0.9613708825781941, ""min"": 0.0}, ""cgEdgeAlignment"": {""avg"": 0.7097597602599611, ""count"": 54, ""max"": 3.8128322921693325, ""min"": 0.0}, ""cgFeatureExtraction"": {""avg"": 0.5831607742476519, ""count"": 54, ""max"": 2.9495469061657786, ""min"": 0.0}, ""cgNeighborAnalysis"": {""avg"": 0.8871197588396845, ""count"": 54, ""max"": 8.53485002880916, ""min"": 0.0}, ""cgOverlapCollisions"": {""avg"": 6.881336882037835, ""count"": 54, ""max"": 25.1309591694735, ""min"": 0.0}, ""cgSiteBoundary"": {""avg"": 1.705577034348001, ""count"": 54, ""max"": 11.747507844120264, ""min"": 0.0}, ""dictSynthesis"": {""avg"": 0.001801003236323595, ""count"": 1, ""max"": 0.001801003236323595, ""min"": 0.001801003236323595}, ""episodeBpeMerge"": {""avg"": 108.08441299013793, ""count"": 1, ""max"": 108.08441299013793, ""min"": 108.08441299013793}, ""episodeFormatting"": {""avg"": 0.4857165040448308, ""count"": 2, ""max"": 0.5521909915842116, ""min"": 0.41924201650545}, ""episodeTotal"": {""avg"": 536.5391249652021, ""count"": 1, ""max"": 536.5391249652021, ""min"": 536.5391249652021}, ""learning"": {""avg"": 10.03336301073432, ""count"": 1, ""max"": 10.03336301073432, ""min"": 10.03336301073432}, ""placement"": {""avg"": 0.24105723947286606, ""count"": 25, ""max"": 0.427088001742959, ""min"": 0.14951499179005623}, ""policyInference"": {""avg"": 0.14444690314121544, ""count"": 10, ""max"": 0.24622498312965035, ""min"": 0.09626802057027817}, ""shapeSynthesis"": {""avg"": 7.70207226742059, ""count"": 11, ""max"": 11.393890948966146, ""min"": 3.2458740170113742}, ""stepTotal"": {""avg"": 36.21462060837075, ""count"": 10, ""max"": 57.16916004894301, ""min"": 13.176111970096827}, ""terminalMetrics"": {""avg"": 48.813858011271805, ""count"": 1, ""max"": 48.813858011271805, ""min"": 48.813858011271805}}"
1,v0.8.1,/home/ramazan/tmp/Discrete Building Generator/v0.8.1,812,cpu,1,2,3,0.6928935009636916,11,10,0.045030765992123634,0.15922799450345337,54.413,27.47124560246914,0.40244012223139214,0.7747689493831367,38.0,6.0,96.57879638671875,2765.0,True,0.0,0,0.0,27.0,6.0,9.0,10.0,0.0,0.0,0.0,0.0,0.5146531654289292,718a987701a5c5edc13b8c6d2e674a4ca81eefeca73fdb46ddf0a3ccda0a3aef,b61fc616297e51c2b725ac6c07ee777a3da33c734f49ff49dd6614d45fffa244,65e9fc9a853e8874dbc212e5d512fc46c4620f4b160d2a1fa87fab79ab7bd865,"{""core"": 8, ""room"": 30}","{""aggregateTerminal"": {""avg"": 0.07905298843979836, ""count"": 1, ""max"": 0.07905298843979836, ""min"": 0.07905298843979836}, ""bpeMerge"": {""avg"": 0.0, ""count"": 10, ""max"": 0.0, ""min"": 0.0}, ""candidateGeneration"": {""avg"": 27.80091505235013, ""count"": 39, ""max"": 58.16406401572749, ""min"": 0.8311879937537014}, ""cgAnchorSearch"": {""avg"": 0.28285616565318333, ""count"": 105, ""max"": 1.3609467423520982, ""min"": 0.0}, ""cgEdgeAlignment"": {""avg"": 0.6354579983173676, ""count"": 53, ""max"": 1.9521043868735433, ""min"": 0.0}, ""cgFeatureExtraction"": {""avg"": 0.6953705901736921, ""count"": 53, ""max"": 2.3730257526040077, ""min"": 0.0}, ""cgNeighborAnalysis"": {""avg"": 1.1958753841683127, ""count"": 53, ""max"": 9.581134945619851, ""min"": 0.0}, ""cgOverlapCollisions"": {""avg"": 12.48964872804277, ""count"": 53, ""max"": 40.26919964235276, ""min"": 0.0}, ""cgSiteBoundary"": {""avg"": 2.5476464905055627, ""count"": 53, ""max"": 21.513309853617102, ""min"": 0.0}, ""dictSynthesis"": {""avg"": 0.0018510036170482635, ""count"": 1, ""max"": 0.0018510036170482635, ""min"": 0.0018510036170482635}, ""episodeBpeMerge"": {""avg"": 174.3333310005255, ""count"": 1, ""max"": 174.3333310005255, ""min"": 174.3333310005255}, ""episodeFormatting"": {""avg"": 0.6030540098436177, ""count"": 2, ""max"": 0.6774939829483628, ""min"": 0.5286140367388725}, ""episodeTotal"": {""avg"": 691.6637140093371, ""count"": 1, ""max"": 691.6637140093371, ""min"": 691.6637140093371}, ""learning"": {""avg"": 9.41568095004186, ""count"": 1, ""max"": 9.41568095004186, ""min"": 9.41568095004186}, ""placement"": {""avg"": 0.2113280994496469, ""count"": 29, ""max"": 0.2784469979815185, ""min"": 0.17232203390449286}, ""policyInference"": {""avg"": 0.1366515993140638, ""count"": 10, ""max"": 0.19383197650313377, ""min"": 0.1124449772760272}, ""shapeSynthesis"": {""avg"": 7.955425664679044, ""count"": 9, ""max"": 11.591067013796419, ""min"": 4.420279001351446}, ""stepTotal"": {""avg"": 42.901013005757704, ""count"": 10, ""max"": 61.20441202074289, ""min"": 19.890655006747693}, ""terminalMetrics"": {""avg"": 70.28673600871116, ""count"": 1, ""max"": 70.28673600871116, ""min"": 70.28673600871116}}"
1,v0.8.1,/home/ramazan/tmp/Discrete Building Generator/v0.8.1,812,cpu,1,3,4,0.7625354310148396,11,10,0.04832811397500336,0.17313135947915725,50.1176,20.039790129789104,0.34622810481914784,0.8039687743706456,40.0,5.0,118.0815200805664,2948.0,True,0.0,0,0.0,30.0,8.0,10.0,9.0,0.0,0.0,0.0,0.0,0.5004024235381879,c105b0b9a030f33f2bdc9a86bc514a351969081ad0b59e8f1b0df4a666a9bf3a,7385df4fe621bb060129110711bcd4c3f3e7715b2e3aa32e495a3cf661f0bdbb,fb17eabc9561ae95f0ac07d453a49e66b10eb67ecc9aaf02175c4972ce1b026b,"{""core"": 8, ""room"": 32}","{""aggregateTerminal"": {""avg"": 0.07673498475924134, ""count"": 1, ""max"": 0.07673498475924134, ""min"": 0.07673498475924134}, ""bpeMerge"": {""avg"": 0.0, ""count"": 10, ""max"": 0.0, ""min"": 0.0}, ""candidateGeneration"": {""avg"": 26.386914103932213, ""count"": 40, ""max"": 52.47568403137848, ""min"": 0.8761550416238606}, ""cgAnchorSearch"": {""avg"": 0.2100131315519176, ""count"": 126, ""max"": 1.103714865166694, ""min"": 0.0}, ""cgEdgeAlignment"": {""avg"": 0.854486612611097, ""count"": 58, ""max"": 3.7832530797459185, ""min"": 0.0}, ""cgFeatureExtraction"": {""avg"": 0.8193991500242003, ""count"": 58, ""max"": 3.5429290146566927, ""min"": 0.0}, ""cgNeighborAnalysis"": {""avg"": 1.4869964436692154, ""count"": 58, ""max"": 7.819432124961168, ""min"": 0.0}, ""cgOverlapCollisions"": {""avg"": 10.489345939653315, ""count"": 58, ""max"": 30.251502816099674, ""min"": 0.0}, ""cgSiteBoundary"": {""avg"": 2.0587947219610214, ""count"": 58, ""max"": 17.778967099729925, ""min"": 0.0}, ""dictSynthesis"": {""avg"": 0.00166997779160738, ""count"": 1, ""max"": 0.00166997779160738, ""min"": 0.00166997779160738}, ""episodeBpeMerge"": {""avg"": 216.10056003555655, ""count"": 1, ""max"": 216.10056003555655, ""min"": 216.10056003555655}, ""episodeFormatting"": {""avg"": 0.5951969942543656, ""count"": 2, ""max"": 0.6643160013481975, ""min"": 0.5260779871605337}, ""episodeTotal"": {""avg"": 761.2058430095203, ""count"": 1, ""max"": 761.2058430095203, ""min"": 761.2058430095203}, ""learning"": {""avg"": 11.53541699750349, ""count"": 1, ""max"": 11.53541699750349, ""min"": 11.53541699750349}, ""placement"": {""avg"": 0.21855470098169713, ""count"": 29, ""max"": 0.365471001714468, ""min"": 0.16019301256164908}, ""policyInference"": {""avg"": 0.27541889576241374, ""count"": 10, ""max"": 1.4226280036382377, ""min"": 0.10942999506369233}, ""shapeSynthesis"": {""avg"": 7.583602918946946, ""count"": 11, ""max"": 10.170648049097508, ""min"": 3.9953429950401187}, ""stepTotal"": {""avg"": 46.5995927923359, ""count"": 10, ""max"": 56.262443016748875, ""min"": 35.20700498484075}, ""terminalMetrics"": {""avg"": 58.99861495709047, ""count"": 1, ""max"": 58.99861495709047, ""min"": 58.99861495709047}}"
1,v0.8.1,/home/ramazan/tmp/Discrete Building Generator/v0.8.1,812,cpu,1,4,5,0.6819330159923993,11,10,0.039544216997455806,0.1666076134715695,53.0614,18.96596722622451,0.3564259772903149,0.8092613691175592,40.0,5.0,96.22198486328125,2727.0,False,0.27,1,1.35,36.0,8.0,12.0,9.0,0.0,0.0,0.0,0.17853742991797997,0.5004024235381879,9bdc6638e02339b1732fa3839b2fc6edf7f0187975bee3a844c4b9b2ec2be1d5,7e71bbd315e7167ccc35b09d5063a7cfe078c3d581da9a6e9eff039f9e1a9c27,029867cf17e91e81345f31e0e9abbddb2cda7ded33ce744e0d5e17ddcc32d2ea,"{""core"": 8, ""room"": 32}","{""aggregateTerminal"": {""avg"": 0.07535598706454039, ""count"": 1, ""max"": 0.07535598706454039, ""min"": 0.07535598706454039}, ""bpeMerge"": {""avg"": 0.0, ""count"": 10, ""max"": 0.0, ""min"": 0.0}, ""candidateGeneration"": {""avg"": 24.680334277218208, ""count"": 40, ""max"": 56.2788579845801, ""min"": 0.8173829992301762}, ""cgAnchorSearch"": {""avg"": 0.18965473751567544, ""count"": 124, ""max"": 0.9713639155961573, ""min"": 0.0}, ""cgEdgeAlignment"": {""avg"": 0.761374094249082, ""count"": 56, ""max"": 3.496796067338437, ""min"": 0.0}, ""cgFeatureExtraction"": {""avg"": 0.7453976348707718, ""count"": 56, ""max"": 3.560083161573857, ""min"": 0.0}, ""cgNeighborAnalysis"": {""avg"": 1.2760704703396186, ""count"": 56, ""max"": 13.560781022533774, ""min"": 0.0}, ""cgOverlapCollisions"": {""avg"": 11.087760402006097, ""count"": 56, ""max"": 37.872565910220146, ""min"": 0.0}, ""cgSiteBoundary"": {""avg"": 1.5040027678229049, ""count"": 56, ""max"": 12.534181936644018, ""min"": 0.0}, ""dictSynthesis"": {""avg"": 0.0025060144253075123, ""count"": 1, ""max"": 0.0025060144253075123, ""min"": 0.0025060144253075123}, ""episodeBpeMerge"": {""avg"": 191.786584968213, ""count"": 1, ""max"": 191.786584968213, ""min"": 191.786584968213}, ""episodeFormatting"": {""avg"": 0.7165700080804527, ""count"": 2, ""max"": 0.7425550138577819, ""min"": 0.6905850023031235}, ""episodeTotal"": {""avg"": 680.3412699955516, ""count"": 1, ""max"": 680.3412699955516, ""min"": 680.3412699955516}, ""learning"": {""avg"": 10.453639028128237, ""count"": 1, ""max"": 10.453639028128237, ""min"": 10.453639028128237}, ""placement"": {""avg"": 0.2148396975826472, ""count"": 30, ""max"": 0.30947697814553976, ""min"": 0.15055102994665504}, ""policyInference"": {""avg"": 0.13452090206556022, ""count"": 10, ""max"": 0.2735719899646938, ""min"": 0.10674801887944341}, ""shapeSynthesis"": {""avg"": 7.29780329274945, ""count"": 10, ""max"": 10.591726982966065, ""min"": 4.239339963532984}, ""stepTotal"": {""avg"": 41.1373462935444, ""count"": 10, ""max"": 68.85562202660367, ""min"": 24.49657896067947}, ""terminalMetrics"": {""avg"": 57.899435982108116, ""count"": 1, ""max"": 57.899435982108116, ""min"": 57.899435982108116}}"
1,v0.8.1,/home/ramazan/tmp/Discrete Building Generator/v0.8.1,812,cpu,1,5,6,0.6671007290133275,11,10,0.0391092220088467,0.16183023649500683,60.278,26.609763569367068,0.4054680755957311,0.7937644095614621,38.0,5.0,190.24720764160156,2657.0,True,0.0,0,0.0,36.0,7.0,12.0,9.0,1.0,0.25,2.0,0.008391960820704788,0.5146531654289292,755200c91db05a98a44efe8afa30e9b1f5fdb92b2790871af0cd5a8d502c3b1a,1cb9928e5e9675fc98d394173c540511bc8f93f6a4d327fd4d5e1d81552ce22c,e92268a9f22ca8a6c4e076d5e043863a7352fce131827f839011a8cdfb2bf7bf,"{""core"": 8, ""room"": 30}","{""aggregateTerminal"": {""avg"": 0.07238099351525307, ""count"": 1, ""max"": 0.07238099351525307, ""min"": 0.07238099351525307}, ""bpeMerge"": {""avg"": 0.0, ""count"": 10, ""max"": 0.0, ""min"": 0.0}, ""candidateGeneration"": {""avg"": 18.696064052346628, ""count"": 40, ""max"": 44.94683298980817, ""min"": 0.7195639773271978}, ""cgAnchorSearch"": {""avg"": 0.12238678267464957, ""count"": 179, ""max"": 0.9397051180712879, ""min"": 0.0}, ""cgEdgeAlignment"": {""avg"": 0.5585526840747403, ""count"": 67, ""max"": 2.1434950758703053, ""min"": 0.0}, ""cgFeatureExtraction"": {""avg"": 0.5978499660824439, ""count"": 67, ""max"": 2.2050366969779134, ""min"": 0.0}, ""cgNeighborAnalysis"": {""avg"": 0.8043585538016215, ""count"": 67, ""max"": 6.9610741338692605, ""min"": 0.0}, ""cgOverlapCollisions"": {""avg"": 6.556857844689556, ""count"": 67, ""max"": 29.091159347444773, ""min"": 0.0}, ""cgSiteBoundary"": {""avg"": 1.2544555087407023, ""count"": 67, ""max"": 13.250893796794116, ""min"": 0.0}, ""dictSynthesis"": {""avg"": 0.0017620041035115719, ""count"": 1, ""max"": 0.0017620041035115719, ""min"": 0.0017620041035115719}, ""episodeBpeMerge"": {""avg"": 175.10554299224168, ""count"": 1, ""max"": 175.10554299224168, ""min"": 175.10554299224168}, ""episodeFormatting"": {""avg"": 0.6925540219526738, ""count"": 2, ""max"": 0.7089610444381833, ""min"": 0.6761469994671643}, ""episodeTotal"": {""avg"": 665.5074859736487, ""count"": 1, ""max"": 665.5074859736487, ""min"": 665.5074859736487}, ""learning"": {""avg"": 17.722037038765848, ""count"": 1, ""max"": 17.722037038765848, ""min"": 17.722037038765848}, ""placement"": {""avg"": 0.22760866704629734, ""count"": 24, ""max"": 0.30362600227817893, ""min"": 0.16078702174127102}, ""policyInference"": {""avg"": 0.13306629261933267, ""count"": 10, ""max"": 0.2728750114329159, ""min"": 0.09676697663962841}, ""shapeSynthesis"": {""avg"": 6.8883887433912605, ""count"": 16, ""max"": 14.435000019147992, ""min"": 2.4482610169798136}, ""stepTotal"": {""avg"": 40.150702599203214, ""count"": 10, ""max"": 64.16581897065043, ""min"": 21.48318599211052}, ""terminalMetrics"": {""avg"": 62.63369496446103, ""count"": 1, ""max"": 62.63369496446103, ""min"": 62.63369496446103}}"
1,v0.8.1,/home/ramazan/tmp/Discrete Building Generator/v0.8.1,812,cpu,1,6,7,0.5014499590033665,11,10,0.03415245603537187,0.12126256001647562,46.9929,22.867637416654265,0.38253649673363577,0.7304564051220305,31.0,5.0,78.78584289550781,1928.0,True,0.0,0,0.0,24.0,7.0,8.0,7.0,0.0,0.0,0.0,0.0,0.5710227109429162,28441de0acac343aa22872c91191de900de04076462abc5ee7c9f8fa650afd41,98f7fb381c14223222812417b9261ad8565f00c757b6ea58239cf033c2a1a207,acc88b8cb6eebabd6232b6a62691bf35dbfb2cd7e83b66b2f24c5db001a1ca16,"{""core"": 8, ""room"": 23}","{""aggregateTerminal"": {""avg"": 0.07729500066488981, ""count"": 1, ""max"": 0.07729500066488981, ""min"": 0.07729500066488981}, ""bpeMerge"": {""avg"": 0.0, ""count"": 10, ""max"": 0.0, ""min"": 0.0}, ""candidateGeneration"": {""avg"": 16.633727730632845, ""count"": 33, ""max"": 35.45682696858421, ""min"": 0.8548509795218706}, ""cgAnchorSearch"": {""avg"": 0.1482578724797847, ""count"": 117, ""max"": 0.7728030905127525, ""min"": 0.0}, ""cgEdgeAlignment"": {""avg"": 0.5224605140808437, ""count"": 49, ""max"": 1.83040089905262, ""min"": 0.0}, ""cgFeatureExtraction"": {""avg"": 0.5470224161993484, ""count"": 49, ""max"": 1.7310661496594548, ""min"": 0.0}, ""cgNeighborAnalysis"": {""avg"": 1.2543535130858725, ""count"": 49, ""max"": 19.65931913582608, ""min"": 0.0}, ""cgOverlapCollisions"": {""avg"": 5.664380511972217, ""count"": 49, ""max"": 26.853632065467536, ""min"": 0.0}, ""cgSiteBoundary"": {""avg"": 1.4663800699351242, ""count"": 49, ""max"": 14.90326429484412, ""min"": 0.0}, ""dictSynthesis"": {""avg"": 0.0022720196284353733, ""count"": 1, ""max"": 0.0022720196284353733, ""min"": 0.0022720196284353733}, ""episodeBpeMerge"": {""avg"": 131.51818403275684, ""count"": 1, ""max"": 131.51818403275684, ""min"": 131.51818403275684}, ""episodeFormatting"": {""avg"": 0.4796459979843348, ""count"": 2, ""max"": 0.5318130133673549, ""min"": 0.4274789826013148}, ""episodeTotal"": {""avg"": 500.16862904885784, ""count"": 1, ""max"": 500.16862904885784, ""min"": 500.16862904885784}, ""learning"": {""avg"": 9.330486005637795, ""count"": 1, ""max"": 9.330486005637795, ""min"": 9.330486005637795}, ""placement"": {""avg"": 0.2266194306961868, ""count"": 23, ""max"": 0.33602199982851744, ""min"": 0.15976699069142342}, ""policyInference"": {""avg"": 0.13024910585954785, ""count"": 10, ""max"": 0.21156796719878912, ""min"": 0.0991540146060288}, ""shapeSynthesis"": {""avg"": 7.655913202324882, ""count"": 10, ""max"": 10.856532026082277, ""min"": 3.9084849995560944}, ""stepTotal"": {""avg"": 30.160298105329275, ""count"": 10, ""max"": 48.4372969949618, ""min"": 10.286802018526942}, ""terminalMetrics"": {""avg"": 49.74637902341783, ""count"": 1, ""max"": 49.74637902341783, ""min"": 49.74637902341783}}"
1,v0.8.1,/home/ramazan/tmp/Discrete Building Generator/v0.8.1,812,cpu,1,7,8,0.6231458460097201,11,10,0.042333043995313346,0.13178792849066667,36.7614,16.751683197508942,0.29863161681403844,0.7924094935350213,40.0,6.0,49.00054168701172,2149.0,True,0.0,0,0.0,30.0,4.0,10.0,8.0,5.0,1.25,10.0,0.3320599172186423,0.5004024235381879,75846b47c4343dd1e9f3c656814a3bda375aaa60c5f275fb0a19da6613294c3d,637727d6ebfdeef3b0355545bfc31861641f525bd22e451353fd7743d4e91450,9ffc06df46a66437035a3bc7635d2647687b2ba8ad274f7425485b3916560d60,"{""core"": 8, ""room"": 32}","{""aggregateTerminal"": {""avg"": 0.07886497769504786, ""count"": 1, ""max"": 0.07886497769504786, ""min"": 0.07886497769504786}, ""bpeMerge"": {""avg"": 0.0, ""count"": 10, ""max"": 0.0, ""min"": 0.0}, ""candidateGeneration"": {""avg"": 24.827498647209723, ""count"": 40, ""max"": 49.9274370376952, ""min"": 0.8524410077370703}, ""cgAnchorSearch"": {""avg"": 0.3038804160849172, ""count"": 98, ""max"": 1.2043059105053544, ""min"": 0.0}, ""cgEdgeAlignment"": {""avg"": 0.648592043435201, ""count"": 50, ""max"": 1.922639086842537, ""min"": 0.0}, ""cgFeatureExtraction"": {""avg"": 0.6153569836169481, ""count"": 50, ""max"": 1.9040981424041092, ""min"": 0.0}, ""cgNeighborAnalysis"": {""avg"": 2.347215987974778, ""count"": 50, ""max"": 36.65030701085925, ""min"": 0.0}, ""cgOverlapCollisions"": {""avg"": 12.23957620211877, ""count"": 50, ""max"": 37.79389517148957, ""min"": 0.0}, ""cgSiteBoundary"": {""avg"": 1.5770373528357595, ""count"": 50, ""max"": 9.413410734850913, ""min"": 0.0}, ""dictSynthesis"": {""avg"": 0.0018319697119295597, ""count"": 1, ""max"": 0.0018319697119295597, ""min"": 0.0018319697119295597}, ""episodeBpeMerge"": {""avg"": 113.74535196227953, ""count"": 1, ""max"": 113.74535196227953, ""min"": 113.74535196227953}, ""episodeFormatting"": {""avg"": 0.627477013040334, ""count"": 2, ""max"": 0.7226190064102411, ""min"": 0.5323350196704268}, ""episodeTotal"": {""avg"": 621.8901469837874, ""count"": 1, ""max"": 621.8901469837874, ""min"": 621.8901469837874}, ""learning"": {""avg"": 8.395318989641964, ""count"": 1, ""max"": 8.395318989641964, ""min"": 8.395318989641964}, ""placement"": {""avg"": 0.1981886562134605, ""count"": 32, ""max"": 0.273072044365108, ""min"": 0.148187973536551}, ""policyInference"": {""avg"": 0.13676570379175246, ""count"": 10, ""max"": 0.19618001533672214, ""min"": 0.11148600606247783}, ""shapeSynthesis"": {""avg"": 12.412870244588703, ""count"": 8, ""max"": 45.7016890286468, ""min"": 3.046319994609803}, ""stepTotal"": {""avg"": 43.92201959271915, ""count"": 10, ""max"": 86.77751000504941, ""min"": 22.168784984387457}, ""terminalMetrics"": {""avg"": 50.917036016471684, ""count"": 1, ""max"": 50.917036016471684, ""min"": 50.917036016471684}}"
1,v0.8.1,/home/ramazan/tmp/Discrete Building Generator/v0.8.1,812,cpu,1,8,9,0.6427303330274299,11,10,0.041440910019446164,0.15466011950047687,45.0638,24.684811604547054,0.39111453730434254,0.7687140896754693,37.0,5.0,134.0630645751953,2297.0,True,0.0,0,0.0,27.0,7.0,9.0,8.0,3.0,0.75,6.0,0.017531402146977862,0.5220770639132397,70313fda3ae3355ad4e053da21c92c3081b05dbf50adce4addb20307fb581123,2e266e5f34e8c9a8834d684de7049d46e227327562440f53217e65cd08e14c96,1257d55da92637912af5dd965a6f16ff6ff271967aff2a8892ca29065f823c61,"{""core"": 8, ""room"": 29}","{""aggregateTerminal"": {""avg"": 0.07260398706421256, ""count"": 1, ""max"": 0.07260398706421256, ""min"": 0.07260398706421256}, ""bpeMerge"": {""avg"": 0.0, ""count"": 10, ""max"": 0.0, ""min"": 0.0}, ""candidateGeneration"": {""avg"": 21.390890589174933, ""count"": 39, ""max"": 50.47612503403798, ""min"": 0.862243992742151}, ""cgAnchorSearch"": {""avg"": 0.1520882824990438, ""count"": 178, ""max"": 1.473243988584727, ""min"": 0.0}, ""cgEdgeAlignment"": {""avg"": 0.4501554825710076, ""count"": 66, ""max"": 2.1927771740593016, ""min"": 0.0}, ""cgFeatureExtraction"": {""avg"": 0.4860732208753964, ""count"": 66, ""max"": 2.2682228591293097, ""min"": 0.0}, ""cgNeighborAnalysis"": {""avg"": 0.7936104878105901, ""count"": 66, ""max"": 8.995225885882974, ""min"": 0.0}, ""cgOverlapCollisions"": {""avg"": 7.392427129106539, ""count"": 66, ""max"": 40.58928810991347, ""min"": 0.0}, ""cgSiteBoundary"": {""avg"": 1.6485337383170244, ""count"": 66, ""max"": 18.871240550652146, ""min"": 0.0}, ""dictSynthesis"": {""avg"": 0.001962005626410246, ""count"": 1, ""max"": 0.001962005626410246, ""min"": 0.001962005626410246}, ""episodeBpeMerge"": {""avg"": 177.49652999918908, ""count"": 1, ""max"": 177.49652999918908, ""min"": 177.49652999918908}, ""episodeFormatting"": {""avg"": 0.5871659668628126, ""count"": 2, ""max"": 0.6640699575655162, ""min"": 0.510261976160109}, ""episodeTotal"": {""avg"": 641.1194750107825, ""count"": 1, ""max"": 641.1194750107825, ""min"": 641.1194750107825}, ""learning"": {""avg"": 13.990890001878142, ""count"": 1, ""max"": 13.990890001878142, ""min"": 13.990890001878142}, ""placement"": {""avg"": 0.21213517301594434, ""count"": 23, ""max"": 0.34394796239212155, ""min"": 0.13524404494091868}, ""policyInference"": {""avg"": 0.12476101983338594, ""count"": 10, ""max"": 0.18492701929062605, ""min"": 0.09799201507121325}, ""shapeSynthesis"": {""avg"": 5.607971121207811, ""count"": 16, ""max"": 11.433308012783527, ""min"": 3.229631984140724}, ""stepTotal"": {""avg"": 38.10978639521636, ""count"": 10, ""max"": 53.992475965060294, ""min"": 14.068413991481066}, ""terminalMetrics"": {""avg"": 60.08515099529177, ""count"": 1, ""max"": 60.08515099529177, ""min"": 60.08515099529177}}"
1,v0.8.1,/home/ramazan/tmp/Discrete Building Generator/v0.8.1,812,cpu,1,9,10,0.6057008649804629,11,10,0.043128909019287676,0.13726513949222863,43.2458,20.676878450583352,0.3658152715800797,0.7381239185219435,36.0,5.0,115.22208404541016,1846.0,True,0.0,0,0.0,27.0,7.0,9.0,8.0,2.0,0.5,4.0,0.037584193472860156,0.5297061990576545,c3ef93d4a6632de701b42a71cb70b213538ec56c1d9972a6cf9dcad9672fc53b,f27fbe5592a7da018d761d178c3cc7e7aa72b69738c13a6f5bbd2c39020c91b4,a82ca079b13a96f08e773bea7dd9373e8fb89b6feef877ae3129f7cd116339d2,"{""core"": 8, ""room"": 28}","{""aggregateTerminal"": {""avg"": 0.07273699156939983, ""count"": 1, ""max"": 0.07273699156939983, ""min"": 0.07273699156939983}, ""bpeMerge"": {""avg"": 0.0, ""count"": 10, ""max"": 0.0, ""min"": 0.0}, ""candidateGeneration"": {""avg"": 18.624525348895002, ""count"": 37, ""max"": 35.59023997513577, ""min"": 0.8481229888275266}, ""cgAnchorSearch"": {""avg"": 0.1185254400099992, ""count"": 184, ""max"": 0.8495358633808792, ""min"": 0.0}, ""cgEdgeAlignment"": {""avg"": 0.45745140050712507, ""count"": 64, ""max"": 1.430978998541832, ""min"": 0.0}, ""cgFeatureExtraction"": {""avg"": 0.4576409091896494, ""count"": 64, ""max"": 1.5332640032283962, ""min"": 0.0}, ""cgNeighborAnalysis"": {""avg"": 0.8128770186885959, ""count"": 64, ""max"": 8.239438000600785, ""min"": 0.0}, ""cgOverlapCollisions"": {""avg"": 6.310200809821254, ""count"": 64, ""max"": 23.779538983944803, ""min"": 0.0}, ""cgSiteBoundary"": {""avg"": 0.9985653077819734, ""count"": 64, ""max"": 10.75394090730697, ""min"": 0.0}, ""dictSynthesis"": {""avg"": 0.0019790022633969784, ""count"": 1, ""max"": 0.0019790022633969784, ""min"": 0.0019790022633969784}, ""episodeBpeMerge"": {""avg"": 157.45434199925512, ""count"": 1, ""max"": 157.45434199925512, ""min"": 157.45434199925512}, ""episodeFormatting"": {""avg"": 0.5899704992771149, ""count"": 2, ""max"": 0.655618030577898, ""min"": 0.5243229679763317}, ""episodeTotal"": {""avg"": 604.1137169813737, ""count"": 1, ""max"": 604.1137169813737, ""min"": 604.1137169813737}, ""learning"": {""avg"": 13.473947998136282, ""count"": 1, ""max"": 13.473947998136282, ""min"": 13.473947998136282}, ""placement"": {""avg"": 0.22458519309847838, ""count"": 21, ""max"": 0.37212303141131997, ""min"": 0.15946500934660435}, ""policyInference"": {""avg"": 0.14445350388996303, ""count"": 10, ""max"": 0.2433539484627545, ""min"": 0.1116159837692976}, ""shapeSynthesis"": {""avg"": 6.382996692991583, ""count"": 16, ""max"": 10.977102036122233, ""min"": 4.0214870241470635}, ""stepTotal"": {""avg"": 37.00292730354704, ""count"": 10, ""max"": 45.963764016050845, ""min"": 19.914094009436667}, ""terminalMetrics"": {""avg"": 53.560338041279465, ""count"": 1, ""max"": 53.560338041279465, ""min"": 53.560338041279465}}"
1,v0.8.1,/home/ramazan/tmp/Discrete Building Generator/v0.8.1,812,cpu,1,10,11,0.6719526320230216,11,10,0.04632795398356393,0.15414844849146903,53.309,20.271064764816867,0.35525538387747024,0.7883238378994982,38.0,4.0,125.5829086303711,3267.0,True,0.0,0,0.0,33.0,8.0,11.0,7.0,0.0,0.0,0.0,0.17321415497691312,0.5146531654289292,3bb5f63d269befe256540793290bf42f105503ea93c5356b60e55d67a0462e4d,adbdbb93ccf244dd00a46c20e546cb2642cb5731507f95b4f043696b165133e2,3734189dfc4f2affb39dc95bff801f933deda3cebc95e87457e315d2658afe30,"{""core"": 8, ""room"": 30}","{""aggregateTerminal"": {""avg"": 0.07236498640850186, ""count"": 1, ""max"": 0.07236498640850186, ""min"": 0.07236498640850186}, ""bpeMerge"": {""avg"": 0.0, ""count"": 10, ""max"": 0.0, ""min"": 0.0}, ""candidateGeneration"": {""avg"": 22.090889409017297, ""count"": 39, ""max"": 51.91950500011444, ""min"": 0.8632870158180594}, ""cgAnchorSearch"": {""avg"": 0.14601049888123935, ""count"": 185, ""max"": 1.0432798299007118, ""min"": 0.0}, ""cgEdgeAlignment"": {""avg"": 0.6652110080677466, ""count"": 61, ""max"": 3.2517099170945585, ""min"": 0.0}, ""cgFeatureExtraction"": {""avg"": 0.6135588466021858, ""count"": 61, ""max"": 2.9345303773880005, ""min"": 0.0}, ""cgNeighborAnalysis"": {""avg"": 0.7894017426373406, ""count"": 61, ""max"": 8.590317913331091, ""min"": 0.0}, ""cgOverlapCollisions"": {""avg"": 8.633286796212502, ""count"": 61, ""max"": 38.21618651272729, ""min"": 0.0}, ""cgSiteBoundary"": {""avg"": 1.3136911095257422, ""count"": 61, ""max"": 11.685035075061023, ""min"": 0.0}, ""dictSynthesis"": {""avg"": 0.0017700367607176304, ""count"": 1, ""max"": 0.0017700367607176304, ""min"": 0.0017700367607176304}, ""episodeBpeMerge"": {""avg"": 184.44533902220428, ""count"": 1, ""max"": 184.44533902220428, ""min"": 184.44533902220428}, ""episodeFormatting"": {""avg"": 0.6142329657450318, ""count"": 2, ""max"": 0.6742089753970504, ""min"": 0.5542569560930133}, ""episodeTotal"": {""avg"": 670.2576800016686, ""count"": 1, ""max"": 670.2576800016686, ""min"": 670.2576800016686}, ""learning"": {""avg"": 12.257737980689853, ""count"": 1, ""max"": 12.257737980689853, ""min"": 12.257737980689853}, ""placement"": {""avg"": 0.21945346648303363, ""count"": 26, ""max"": 0.3013749956153333, ""min"": 0.14483596896752715}, ""policyInference"": {""avg"": 0.12396250967867672, ""count"": 10, ""max"": 0.16994401812553406, ""min"": 0.10053097503259778}, ""shapeSynthesis"": {""avg"": 6.545305001334502, ""count"": 13, ""max"": 10.023962007835507, ""min"": 3.6442569689825177}, ""stepTotal"": {""avg"": 41.25563239795156, ""count"": 10, ""max"": 55.28546799905598, ""min"": 13.684820965863764}, ""terminalMetrics"": {""avg"": 52.31450899736956, ""count"": 1, ""max"": 52.31450899736956, ""min"": 52.31450899736956}}"
1,v0.8.1,/home/ramazan/tmp/Discrete Building Generator/v0.8.1,812,cpu,1,11,12,0.6723289639921859,11,10,0.046339427994098514,0.14650562798487954,57.7229,37.84099743403959,0.4677631083200303,0.7763663702196746,39.0,5.0,144.29336547851562,2280.0,True,0.0,0,0.0,30.0,5.0,10.0,8.0,5.0,1.25,10.0,0.2120683209377336,0.5074299622199485,1a81428bf1b859f1c6d6f5a0d46d3c312fafbc12cf4a7f3c6095d7de65e534b2,a1b57fb5fba1b90e46961b4d6a31f1da7b59bbbd6e183837fb9ab3290e5945dc,80fc1330d31bcd05fbe0cf08562ed4b4d1582e8ed32c4e71668e86e102049667,"{""core"": 8, ""room"": 31}","{""aggregateTerminal"": {""avg"": 0.0730929896235466, ""count"": 1, ""max"": 0.0730929896235466, ""min"": 0.0730929896235466}, ""bpeMerge"": {""avg"": 0.0, ""count"": 10, ""max"": 0.0, ""min"": 0.0}, ""candidateGeneration"": {""avg"": 22.125113023503218, ""count"": 40, ""max"": 48.415164987090975, ""min"": 0.8865920244716108}, ""cgAnchorSearch"": {""avg"": 0.12348307770998956, ""count"": 214, ""max"": 1.4050219906494021, ""min"": 0.0}, ""cgEdgeAlignment"": {""avg"": 0.5320198384155943, ""count"": 66, ""max"": 1.949427998624742, ""min"": 0.0}, ""cgFeatureExtraction"": {""avg"": 0.492223675158157, ""count"": 66, ""max"": 1.9920961931347847, ""min"": 0.0}, ""cgNeighborAnalysis"": {""avg"": 1.1702846800979, ""count"": 66, ""max"": 13.19517003139481, ""min"": 0.0}, ""cgOverlapCollisions"": {""avg"": 7.374714738971582, ""count"": 66, ""max"": 33.81908143637702, ""min"": 0.0}, ""cgSiteBoundary"": {""avg"": 1.7900011417540638, ""count"": 66, ""max"": 17.515448853373528, ""min"": 0.0}, ""dictSynthesis"": {""avg"": 0.0016400008462369442, ""count"": 1, ""max"": 0.0016400008462369442, ""min"": 0.0016400008462369442}, ""episodeBpeMerge"": {""avg"": 148.2051569619216, ""count"": 1, ""max"": 148.2051569619216, ""min"": 148.2051569619216}, ""episodeFormatting"": {""avg"": 0.6032704841345549, ""count"": 2, ""max"": 0.6831329665146768, ""min"": 0.5234080017544329}, ""episodeTotal"": {""avg"": 670.5049370066263, ""count"": 1, ""max"": 670.5049370066263, ""min"": 670.5049370066263}, ""learning"": {""avg"": 12.818442017305642, ""count"": 1, ""max"": 12.818442017305642, ""min"": 12.818442017305642}, ""placement"": {""avg"": 0.21969980094581842, ""count"": 25, ""max"": 0.3270539455115795, ""min"": 0.1529220025986433}, ""policyInference"": {""avg"": 0.13770589721389115, ""count"": 10, ""max"": 0.1782149774953723, ""min"": 0.1044620294123888}, ""shapeSynthesis"": {""avg"": 7.690120399153481, ""count"": 15, ""max"": 18.62289698328823, ""min"": 3.556076029781252}, ""stepTotal"": {""avg"": 43.189181201159954, ""count"": 10, ""max"": 60.7144070090726, ""min"": 19.812637008726597}, ""terminalMetrics"": {""avg"": 67.05275998683646, ""count"": 1, ""max"": 67.05275998683646, ""min"": 67.05275998683646}}"
1,v0.8.1,/home/ramazan/tmp/Discrete Building Generator/v0.8.1,812,cpu,1,12,13,0.7643361029913649,11,10,0.05094844498671591,0.15963373449631035,42.0694,16.987702437538264,0.3342303622332261,0.7891316447047954,40.0,6.0,43.073265075683594,4441.0,True,0.0,0,0.0,27.0,7.0,9.0,9.0,1.0,0.25,2.0,0.13507930197562287,0.5004024235381879,90f8265212093ef6088b14385f38f1b6dde857287a93d4fd3d000468c0fa3844,b3faec48e7955e94c32a3bdb7bf31d10b9def86ef9997ef574bec7f8cf2da5bb,83b9f7926b12072071ab727e95a997754215fbd270d22bbfa55ecb2c1f6fb8be,"{""core"": 8, ""room"": 32}","{""aggregateTerminal"": {""avg"": 0.08190801599994302, ""count"": 1, ""max"": 0.08190801599994302, ""min"": 0.08190801599994302}, ""bpeMerge"": {""avg"": 0.0, ""count"": 10, ""max"": 0.0, ""min"": 0.0}, ""candidateGeneration"": {""avg"": 28.985865827417, ""count"": 40, ""max"": 62.258095014840364, ""min"": 0.8453999762423337}, ""cgAnchorSearch"": {""avg"": 0.4545115225482732, ""count"": 68, ""max"": 2.153807901777327, ""min"": 0.0}, ""cgEdgeAlignment"": {""avg"": 1.050423602767599, ""count"": 48, ""max"": 3.7862389581277966, ""min"": 0.0}, ""cgFeatureExtraction"": {""avg"": 1.0834487851146453, ""count"": 48, ""max"": 4.651178198400885, ""min"": 0.0}, ""cgNeighborAnalysis"": {""avg"": 1.7060446455919493, ""count"": 48, ""max"": 10.715294978581369, ""min"": 0.0}, ""cgOverlapCollisions"": {""avg"": 13.49239976965085, ""count"": 48, ""max"": 42.88925777655095, ""min"": 0.0}, ""cgSiteBoundary"": {""avg"": 2.654508879156007, ""count"": 48, ""max"": 10.486918210517615, ""min"": 0.0}, ""dictSynthesis"": {""avg"": 0.0016030389815568924, ""count"": 1, ""max"": 0.0016030389815568924, ""min"": 0.0016030389815568924}, ""episodeBpeMerge"": {""avg"": 181.0421830159612, ""count"": 1, ""max"": 181.0421830159612, ""min"": 181.0421830159612}, ""episodeFormatting"": {""avg"": 0.6722300022374839, ""count"": 2, ""max"": 0.7839780300855637, ""min"": 0.5604819743894041}, ""episodeTotal"": {""avg"": 762.715307995677, ""count"": 1, ""max"": 762.715307995677, ""min"": 762.715307995677}, ""learning"": {""avg"": 7.855308009311557, ""count"": 1, ""max"": 7.855308009311557, ""min"": 7.855308009311557}, ""placement"": {""avg"": 0.2092972058830235, ""count"": 34, ""max"": 0.25869300588965416, ""min"": 0.1356370048597455}, ""policyInference"": {""avg"": 0.15734790940769017, ""count"": 10, ""max"": 0.2160019939765334, ""min"": 0.11180504225194454}, ""shapeSynthesis"": {""avg"": 8.293278495936343, ""count"": 6, ""max"": 9.707034972961992, ""min"": 6.156019051559269}, ""stepTotal"": {""avg"": 50.31389559735544, ""count"": 10, ""max"": 65.95709401881322, ""min"": 31.11399704357609}, ""terminalMetrics"": {""avg"": 60.374462977051735, ""count"": 1, ""max"": 60.374462977051735, ""min"": 60.374462977051735}}"
1,v0.8.1,/home/ramazan/tmp/Discrete Building Generator/v0.8.1,812,cpu,1,13,14,0.5026819410268217,11,10,0.033329585974570364,0.11697022948646918,58.9706,37.75473803451339,0.4758472917832874,0.7103941266353069,30.0,5.0,118.47590637207031,1441.0,True,0.0,0,0.0,21.0,5.0,7.0,8.0,0.0,0.0,0.0,0.0,0.5799151714181009,4ddf7156b8027e8d6e7602b74212b3ebffcdfaf6626b0495c82d6db9a6b2ca24,bb1794fcdc32194a40bcdf59d4b0f9ecd42e7c65a5af8185086ac1509424ac22,0cc1a7b014db3a8e6f119d14f3b62dbbc4a1b78c9f1cf5bdc1867bfcc28640f1,"{""core"": 8, ""room"": 22}","{""aggregateTerminal"": {""avg"": 0.08114601951092482, ""count"": 1, ""max"": 0.08114601951092482, ""min"": 0.08114601951092482}, ""bpeMerge"": {""avg"": 0.0, ""count"": 10, ""max"": 0.0, ""min"": 0.0}, ""candidateGeneration"": {""avg"": 15.967485427884668, ""count"": 33, ""max"": 37.388774973805994, ""min"": 0.7553010364063084}, ""cgAnchorSearch"": {""avg"": 0.09833676281201394, ""count"": 147, ""max"": 0.7769119692966342, ""min"": 0.0}, ""cgEdgeAlignment"": {""avg"": 0.4751826943406327, ""count"": 55, ""max"": 2.1247831755317748, ""min"": 0.0}, ""cgFeatureExtraction"": {""avg"": 0.4167274466123093, ""count"": 55, ""max"": 1.6436082078143954, ""min"": 0.0}, ""cgNeighborAnalysis"": {""avg"": 0.44864604715257883, ""count"": 55, ""max"": 6.868930940981954, ""min"": 0.0}, ""cgOverlapCollisions"": {""avg"": 4.965005892286585, ""count"": 55, ""max"": 25.472675682976842, ""min"": 0.0}, ""cgSiteBoundary"": {""avg"": 1.5282050621780483, ""count"": 55, ""max"": 14.775178162381053, ""min"": 0.0}, ""dictSynthesis"": {""avg"": 0.00209402060136199, ""count"": 1, ""max"": 0.00209402060136199, ""min"": 0.00209402060136199}, ""episodeBpeMerge"": {""avg"": 115.01679295906797, ""count"": 1, ""max"": 115.01679295906797, ""min"": 115.01679295906797}, ""episodeFormatting"": {""avg"": 0.511287507833913, ""count"": 2, ""max"": 0.5363079835660756, ""min"": 0.4862670321017504}, ""episodeTotal"": {""avg"": 500.8895209757611, ""count"": 1, ""max"": 500.8895209757611, ""min"": 500.8895209757611}, ""learning"": {""avg"": 11.34365500183776, ""count"": 1, ""max"": 11.34365500183776, ""min"": 11.34365500183776}, ""placement"": {""avg"": 0.2691603993298486, ""count"": 20, ""max"": 0.3680650261230767, ""min"": 0.17979799304157495}, ""policyInference"": {""avg"": 0.13927919790148735, ""count"": 10, ""max"": 0.21330401068553329, ""min"": 0.1001170021481812}, ""shapeSynthesis"": {""avg"": 7.227478920517919, ""count"": 13, ""max"": 11.125209042802453, ""min"": 3.4915849682874978}, ""stepTotal"": {""avg"": 31.24890439794399, ""count"": 10, ""max"": 50.899404974188656, ""min"": 5.511325958650559}, ""terminalMetrics"": {""avg"": 52.3936310200952, ""count"": 1, ""max"": 52.3936310200952, ""min"": 52.3936310200952}}"
1,v0.8.1,/home/ramazan/tmp/Discrete Building Generator/v0.8.1,812,cpu,1,14,15,0.6364310950157233,11,10,0.03731977002462372,0.15322823301539756,42.7573,17.734852164976996,0.3209458498005234,0.7959557044636804,40.0,4.0,76.0591049194336,2133.0,True,0.0,0,0.0,33.0,7.0,11.0,9.0,4.0,1.0,8.0,0.21133631267011715,0.5004024235381879,c2df5588c5bc79fc90da7ae97ad2e40b4883c7b26c98bac58ad7ae5b604d791e,3edf407da5f438f24cd3e8bb08c9371d1189cde3846e13596ee1497d5a7dccc7,847fe8fe106b45ca7310e1af186f56e883329f8e53f4df9e45a708db84a2338e,"{""core"": 8, ""room"": 32}","{""aggregateTerminal"": {""avg"": 0.0691369641572237, ""count"": 1, ""max"": 0.0691369641572237, ""min"": 0.0691369641572237}, ""bpeMerge"": {""avg"": 0.0, ""count"": 10, ""max"": 0.0, ""min"": 0.0}, ""candidateGeneration"": {""avg"": 19.897660570859443, ""count"": 40, ""max"": 41.56475095078349, ""min"": 0.840010994579643}, ""cgAnchorSearch"": {""avg"": 0.18426083782409777, ""count"": 134, ""max"": 0.9970199898816645, ""min"": 0.0}, ""cgEdgeAlignment"": {""avg"": 0.6190772752422069, ""count"": 58, ""max"": 2.8751430218108, ""min"": 0.0}, ""cgFeatureExtraction"": {""avg"": 0.5742645870637277, ""count"": 58, ""max"": 2.667162858415395, ""min"": 0.0}, ""cgNeighborAnalysis"": {""avg"": 0.9192416789652459, ""count"": 58, ""max"": 5.875329952687025, ""min"": 0.0}, ""cgOverlapCollisions"": {""avg"": 8.054423976914379, ""count"": 58, ""max"": 21.918468992225826, ""min"": 0.0}, ""cgSiteBoundary"": {""avg"": 1.275487308358324, ""count"": 58, ""max"": 10.94219193328172, ""min"": 0.0}, ""dictSynthesis"": {""avg"": 0.0016310368664562702, ""count"": 1, ""max"": 0.0016310368664562702, ""min"": 0.0016310368664562702}, ""episodeBpeMerge"": {""avg"": 183.21925099007785, ""count"": 1, ""max"": 183.21925099007785, ""min"": 183.21925099007785}, ""episodeFormatting"": {""avg"": 0.617198005784303, ""count"": 2, ""max"": 0.7183050038293004, ""min"": 0.5160910077393055}, ""episodeTotal"": {""avg"": 634.8420919966884, ""count"": 1, ""max"": 634.8420919966884, ""min"": 634.8420919966884}, ""learning"": {""avg"": 10.456885036546737, ""count"": 1, ""max"": 10.456885036546737, ""min"": 10.456885036546737}, ""placement"": {""avg"": 0.2207747913479548, ""count"": 29, ""max"": 0.44213602086529136, ""min"": 0.14482397818937898}, ""policyInference"": {""avg"": 0.1389227923937142, ""count"": 10, ""max"": 0.19782898016273975, ""min"": 0.10725698666647077}, ""shapeSynthesis"": {""avg"": 6.230194629593329, ""count"": 11, ""max"": 10.871759965084493, ""min"": 3.6754439934156835}, ""stepTotal"": {""avg"": 37.91395399020985, ""count"": 10, ""max"": 55.77555898344144, ""min"": 29.27658800035715}, ""terminalMetrics"": {""avg"": 53.06022200966254, ""count"": 1, ""max"": 53.06022200966254, ""min"": 53.06022200966254}}"
1,v0.8.1,/home/ramazan/tmp/Discrete Building Generator/v0.8.1,812,cpu,1,15,16,0.7336871820152737,11,10,0.04708479600958526,0.15108227395103313,46.2208,17.06432323550289,0.3301545308321494,0.7877384683967573,38.0,4.0,71.40547180175781,3663.0,True,0.0,0,0.0,33.0,7.0,11.0,8.0,2.0,0.5,4.0,0.24084734070435837,0.5146531654289292,d710e10b2d57f9fc2fa58085501a2a33743d5f3438c274da3b1f1cd3566aec4b,d402453c59044a17ebaa9d3c2c633188e0b1dfe9ce840112622923d06f8ae61e,3fbd12c2a32085ee378cc0ab3a1d97c5c361759ef0bf3ce7586ee97b0afcf33d,"{""core"": 8, ""room"": 30}","{""aggregateTerminal"": {""avg"": 0.07279496639966965, ""count"": 1, ""max"": 0.07279496639966965, ""min"": 0.07279496639966965}, ""bpeMerge"": {""avg"": 0.0, ""count"": 10, ""max"": 0.0, ""min"": 0.0}, ""candidateGeneration"": {""avg"": 30.283475029043473, ""count"": 39, ""max"": 58.408530021552, ""min"": 0.885701971128583}, ""cgAnchorSearch"": {""avg"": 0.20947621269720315, ""count"": 131, ""max"": 0.9864758467301726, ""min"": 0.0}, ""cgEdgeAlignment"": {""avg"": 0.8784594935026359, ""count"": 55, ""max"": 2.77678610291332, ""min"": 0.0}, ""cgFeatureExtraction"": {""avg"": 0.943840243218636, ""count"": 55, ""max"": 3.0335018527694046, ""min"": 0.0}, ""cgNeighborAnalysis"": {""avg"": 1.5898572460917586, ""count"": 55, ""max"": 14.241436729207635, ""min"": 0.0}, ""cgOverlapCollisions"": {""avg"": 13.133582181762904, ""count"": 55, ""max"": 48.49642910994589, ""min"": 0.0}, ""cgSiteBoundary"": {""avg"": 1.878730770708485, ""count"": 55, ""max"": 15.072889800649136, ""min"": 0.0}, ""dictSynthesis"": {""avg"": 0.0017569982446730137, ""count"": 1, ""max"": 0.0017569982446730137, ""min"": 0.0017569982446730137}, ""episodeBpeMerge"": {""avg"": 172.82267397968099, ""count"": 1, ""max"": 172.82267397968099, ""min"": 172.82267397968099}, ""episodeFormatting"": {""avg"": 0.6287174765020609, ""count"": 2, ""max"": 0.7169799646362662, ""min"": 0.5404549883678555}, ""episodeTotal"": {""avg"": 731.9916869746521, ""count"": 1, ""max"": 731.9916869746521, ""min"": 731.9916869746521}, ""learning"": {""avg"": 10.149981011636555, ""count"": 1, ""max"": 10.149981011636555, ""min"": 10.149981011636555}, ""placement"": {""avg"": 0.2358591360650186, ""count"": 29, ""max"": 0.3816329990513623, ""min"": 0.15760399401187897}, ""policyInference"": {""avg"": 0.1539988094009459, ""count"": 10, ""max"": 0.22444897331297398, ""min"": 0.12198201147839427}, ""shapeSynthesis"": {""avg"": 6.269536499166861, ""count"": 10, ""max"": 9.558834019117057, ""min"": 3.7132329889573157}, ""stepTotal"": {""avg"": 48.91131448093802, ""count"": 10, ""max"": 65.25929097551852, ""min"": 29.099448991473764}, ""terminalMetrics"": {""avg"": 49.80465897824615, ""count"": 1, ""max"": 49.80465897824615, ""min"": 49.80465897824615}}"
1,v0.8.1,/home/ramazan/tmp/Discrete Building Generator/v0.8.1,812,cpu,1,16,17,0.6375315869809128,11,10,0.040075286000501364,0.14687248450354673,36.6978,14.728386737359031,0.30256737807581885,0.7736061981889748,40.0,4.0,65.76142883300781,2179.0,True,0.0,0,0.0,30.0,8.0,10.0,7.0,4.0,1.0,8.0,0.6081745728296697,0.5004024235381879,f84398df7d9102426cdac9763ab98069c02d13d295d2c61ca8b1adbac1353526,e463103526a5da70059901bc4b80a342a020b34ca30d2ea2e7715b07e30c458a,ab9f014793b25cdba84a5eac0693e9c5d11f9a36ebad3746300fd73251547efc,"{""core"": 8, ""room"": 32}","{""aggregateTerminal"": {""avg"": 0.07069099228829145, ""count"": 1, ""max"": 0.07069099228829145, ""min"": 0.07069099228829145}, ""bpeMerge"": {""avg"": 0.0, ""count"": 10, ""max"": 0.0, ""min"": 0.0}, ""candidateGeneration"": {""avg"": 22.818951422232203, ""count"": 40, ""max"": 81.88146795146167, ""min"": 0.8438939694315195}, ""cgAnchorSearch"": {""avg"": 0.15436179455718957, ""count"": 144, ""max"": 0.7948210113681853, ""min"": 0.0}, ""cgEdgeAlignment"": {""avg"": 0.5668776265035073, ""count"": 60, ""max"": 1.9451560801826417, ""min"": 0.0}, ""cgFeatureExtraction"": {""avg"": 0.5746772832935676, ""count"": 60, ""max"": 2.042806940153241, ""min"": 0.0}, ""cgNeighborAnalysis"": {""avg"": 2.1323875592012578, ""count"": 60, ""max"": 44.65788713423535, ""min"": 0.0}, ""cgOverlapCollisions"": {""avg"": 8.896978765066402, ""count"": 60, ""max"": 61.08355394098908, ""min"": 0.0}, ""cgSiteBoundary"": {""avg"": 1.2673987133894116, ""count"": 60, ""max"": 9.897389099933207, ""min"": 0.0}, ""dictSynthesis"": {""avg"": 0.0018120044842362404, ""count"": 1, ""max"": 0.0018120044842362404, ""min"": 0.0018120044842362404}, ""episodeBpeMerge"": {""avg"": 152.33134699519724, ""count"": 1, ""max"": 152.33134699519724, ""min"": 152.33134699519724}, ""episodeFormatting"": {""avg"": 0.5725615192204714, ""count"": 2, ""max"": 0.6591040291823447, ""min"": 0.4860190092585981}, ""episodeTotal"": {""avg"": 635.8655740041286, ""count"": 1, ""max"": 635.8655740041286, ""min"": 635.8655740041286}, ""learning"": {""avg"": 11.397587019018829, ""count"": 1, ""max"": 11.397587019018829, ""min"": 11.397587019018829}, ""placement"": {""avg"": 0.19860713967188662, ""count"": 28, ""max"": 0.32065098639577627, ""min"": 0.13720302376896143}, ""policyInference"": {""avg"": 0.13883409556001425, ""count"": 10, ""max"": 0.25509996339678764, ""min"": 0.1057820045389235}, ""shapeSynthesis"": {""avg"": 7.855622248219636, ""count"": 12, ""max"": 10.43732394464314, ""min"": 5.224241991527379}, ""stepTotal"": {""avg"": 42.12316219927743, ""count"": 10, ""max"": 84.37967399368063, ""min"": 26.04111301479861}, ""terminalMetrics"": {""avg"": 41.701912006828934, ""count"": 1, ""max"": 41.701912006828934, ""min"": 41.701912006828934}}"
1,v0.8.1,/home/ramazan/tmp/Discrete Building Generator/v0.8.1,812,cpu,1,17,18,0.5740703919436783,11,10,0.04163755796616897,0.11757200647844002,52.551,28.247189927506227,0.41410260387655085,0.7219260838662607,32.0,4.0,85.53870391845703,2985.0,True,0.0,0,0.0,24.0,7.0,8.0,5.0,0.0,0.0,0.0,0.1698275066359554,0.5623351446188083,b327140ad0edda989e9f336473acfee8d89df72ed225566d348b427c2b25d745,8f53389d592f9bb3596c9cad203e1f4af8f441b631eb1f1d8ac06d8c143de3f4,ff84d664df8aed595728d61d8e322eee2b9bc210c894349100d1e5d4e217d383,"{""core"": 8, ""room"": 24}","{""aggregateTerminal"": {""avg"": 0.06652902811765671, ""count"": 1, ""max"": 0.06652902811765671, ""min"": 0.06652902811765671}, ""bpeMerge"": {""avg"": 0.0, ""count"": 10, ""max"": 0.0, ""min"": 0.0}, ""candidateGeneration"": {""avg"": 21.981960506630404, ""count"": 34, ""max"": 56.34052102686837, ""min"": 0.8932470227591693}, ""cgAnchorSearch"": {""avg"": 0.14783111546421424, ""count"": 120, ""max"": 0.940843892749399, ""min"": 0.0}, ""cgEdgeAlignment"": {""avg"": 0.8567380349492081, ""count"": 52, ""max"": 3.07560374494642, ""min"": 0.0}, ""cgFeatureExtraction"": {""avg"": 0.8377795647202919, ""count"": 52, ""max"": 3.009997948538512, ""min"": 0.0}, ""cgNeighborAnalysis"": {""avg"": 0.994535582811715, ""count"": 52, ""max"": 10.057355160824955, ""min"": 0.0}, ""cgOverlapCollisions"": {""avg"": 8.008196563773359, ""count"": 52, ""max"": 42.81015816377476, ""min"": 0.0}, ""cgSiteBoundary"": {""avg"": 1.6996914211911365, ""count"": 52, ""max"": 12.125588778872043, ""min"": 0.0}, ""dictSynthesis"": {""avg"": 0.0017149723134934902, ""count"": 1, ""max"": 0.0017149723134934902, ""min"": 0.0017149723134934902}, ""episodeBpeMerge"": {""avg"": 113.59363299561664, ""count"": 1, ""max"": 113.59363299561664, ""min"": 113.59363299561664}, ""episodeFormatting"": {""avg"": 0.4781680181622505, ""count"": 2, ""max"": 0.5517280078493059, ""min"": 0.40460802847519517}, ""episodeTotal"": {""avg"": 572.4617820233107, ""count"": 1, ""max"": 572.4617820233107, ""min"": 572.4617820233107}, ""learning"": {""avg"": 10.01470402115956, ""count"": 1, ""max"": 10.01470402115956, ""min"": 10.01470402115956}, ""placement"": {""avg"": 0.2465286904581539, ""count"": 23, ""max"": 0.3305250429548323, ""min"": 0.15766196884214878}, ""policyInference"": {""avg"": 0.146425305865705, ""count"": 10, ""max"": 0.24096801644191146, ""min"": 0.09399000555276871}, ""shapeSynthesis"": {""avg"": 7.9008250931193205, ""count"": 11, ""max"": 14.900946989655495, ""min"": 3.518355020787567}, ""stepTotal"": {""avg"": 39.481715607689694, ""count"": 10, ""max"": 63.41318099293858, ""min"": 14.760449004825205}, ""terminalMetrics"": {""avg"": 44.59652997320518, ""count"": 1, ""max"": 44.59652997320518, ""min"": 44.59652997320518}}"
1,v0.8.1,/home/ramazan/tmp/Discrete Building Generator/v0.8.1,812,cpu,1,18,19,0.6141660970170051,11,10,0.04103410098468885,0.13651152700185776,57.587,27.60761982242355,0.40479603014502064,0.762192043912463,37.0,6.0,78.74566650390625,2466.0,True,0.0,0,0.0,30.0,5.0,10.0,9.0,0.0,0.0,0.0,0.0,0.5220770639132397,351df20fec5ffc3b3d5384c26f717105516c658bff0bf7b15abda4c088b9c5cc,b735bf9eb727036c9b53c86b983d16c0855ce6041407223b791d8de642ae2e6f,dffb651089e7790034ab395e3291cf3b469264275063a65b769b09dc0b38fb08,"{""core"": 8, ""room"": 29}","{""aggregateTerminal"": {""avg"": 0.08850899757817388, ""count"": 1, ""max"": 0.08850899757817388, ""min"": 0.08850899757817388}, ""bpeMerge"": {""avg"": 0.0, ""count"": 10, ""max"": 0.0, ""min"": 0.0}, ""candidateGeneration"": {""avg"": 21.029982473823782, ""count"": 38, ""max"": 43.10919699491933, ""min"": 0.8380590006709099}, ""cgAnchorSearch"": {""avg"": 0.21239282796159387, ""count"": 129, ""max"": 1.2367982417345047, ""min"": 0.0}, ""cgEdgeAlignment"": {""avg"": 0.6019363711359647, ""count"": 53, ""max"": 2.1599799511022866, ""min"": 0.0}, ""cgFeatureExtraction"": {""avg"": 0.6369199968417579, ""count"": 53, ""max"": 2.3183528683148324, ""min"": 0.0}, ""cgNeighborAnalysis"": {""avg"": 1.3338720562147364, ""count"": 53, ""max"": 13.440267881378531, ""min"": 0.0}, ""cgOverlapCollisions"": {""avg"": 8.200199928635485, ""count"": 53, ""max"": 31.247726001311094, ""min"": 0.0}, ""cgSiteBoundary"": {""avg"": 1.7727153674470928, ""count"": 53, ""max"": 7.392450119368732, ""min"": 0.0}, ""dictSynthesis"": {""avg"": 0.0021279556676745415, ""count"": 1, ""max"": 0.0021279556676745415, ""min"": 0.0021279556676745415}, ""episodeBpeMerge"": {""avg"": 145.1236570137553, ""count"": 1, ""max"": 145.1236570137553, ""min"": 145.1236570137553}, ""episodeFormatting"": {""avg"": 0.6253895116969943, ""count"": 2, ""max"": 0.7097230409272015, ""min"": 0.5410559824667871}, ""episodeTotal"": {""avg"": 612.4546129722148, ""count"": 1, ""max"": 612.4546129722148, ""min"": 612.4546129722148}, ""learning"": {""avg"": 9.69078199705109, ""count"": 1, ""max"": 9.69078199705109, ""min"": 9.69078199705109}, ""placement"": {""avg"": 0.22921762730995263, ""count"": 27, ""max"": 0.33805298153311014, ""min"": 0.15520298620685935}, ""policyInference"": {""avg"": 0.13893559807911515, ""count"": 10, ""max"": 0.18836098024621606, ""min"": 0.1040060305967927}, ""shapeSynthesis"": {""avg"": 7.1102843910921365, ""count"": 10, ""max"": 10.489321022760123, ""min"": 3.617432957980782}, ""stepTotal"": {""avg"": 38.17732349853031, ""count"": 10, ""max"": 47.92152199661359, ""min"": 20.73214901611209}, ""terminalMetrics"": {""avg"": 65.92251302208751, ""count"": 1, ""max"": 65.92251302208751, ""min"": 65.92251302208751}}"
1,v0.8.1,/home/ramazan/tmp/Discrete Building Generator/v0.8.1,812,cpu,1,19,20,0.7205117259873077,11,10,0.04805355001008138,0.14089341045473702,35.518,11.305737418676362,0.2979967548141116,0.6764073733343422,40.0,6.0,28.455305099487305,3843.0,True,0.0,0,0.0,33.0,7.0,11.0,8.0,4.0,1.0,8.0,0.36485980763772613,0.5004024235381879,b79cd3f6c5df448be0e682b3dd3ad8aa1a81b284c82bcdfff0d48436e9300530,c360ac6b68e887c1ded3f281e20d5c7520c14b9d9a6537668650c0ba6a0e59ab,743612ffa633ed5d46c1e594cbc042447044e74a0bd4210dd87dfa0ac0afcc6e,"{""core"": 8, ""room"": 32}","{""aggregateTerminal"": {""avg"": 0.07926899706944823, ""count"": 1, ""max"": 0.07926899706944823, ""min"": 0.07926899706944823}, ""bpeMerge"": {""avg"": 0.0, ""count"": 10, ""max"": 0.0, ""min"": 0.0}, ""candidateGeneration"": {""avg"": 29.99991707620211, ""count"": 40, ""max"": 56.12665496300906, ""min"": 0.8648119983263314}, ""cgAnchorSearch"": {""avg"": 0.30503512586138265, ""count"": 102, ""max"": 1.2568829697556794, ""min"": 0.0}, ""cgEdgeAlignment"": {""avg"": 1.0001043404918164, ""count"": 50, ""max"": 3.308596380520612, ""min"": 0.0}, ""cgFeatureExtraction"": {""avg"": 0.9723948931787163, ""count"": 50, ""max"": 2.839136286638677, ""min"": 0.0}, ""cgNeighborAnalysis"": {""avg"": 1.27895035315305, ""count"": 50, ""max"": 6.190299871377647, ""min"": 0.0}, ""cgOverlapCollisions"": {""avg"": 14.399801335530356, ""count"": 50, ""max"": 35.33450001850724, ""min"": 0.0}, ""cgSiteBoundary"": {""avg"": 2.747428612783551, ""count"": 50, ""max"": 17.22987473476678, ""min"": 0.0}, ""dictSynthesis"": {""avg"": 0.00195804750546813, ""count"": 1, ""max"": 0.00195804750546813, ""min"": 0.00195804750546813}, ""episodeBpeMerge"": {""avg"": 162.28371299803257, ""count"": 1, ""max"": 162.28371299803257, ""min"": 162.28371299803257}, ""episodeFormatting"": {""avg"": 0.6598930049221963, ""count"": 2, ""max"": 0.7189160096459091, ""min"": 0.6008700001984835}, ""episodeTotal"": {""avg"": 718.949782953132, ""count"": 1, ""max"": 718.949782953132, ""min"": 718.949782953132}, ""learning"": {""avg"": 8.109993010293692, ""count"": 1, ""max"": 8.109993010293692, ""min"": 8.109993010293692}, ""placement"": {""avg"": 0.2181153067795094, ""count"": 32, ""max"": 0.4047469701617956, ""min"": 0.14830700820311904}, ""policyInference"": {""avg"": 0.2273620048072189, ""count"": 10, ""max"": 0.7186559960246086, ""min"": 0.11747604003176093}, ""shapeSynthesis"": {""avg"": 7.571680245746393, ""count"": 8, ""max"": 11.138254019897431, ""min"": 3.226136032026261}, ""stepTotal"": {""avg"": 49.2630009946879, ""count"": 10, ""max"": 62.25325498962775, ""min"": 30.074260022956878}, ""terminalMetrics"": {""avg"": 44.93136901874095, ""count"": 1, ""max"": 44.93136901874095, ""min"": 44.93136901874095}}"
